/*
 Navicat Premium Data Transfer

 Source Server         : 119.45.235.191
 Source Server Type    : MySQL
 Source Server Version : 50737
 Source Host           : 119.45.235.191:3306
 Source Schema         : joolun_ry

 Target Server Type    : MySQL
 Target Server Version : 50737
 File Encoding         : 65001

 Date: 24/07/2024 17:25:24
*/

SET NAMES utf8mb4;
SET FOREIGN_KEY_CHECKS = 0;

-- ----------------------------
-- Table structure for drug_info
-- ----------------------------
DROP TABLE IF EXISTS `drug_info`;
CREATE TABLE `drug_info`  (
  `id` int(11) NOT NULL AUTO_INCREMENT,
  `drug_number` varchar(255) CHARACTER SET utf8mb4 COLLATE utf8mb4_general_ci NOT NULL COMMENT '药包编号',
  `time_remaining` int(11) NOT NULL COMMENT '药包剩余时间',
  `time_duration` int(11) NOT NULL COMMENT '药包时间',
  `equipment_id` int(11) NULL DEFAULT NULL COMMENT '设备id',
  `classify_id` varchar(255) CHARACTER SET utf8mb4 COLLATE utf8mb4_general_ci NOT NULL COMMENT '分类id',
  `merchant_id` varchar(32) CHARACTER SET utf8mb4 COLLATE utf8mb4_general_ci NULL DEFAULT NULL COMMENT '购买商户id',
  `warehouse_status` tinyint(1) NOT NULL COMMENT '仓储状态，是否售出',
  `drug_status` tinyint(1) NOT NULL COMMENT '药包状态：0-未使用，1-已使用，2-已用完',
  `create_time` datetime NOT NULL,
  `update_time` datetime NOT NULL,
  `deleted` tinyint(1) NOT NULL DEFAULT 0,
  PRIMARY KEY (`id`) USING BTREE
) ENGINE = InnoDB AUTO_INCREMENT = 479 CHARACTER SET = utf8mb4 COLLATE = utf8mb4_general_ci ROW_FORMAT = DYNAMIC;

-- ----------------------------
-- Records of drug_info
-- ----------------------------
INSERT INTO `drug_info` VALUES (10, 'YB202312060000000002', 0, 120, 21, '1701169726323716097', NULL, 0, 2, '2023-10-12 11:11:20', '2024-07-23 16:54:50', 0);
INSERT INTO `drug_info` VALUES (11, 'YB202312060000000001', 0, 120, 8, '1701169726323716097', NULL, 0, 2, '2023-10-17 15:05:14', '2024-01-05 17:23:59', 0);
INSERT INTO `drug_info` VALUES (12, 'YB202312060000000003', 0, 120, 8, '1701169726323716097', NULL, 0, 2, '2023-10-17 15:05:14', '2024-01-18 11:32:42', 0);
INSERT INTO `drug_info` VALUES (13, 'YB202312060000000004', 0, 120, 8, '1701169726323716097', NULL, 0, 1, '2023-10-17 15:05:14', '2024-03-13 17:09:18', 0);
INSERT INTO `drug_info` VALUES (14, 'YB202312060000000005', 30, 120, 8, '1701169726323716097', NULL, 0, 1, '2023-10-17 15:05:14', '2024-01-21 10:03:09', 0);
INSERT INTO `drug_info` VALUES (15, 'YB202312060000000006', 0, 120, 8, '1701169726323716097', NULL, 0, 1, '2023-10-17 15:05:14', '2024-03-12 17:09:50', 0);
INSERT INTO `drug_info` VALUES (16, 'YB202312060000000007', 0, 120, 10, '1701169726323716097', NULL, 0, 2, '2023-10-17 15:05:14', '2024-02-02 14:24:17', 0);
INSERT INTO `drug_info` VALUES (17, 'YB202401240000000001', 0, 120, 9, '1701169726323716097', NULL, 0, 2, '2024-01-24 15:17:01', '2024-02-20 15:23:39', 0);
INSERT INTO `drug_info` VALUES (18, 'YB202402020000000001', 0, 120, 8, '1701169726323716097', NULL, 0, 1, '2024-02-02 14:41:23', '2024-03-14 14:04:32', 0);
INSERT INTO `drug_info` VALUES (19, 'YB202402020000000002', 0, 120, 8, '1701169726323716097', NULL, 0, 2, '2024-02-02 14:41:23', '2024-03-11 21:00:50', 0);
INSERT INTO `drug_info` VALUES (20, 'YB202402020000000003', 0, 120, 8, '1701169726323716097', NULL, 0, 2, '2024-02-02 14:41:23', '2024-03-10 20:13:42', 0);
INSERT INTO `drug_info` VALUES (21, 'YB202402020000000004', 0, 120, 20, '1701169726323716097', NULL, 0, 2, '2024-02-02 14:41:23', '2024-05-05 13:32:21', 0);
INSERT INTO `drug_info` VALUES (22, 'YB202402020000000005', 90, 120, 9, '1701169726323716097', NULL, 0, 1, '2024-02-02 14:41:23', '2024-03-08 16:58:50', 0);
INSERT INTO `drug_info` VALUES (23, 'YB202402050000000001', 0, 120, 8, '1701169726323716097', NULL, 0, 1, '2024-02-02 14:41:23', '2024-03-13 14:02:48', 0);
INSERT INTO `drug_info` VALUES (24, 'YB202403010000000001', 0, 120, 10, '1701169726323716097', NULL, 0, 1, '2024-03-12 20:45:16', '2024-03-15 18:15:03', 0);
INSERT INTO `drug_info` VALUES (25, 'YB202403010000000002', 0, 120, 10, '1701169726323716097', NULL, 0, 2, '2024-03-12 20:46:07', '2024-03-15 18:34:42', 0);
INSERT INTO `drug_info` VALUES (26, 'YB202403010000000003', 0, 120, 11, '1701169726323716097', NULL, 0, 2, '2024-03-12 20:47:09', '2024-05-05 15:19:00', 0);
INSERT INTO `drug_info` VALUES (27, 'YB202403140000000001', 20, 120, 23, '1701169726323716097', NULL, 0, 1, '2024-03-12 20:47:09', '2024-05-14 12:12:43', 0);
INSERT INTO `drug_info` VALUES (28, 'YB202403140000000002', 0, 120, 20, '1701169726323716097', NULL, 0, 2, '2024-03-12 20:47:09', '2024-05-05 16:43:05', 0);
INSERT INTO `drug_info` VALUES (29, 'YB202403140000000003', 90, 120, 8, '1701169726323716097', NULL, 0, 1, '2024-03-12 20:47:09', '2024-03-14 14:35:52', 0);
INSERT INTO `drug_info` VALUES (30, 'YB202403140000000004', 0, 120, 20, '1701169726323716097', NULL, 0, 2, '2024-03-12 20:47:09', '2024-05-11 16:08:45', 0);
INSERT INTO `drug_info` VALUES (31, 'YB202403140000000005', 0, 120, 10, '1701169726323716097', NULL, 0, 2, '2024-03-12 20:47:09', '2024-03-20 15:47:44', 0);
INSERT INTO `drug_info` VALUES (32, 'YB202403140000000006', 0, 120, 10, '1701169726323716097', NULL, 0, 1, '2024-03-12 20:47:09', '2024-03-15 18:17:25', 0);
INSERT INTO `drug_info` VALUES (33, 'YB202403140000000007', 0, 120, 15, '1701169726323716097', NULL, 0, 2, '2024-03-12 20:47:09', '2024-05-11 16:36:19', 0);
INSERT INTO `drug_info` VALUES (34, 'YB202403140000000008', 0, 120, 10, '1701169726323716097', NULL, 0, 1, '2024-03-12 20:47:09', '2024-03-15 18:14:37', 0);
INSERT INTO `drug_info` VALUES (35, 'YB202403140000000009', 0, 120, 26, '1701169726323716097', NULL, 0, 2, '2024-03-12 20:47:09', '2024-06-14 10:05:40', 0);
INSERT INTO `drug_info` VALUES (36, 'YB202402050000000010', 0, 120, 27, '1701169726323716097', NULL, 0, 2, '2024-02-02 14:41:23', '2024-06-11 11:30:35', 0);
INSERT INTO `drug_info` VALUES (37, 'YB202403150000000006', 0, 120, 28, '1701169726323716097', NULL, 0, 2, '2024-03-12 20:47:09', '2024-05-22 18:38:16', 0);
INSERT INTO `drug_info` VALUES (38, 'YB202403150000000005', 0, 120, 29, '1701169726323716097', NULL, 0, 2, '2024-03-12 20:47:09', '2024-07-05 11:36:27', 0);
INSERT INTO `drug_info` VALUES (39, 'YB202403150000000004', 0, 120, 15, '1701169726323716097', NULL, 0, 2, '2024-03-12 20:47:09', '2024-05-06 11:00:47', 0);
INSERT INTO `drug_info` VALUES (40, 'YB202403150000000003', 0, 120, 10, '1701169726323716097', NULL, 0, 1, '2024-03-12 20:47:09', '2024-03-15 19:11:04', 0);
INSERT INTO `drug_info` VALUES (41, 'YB202403150000000002', 120, 120, 10, '1701169726323716097', NULL, 0, 1, '2024-03-12 20:47:09', '2024-03-15 19:09:48', 0);
INSERT INTO `drug_info` VALUES (42, 'YB202403150000000001', 120, 120, 10, '1701169726323716097', NULL, 0, 1, '2024-03-12 20:47:09', '2024-03-15 19:05:01', 0);
INSERT INTO `drug_info` VALUES (43, 'YB202403150000000007', 0, 120, 11, '1701169726323716097', NULL, 0, 2, '2024-03-12 20:47:09', '2024-04-24 14:26:14', 0);
INSERT INTO `drug_info` VALUES (44, 'YB202403150000000008', 0, 120, 10, '1701169726323716097', NULL, 0, 2, '2024-03-12 20:47:09', '2024-03-15 19:11:53', 0);
INSERT INTO `drug_info` VALUES (45, 'YB202403150000000009', 120, 120, 10, '1701169726323716097', NULL, 0, 1, '2024-03-12 20:47:09', '2024-03-15 19:11:59', 0);
INSERT INTO `drug_info` VALUES (46, 'YB202403180000000001', 0, 120, 10, '1701169726323716097', NULL, 0, 2, '2024-03-18 18:47:09', '2024-07-08 10:09:02', 0);
INSERT INTO `drug_info` VALUES (47, 'YB202403180000000002', 0, 120, 14, '1701169726323716097', NULL, 0, 2, '2024-03-18 18:47:09', '2024-06-13 15:59:00', 0);
INSERT INTO `drug_info` VALUES (48, 'YB202403180000000003', 0, 120, 11, '1701169726323716097', NULL, 0, 1, '2024-03-18 18:47:09', '2024-04-24 11:51:38', 0);
INSERT INTO `drug_info` VALUES (49, 'YB202403180000000004', 0, 120, 20, '1701169726323716097', NULL, 0, 2, '2024-03-18 18:47:09', '2024-04-30 16:51:37', 0);
INSERT INTO `drug_info` VALUES (50, 'YB202403180000000005', 0, 120, 21, '1701169726323716097', NULL, 0, 2, '2024-03-18 18:47:09', '2024-06-09 14:26:52', 0);
INSERT INTO `drug_info` VALUES (51, 'YB202403180000000006', 0, 120, 22, '1701169726323716097', NULL, 0, 2, '2024-03-18 18:47:09', '2024-05-20 13:38:34', 0);
INSERT INTO `drug_info` VALUES (52, 'YB202403180000000007', 0, 120, 23, '1701169726323716097', NULL, 0, 2, '2024-03-18 18:47:09', '2024-05-11 09:57:34', 0);
INSERT INTO `drug_info` VALUES (53, 'YB202403180000000008', 0, 120, 24, '1701169726323716097', NULL, 0, 2, '2024-03-18 18:47:09', '2024-06-01 14:03:26', 0);
INSERT INTO `drug_info` VALUES (54, 'YB202403180000000009', 0, 120, 25, '1701169726323716097', NULL, 0, 2, '2024-03-18 18:47:09', '2024-07-09 10:36:36', 0);
INSERT INTO `drug_info` VALUES (55, 'YB202403180000000010', 0, 20, 10, '1701169726323716097', NULL, 0, 2, '2024-03-18 18:47:09', '2024-03-28 14:31:21', 0);
INSERT INTO `drug_info` VALUES (56, 'YB202403280000000001', 0, 120, 15, '1701169726323716097', NULL, 0, 2, '2024-03-28 18:10:54', '2024-06-13 16:28:33', 0);
INSERT INTO `drug_info` VALUES (57, 'YB202403280000000002', 120, 120, 16, '1701169726323716097', NULL, 0, 1, '2024-03-28 18:11:00', '2024-04-24 16:10:43', 0);
INSERT INTO `drug_info` VALUES (58, 'YB202403280000000003', 0, 120, 17, '1701169726323716097', NULL, 0, 2, '2024-03-28 18:11:05', '2024-06-14 17:02:50', 0);
INSERT INTO `drug_info` VALUES (59, 'YB202403280000000004', 0, 120, 18, '1701169726323716097', NULL, 0, 2, '2024-03-28 18:11:08', '2024-05-23 19:35:56', 0);
INSERT INTO `drug_info` VALUES (60, 'YB202403280000000005', 0, 120, 19, '1701169726323716097', NULL, 0, 2, '2024-03-28 18:11:10', '2024-06-08 21:35:48', 0);
INSERT INTO `drug_info` VALUES (61, 'YB202404250000000001', 0, 120, 30, '1701169726323716097', NULL, 0, 2, '2024-03-12 20:47:09', '2024-04-25 14:33:47', 0);
INSERT INTO `drug_info` VALUES (62, 'YB202404250000000002', 100, 120, 30, '1701169726323716097', NULL, 0, 1, '2024-03-12 20:47:09', '2024-07-04 12:01:23', 0);
INSERT INTO `drug_info` VALUES (63, 'YB202404250000000003', 0, 120, 31, '1701169726323716097', NULL, 0, 2, '2024-03-12 20:47:09', '2024-06-09 09:48:34', 0);
INSERT INTO `drug_info` VALUES (64, 'YB202404250000000004', 0, 120, 32, '1701169726323716097', NULL, 0, 2, '2024-03-12 20:47:09', '2024-07-04 12:05:23', 0);
INSERT INTO `drug_info` VALUES (65, 'YB202404250000000005', 0, 120, 33, '1701169726323716097', NULL, 0, 2, '2024-03-12 20:47:09', '2024-07-04 15:59:26', 0);
INSERT INTO `drug_info` VALUES (66, 'YB202404250000000006', 120, 120, 34, '1701169726323716097', NULL, 0, 1, '2024-03-12 20:47:09', '2024-04-25 15:12:31', 0);
INSERT INTO `drug_info` VALUES (67, 'YB202404250000000007', 0, 120, 35, '1701169726323716097', NULL, 0, 2, '2024-03-12 20:47:09', '2024-06-08 20:59:02', 0);
INSERT INTO `drug_info` VALUES (68, 'YB202404250000000008', 0, 120, 36, '1701169726323716097', NULL, 0, 2, '2024-03-12 20:47:09', '2024-07-10 11:16:32', 0);
INSERT INTO `drug_info` VALUES (69, 'YB202404250000000009', 0, 120, 37, '1701169726323716097', NULL, 0, 2, '2024-03-12 20:47:09', '2024-07-10 10:48:35', 0);
INSERT INTO `drug_info` VALUES (70, 'YB202404250000000010', 0, 120, 38, '1701169726323716097', NULL, 0, 2, '2024-03-12 20:47:09', '2024-07-03 11:12:48', 0);
INSERT INTO `drug_info` VALUES (71, 'YB202404250000000011', 100, 120, 39, '1701169726323716097', NULL, 0, 1, '2024-03-12 20:47:09', '2024-06-28 16:48:43', 0);
INSERT INTO `drug_info` VALUES (72, 'YB202404250000000012', 120, 120, 40, '1701169726323716097', NULL, 0, 1, '2024-03-12 20:47:09', '2024-04-25 16:11:26', 0);
INSERT INTO `drug_info` VALUES (73, 'YB202404250000000013', 0, 120, 41, '1701169726323716097', NULL, 0, 2, '2024-03-12 20:47:09', '2024-06-26 12:33:51', 0);
INSERT INTO `drug_info` VALUES (74, 'YB202404250000000014', 0, 120, 43, '1701169726323716097', NULL, 0, 2, '2024-03-12 20:47:09', '2024-06-18 12:14:36', 0);
INSERT INTO `drug_info` VALUES (75, 'YB202404250000000015', 0, 120, 42, '1701169726323716097', NULL, 0, 2, '2024-03-12 20:47:09', '2024-07-03 11:08:51', 0);
INSERT INTO `drug_info` VALUES (76, 'YB202404250000000016', 0, 120, 20, '1701169726323716097', NULL, 0, 2, '2024-03-12 20:47:09', '2024-05-04 19:43:53', 0);
INSERT INTO `drug_info` VALUES (77, 'YB202404250000000017', 0, 120, 44, '1701169726323716097', NULL, 0, 2, '2024-03-12 20:47:09', '2024-05-06 16:11:13', 0);
INSERT INTO `drug_info` VALUES (78, 'YB202404250000000018', 0, 120, 11, '1701169726323716097', NULL, 0, 2, '2024-03-12 20:47:09', '2024-05-05 09:52:42', 0);
INSERT INTO `drug_info` VALUES (79, 'YB202404250000000019', 0, 120, 20, '1701169726323716097', NULL, 0, 2, '2024-03-12 20:47:09', '2024-05-04 19:24:14', 0);
INSERT INTO `drug_info` VALUES (80, 'YB202404250000000020', 0, 120, 20, '1701169726323716097', NULL, 0, 2, '2024-03-12 20:47:09', '2024-04-30 17:44:55', 0);
INSERT INTO `drug_info` VALUES (81, 'YB202405060000000001', 0, 120, 15, '1701169726323716097', NULL, 0, 2, '2024-05-06 11:13:58', '2024-05-06 13:20:11', 0);
INSERT INTO `drug_info` VALUES (82, 'YB202405060000000002', 0, 120, 15, '1701169726323716097', NULL, 0, 2, '2024-05-06 11:14:05', '2024-05-06 18:40:15', 0);
INSERT INTO `drug_info` VALUES (83, 'YB202405060000000003', 0, 120, 11, '1701169726323716097', NULL, 0, 2, '2024-05-06 11:14:09', '2024-05-07 13:38:06', 0);
INSERT INTO `drug_info` VALUES (84, 'YB202405060000000004', 0, 120, 44, '1701169726323716097', NULL, 0, 2, '2024-05-06 11:14:12', '2024-05-11 15:32:59', 0);
INSERT INTO `drug_info` VALUES (85, 'YB202405060000000005', 0, 120, 20, '1701169726323716097', NULL, 0, 2, '2024-05-06 11:14:14', '2024-05-07 14:50:07', 0);
INSERT INTO `drug_info` VALUES (86, 'YB202405060000000006', 0, 120, 11, '1701169726323716097', NULL, 0, 2, '2024-05-06 11:14:16', '2024-07-04 15:55:11', 0);
INSERT INTO `drug_info` VALUES (87, 'YB202405060000000007', 0, 120, 20, '1701169726323716097', NULL, 0, 2, '2024-05-06 11:14:18', '2024-05-12 13:14:26', 0);
INSERT INTO `drug_info` VALUES (88, 'YB202405060000000008', 0, 120, 20, '1701169726323716097', NULL, 0, 2, '2024-05-06 11:14:20', '2024-05-07 17:54:31', 0);
INSERT INTO `drug_info` VALUES (89, 'YB202405060000000009', 0, 120, 44, '1701169726323716097', NULL, 0, 2, '2024-05-06 11:14:23', '2024-05-11 16:36:36', 0);
INSERT INTO `drug_info` VALUES (90, 'YB202405060000000010', 0, 120, 20, '1701169726323716097', NULL, 0, 2, '2024-05-06 11:14:26', '2024-05-11 13:20:05', 0);
INSERT INTO `drug_info` VALUES (91, 'YB202405060000000011', 0, 120, 23, '1701169726323716097', NULL, 0, 2, '2024-05-06 11:14:28', '2024-05-11 13:40:04', 0);
INSERT INTO `drug_info` VALUES (92, 'YB202405060000000012', 0, 120, 15, '1701169726323716097', NULL, 0, 2, '2024-05-06 11:14:30', '2024-05-11 13:02:36', 0);
INSERT INTO `drug_info` VALUES (93, 'YB202405060000000013', 0, 120, 20, '1701169726323716097', NULL, 0, 2, '2024-05-06 11:14:32', '2024-05-10 10:49:28', 0);
INSERT INTO `drug_info` VALUES (94, 'YB202405060000000014', 0, 120, 15, '1701169726323716097', NULL, 0, 2, '2024-05-06 11:14:35', '2024-05-08 11:24:06', 0);
INSERT INTO `drug_info` VALUES (95, 'YB202405060000000015', 0, 120, 15, '1701169726323716097', NULL, 0, 2, '2024-05-06 11:14:36', '2024-05-14 17:54:56', 0);
INSERT INTO `drug_info` VALUES (96, 'YB202405060000000016', 0, 120, 20, '1701169726323716097', NULL, 0, 2, '2024-05-06 11:14:40', '2024-05-08 11:03:17', 0);
INSERT INTO `drug_info` VALUES (97, 'YB202405060000000017', 0, 120, 15, '1701169726323716097', NULL, 0, 2, '2024-05-06 11:14:42', '2024-05-07 18:32:22', 0);
INSERT INTO `drug_info` VALUES (98, 'YB202405060000000018', 0, 120, 23, '1701169726323716097', NULL, 0, 2, '2024-05-06 11:14:44', '2024-05-14 16:25:46', 0);
INSERT INTO `drug_info` VALUES (99, 'YB202405060000000019', 0, 120, 20, '1701169726323716097', NULL, 0, 2, '2024-05-06 11:14:46', '2024-05-14 15:35:44', 0);
INSERT INTO `drug_info` VALUES (100, 'YB202405060000000020', 0, 120, 23, '1701169726323716097', NULL, 0, 2, '2024-05-06 11:14:50', '2024-05-14 17:33:59', 0);
INSERT INTO `drug_info` VALUES (101, 'YB202405110000000001', 0, 120, 44, '1701169726323716097', NULL, 0, 2, '2024-05-11 16:45:36', '2024-05-11 16:51:54', 0);
INSERT INTO `drug_info` VALUES (102, 'YB202405110000000002', 0, 120, 44, '1701169726323716097', NULL, 0, 2, '2024-05-11 16:45:42', '2024-05-11 16:55:55', 0);
INSERT INTO `drug_info` VALUES (103, 'YB202405110000000003', 0, 120, 44, '1701169726323716097', NULL, 0, 2, '2024-05-11 16:45:46', '2024-05-11 16:58:14', 0);
INSERT INTO `drug_info` VALUES (104, 'YB202405110000000004', 0, 120, 44, '1701169726323716097', NULL, 0, 2, '2024-05-11 16:45:52', '2024-05-11 16:58:55', 0);
INSERT INTO `drug_info` VALUES (105, 'YB202405110000000005', 0, 120, 44, '1701169726323716097', NULL, 0, 2, '2024-05-11 16:45:54', '2024-05-11 17:01:52', 0);
INSERT INTO `drug_info` VALUES (106, 'YB202405110000000006', 0, 120, 44, '1701169726323716097', NULL, 0, 2, '2024-05-11 16:45:55', '2024-05-11 17:02:16', 0);
INSERT INTO `drug_info` VALUES (107, 'YB202405110000000007', 0, 120, 44, '1701169726323716097', NULL, 0, 2, '2024-05-11 16:45:59', '2024-05-11 17:02:48', 0);
INSERT INTO `drug_info` VALUES (108, 'YB202405110000000008', 0, 120, 44, '1701169726323716097', NULL, 0, 2, '2024-05-11 16:46:01', '2024-05-11 17:03:27', 0);
INSERT INTO `drug_info` VALUES (109, 'YB202405110000000009', 0, 120, 44, '1701169726323716097', NULL, 0, 2, '2024-05-11 16:46:03', '2024-05-11 17:05:11', 0);
INSERT INTO `drug_info` VALUES (110, 'YB202405110000000010', 0, 120, 44, '1701169726323716097', NULL, 0, 2, '2024-05-11 16:46:07', '2024-05-11 17:12:19', 0);
INSERT INTO `drug_info` VALUES (111, 'YB202405110000000011', 20, 120, 24, '1701169726323716097', NULL, 0, 1, '2024-05-11 16:46:10', '2024-07-24 14:17:14', 0);
INSERT INTO `drug_info` VALUES (112, 'YB202405110000000012', 0, 120, 23, '1701169726323716097', NULL, 0, 2, '2024-05-11 16:46:12', '2024-05-17 10:19:00', 0);
INSERT INTO `drug_info` VALUES (113, 'YB202405110000000013', 0, 120, 13, '1701169726323716097', NULL, 0, 2, '2024-05-11 16:46:14', '2024-06-18 12:24:58', 0);
INSERT INTO `drug_info` VALUES (114, 'YB202405110000000014', 0, 120, 17, '1701169726323716097', NULL, 0, 2, '2024-05-11 16:46:16', '2024-06-18 12:06:58', 0);
INSERT INTO `drug_info` VALUES (115, 'YB202405110000000015', 120, 120, 15, '1701169726323716097', NULL, 0, 1, '2024-05-11 16:46:18', '2024-05-16 15:24:15', 0);
INSERT INTO `drug_info` VALUES (116, 'YB202405110000000016', 0, 120, 23, '1701169726323716097', NULL, 0, 2, '2024-05-11 16:46:20', '2024-05-16 17:46:15', 0);
INSERT INTO `drug_info` VALUES (117, 'YB202405110000000017', 0, 120, 23, '1701169726323716097', NULL, 0, 2, '2024-05-11 16:46:22', '2024-05-15 15:13:26', 0);
INSERT INTO `drug_info` VALUES (118, 'YB202405110000000018', 0, 120, 20, '1701169726323716097', NULL, 0, 2, '2024-05-11 16:46:24', '2024-05-17 13:11:26', 0);
INSERT INTO `drug_info` VALUES (119, 'YB202405110000000019', 0, 120, 20, '1701169726323716097', NULL, 0, 2, '2024-05-11 16:46:26', '2024-05-14 17:37:03', 0);
INSERT INTO `drug_info` VALUES (120, 'YB202405110000000020', 0, 120, 44, '1701169726323716097', NULL, 0, 2, '2024-05-11 16:46:30', '2024-05-11 17:18:24', 0);
INSERT INTO `drug_info` VALUES (121, 'YB202405110000000021', 0, 120, 44, '1701169726323716097', NULL, 0, 2, '2024-05-11 16:46:30', '2024-05-11 17:19:05', 0);
INSERT INTO `drug_info` VALUES (122, 'YB202405110000000022', 0, 120, 44, '1701169726323716097', NULL, 0, 2, '2024-05-11 16:46:30', '2024-05-11 17:22:45', 0);
INSERT INTO `drug_info` VALUES (123, 'YB202405110000000023', 0, 120, 44, '1701169726323716097', NULL, 0, 2, '2024-05-11 16:46:30', '2024-05-11 17:26:04', 0);
INSERT INTO `drug_info` VALUES (124, 'YB202405110000000024', 0, 120, 44, '1701169726323716097', NULL, 0, 2, '2024-05-11 16:46:30', '2024-05-11 17:28:51', 0);
INSERT INTO `drug_info` VALUES (125, 'YB202405110000000025', 0, 120, 44, '1701169726323716097', NULL, 0, 2, '2024-05-11 16:46:30', '2024-05-11 17:29:43', 0);
INSERT INTO `drug_info` VALUES (126, 'YB202405110000000026', 0, 120, 44, '1701169726323716097', NULL, 0, 2, '2024-05-11 16:46:30', '2024-05-11 17:32:30', 0);
INSERT INTO `drug_info` VALUES (127, 'YB202405110000000027', 0, 120, 44, '1701169726323716097', NULL, 0, 2, '2024-05-11 16:46:30', '2024-05-11 17:33:44', 0);
INSERT INTO `drug_info` VALUES (128, 'YB202405110000000028', 0, 120, 44, '1701169726323716097', NULL, 0, 2, '2024-05-11 16:46:30', '2024-05-11 17:51:09', 0);
INSERT INTO `drug_info` VALUES (129, 'YB202405110000000029', 0, 120, 44, '1701169726323716097', NULL, 0, 2, '2024-05-11 16:46:30', '2024-05-11 17:51:34', 0);
INSERT INTO `drug_info` VALUES (130, 'YB202405110000000030', 0, 120, 44, '1701169726323716097', NULL, 0, 2, '2024-05-11 16:46:30', '2024-05-11 17:53:00', 0);
INSERT INTO `drug_info` VALUES (131, 'YB202405110000000031', 0, 120, 44, '1701169726323716097', NULL, 0, 2, '2024-05-11 16:46:30', '2024-05-13 15:05:02', 0);
INSERT INTO `drug_info` VALUES (132, 'YB202405110000000032', 0, 120, 44, '1701169726323716097', NULL, 0, 2, '2024-05-11 16:46:30', '2024-05-13 15:05:56', 0);
INSERT INTO `drug_info` VALUES (133, 'YB202405110000000033', 0, 120, 44, '1701169726323716097', NULL, 0, 2, '2024-05-11 16:46:30', '2024-05-14 17:22:23', 0);
INSERT INTO `drug_info` VALUES (134, 'YB202405110000000034', 120, 120, 44, '1701169726323716097', NULL, 0, 1, '2024-05-11 16:46:30', '2024-05-14 17:33:57', 0);
INSERT INTO `drug_info` VALUES (135, 'YB202405110000000035', 0, 120, 31, '1701169726323716097', NULL, 0, 2, '2024-05-11 16:46:30', '2024-06-13 17:58:10', 0);
INSERT INTO `drug_info` VALUES (136, 'YB202405110000000036', 0, 120, 14, '1701169726323716097', NULL, 0, 2, '2024-05-11 16:46:30', '2024-06-13 17:59:29', 0);
INSERT INTO `drug_info` VALUES (137, 'YB202405110000000037', 0, 120, 13, '1701169726323716097', NULL, 0, 2, '2024-05-11 16:46:30', '2024-06-13 18:31:32', 0);
INSERT INTO `drug_info` VALUES (138, 'YB202405110000000038', 0, 120, 19, '1701169726323716097', NULL, 0, 2, '2024-05-11 16:46:30', '2024-06-13 20:24:50', 0);
INSERT INTO `drug_info` VALUES (139, 'YB202405110000000039', 0, 120, 12, '1701169726323716097', NULL, 0, 2, '2024-05-11 16:46:30', '2024-06-18 11:56:06', 0);
INSERT INTO `drug_info` VALUES (140, 'YB202405110000000040', 0, 120, 13, '1701169726323716097', NULL, 0, 2, '2024-05-11 16:46:30', '2024-06-14 13:22:57', 0);
INSERT INTO `drug_info` VALUES (141, 'YB202405110000000041', 0, 120, 14, '1701169726323716097', NULL, 0, 2, '2024-05-11 16:46:30', '2024-06-14 12:11:55', 0);
INSERT INTO `drug_info` VALUES (142, 'YB202405110000000042', 0, 120, 21, '1701169726323716097', NULL, 0, 2, '2024-05-11 16:46:30', '2024-06-14 11:07:47', 0);
INSERT INTO `drug_info` VALUES (143, 'YB202405110000000043', 0, 120, 19, '1701169726323716097', NULL, 0, 2, '2024-05-11 16:46:30', '2024-06-14 16:53:46', 0);
INSERT INTO `drug_info` VALUES (144, 'YB202405110000000044', 0, 120, 27, '1701169726323716097', NULL, 0, 2, '2024-05-11 16:46:30', '2024-06-14 17:00:17', 0);
INSERT INTO `drug_info` VALUES (145, 'YB202405110000000045', 10, 120, 10, '1701169726323716097', NULL, 0, 1, '2024-05-11 16:46:30', '2024-07-23 09:28:56', 0);
INSERT INTO `drug_info` VALUES (146, 'YB202405110000000046', 110, 120, 46, '1701169726323716097', NULL, 0, 1, '2024-05-11 16:46:30', '2024-06-14 12:14:43', 0);
INSERT INTO `drug_info` VALUES (147, 'YB202405110000000047', 0, 120, 14, '1701169726323716097', NULL, 0, 2, '2024-05-11 16:46:30', '2024-06-17 11:43:46', 0);
INSERT INTO `drug_info` VALUES (148, 'YB202405110000000048', 0, 120, 26, '1701169726323716097', NULL, 0, 2, '2024-05-11 16:46:30', '2024-06-14 14:20:49', 0);
INSERT INTO `drug_info` VALUES (149, 'YB202405110000000049', 0, 120, 21, '1701169726323716097', NULL, 0, 2, '2024-05-11 16:46:30', '2024-06-14 14:36:42', 0);
INSERT INTO `drug_info` VALUES (150, 'YB202405110000000050', 0, 120, 21, '1701169726323716097', NULL, 0, 2, '2024-05-11 16:46:30', '2024-07-23 16:55:24', 0);
INSERT INTO `drug_info` VALUES (151, 'YB202405160000000001', 0, 120, 18, '1701169726323716097', NULL, 0, 2, '2024-05-11 16:46:30', '2024-06-09 21:07:31', 0);
INSERT INTO `drug_info` VALUES (152, 'YB202405160000000002', 0, 120, 20, '1701169726323716097', NULL, 0, 2, '2024-05-11 16:46:30', '2024-06-01 15:20:32', 0);
INSERT INTO `drug_info` VALUES (153, 'YB202405160000000003', 0, 120, 23, '1701169726323716097', NULL, 0, 2, '2024-05-11 16:46:30', '2024-07-05 10:59:34', 0);
INSERT INTO `drug_info` VALUES (154, 'YB202405160000000004', 40, 120, 22, '1701169726323716097', NULL, 0, 1, '2024-05-11 16:46:30', '2024-05-27 12:30:09', 0);
INSERT INTO `drug_info` VALUES (155, 'YB202405160000000005', 0, 120, 28, '1701169726323716097', NULL, 0, 2, '2024-05-11 16:46:30', '2024-05-27 16:49:04', 0);
INSERT INTO `drug_info` VALUES (156, 'YB202405160000000006', 0, 120, 20, '1701169726323716097', NULL, 0, 2, '2024-05-11 16:46:30', '2024-05-27 16:58:17', 0);
INSERT INTO `drug_info` VALUES (157, 'YB202405160000000007', 0, 120, 18, '1701169726323716097', NULL, 0, 2, '2024-05-11 16:46:30', '2024-05-27 17:33:18', 0);
INSERT INTO `drug_info` VALUES (158, 'YB202405160000000008', 0, 120, 20, '1701169726323716097', NULL, 0, 2, '2024-05-11 16:46:30', '2024-05-23 21:59:02', 0);
INSERT INTO `drug_info` VALUES (159, 'YB202405160000000009', 0, 120, 38, '1701169726323716097', NULL, 0, 2, '2024-05-11 16:46:30', '2024-07-18 09:47:06', 0);
INSERT INTO `drug_info` VALUES (160, 'YB202405160000000010', 0, 120, 20, '1701169726323716097', NULL, 0, 2, '2024-05-11 16:46:30', '2024-05-26 18:31:45', 0);
INSERT INTO `drug_info` VALUES (161, 'YB202405160000000011', 0, 120, 28, '1701169726323716097', NULL, 0, 2, '2024-05-11 16:46:30', '2024-05-26 20:24:15', 0);
INSERT INTO `drug_info` VALUES (162, 'YB202405160000000012', 0, 120, 8, '1701169726323716097', NULL, 0, 2, '2024-05-11 16:46:30', '2024-07-08 17:59:44', 0);
INSERT INTO `drug_info` VALUES (163, 'YB202405160000000013', 0, 120, 18, '1701169726323716097', NULL, 0, 2, '2024-05-11 16:46:30', '2024-05-26 18:21:31', 0);
INSERT INTO `drug_info` VALUES (164, 'YB202405160000000014', 80, 120, 20, '1701169726323716097', NULL, 0, 1, '2024-05-11 16:46:30', '2024-05-24 15:24:49', 0);
INSERT INTO `drug_info` VALUES (165, 'YB202405160000000015', 0, 120, 22, '1701169726323716097', NULL, 0, 2, '2024-05-11 16:46:30', '2024-05-26 21:01:57', 0);
INSERT INTO `drug_info` VALUES (166, 'YB202405160000000016', 0, 120, 18, '1701169726323716097', NULL, 0, 2, '2024-05-11 16:46:30', '2024-05-24 15:20:32', 0);
INSERT INTO `drug_info` VALUES (167, 'YB202405160000000017', 0, 120, 23, '1701169726323716097', NULL, 0, 2, '2024-05-11 16:46:30', '2024-05-27 10:35:25', 0);
INSERT INTO `drug_info` VALUES (168, 'YB202405160000000018', 0, 120, 23, '1701169726323716097', NULL, 0, 2, '2024-05-11 16:46:30', '2024-05-20 14:12:40', 0);
INSERT INTO `drug_info` VALUES (169, 'YB202405160000000019', 0, 120, 20, '1701169726323716097', NULL, 0, 2, '2024-05-11 16:46:30', '2024-05-21 19:02:32', 0);
INSERT INTO `drug_info` VALUES (170, 'YB202405160000000020', 0, 120, 23, '1701169726323716097', NULL, 0, 2, '2024-05-11 16:46:30', '2024-05-17 12:25:52', 0);
INSERT INTO `drug_info` VALUES (171, 'YB202405270000000001', 0, 120, 28, '1701169726323716097', NULL, 0, 2, '2024-05-11 16:46:30', '2024-05-27 19:58:06', 0);
INSERT INTO `drug_info` VALUES (172, 'YB202405270000000002', 0, 120, 20, '1701169726323716097', NULL, 0, 2, '2024-05-11 16:46:30', '2024-05-27 20:06:28', 0);
INSERT INTO `drug_info` VALUES (173, 'YB202405270000000003', 0, 120, 18, '1701169726323716097', NULL, 0, 2, '2024-05-11 16:46:30', '2024-05-27 19:50:19', 0);
INSERT INTO `drug_info` VALUES (174, 'YB202405270000000004', 0, 120, 18, '1701169726323716097', NULL, 0, 2, '2024-05-11 16:46:30', '2024-05-28 15:09:04', 0);
INSERT INTO `drug_info` VALUES (175, 'YB202405270000000005', 0, 120, 28, '1701169726323716097', NULL, 0, 2, '2024-05-11 16:46:30', '2024-05-28 14:04:32', 0);
INSERT INTO `drug_info` VALUES (176, 'YB202405270000000006', 70, 120, 20, '1701169726323716097', NULL, 0, 1, '2024-05-11 16:46:30', '2024-05-28 13:16:46', 0);
INSERT INTO `drug_info` VALUES (177, 'YB202405270000000007', 120, 120, NULL, '1701169726323716097', NULL, 0, 0, '2024-05-11 16:46:30', '2024-05-11 16:46:30', 0);
INSERT INTO `drug_info` VALUES (178, 'YB202405270000000008', 0, 120, 20, '1701169726323716097', NULL, 0, 2, '2024-05-11 16:46:30', '2024-05-29 17:54:25', 0);
INSERT INTO `drug_info` VALUES (179, 'YB202405270000000009', 0, 120, 18, '1701169726323716097', NULL, 0, 2, '2024-05-11 16:46:30', '2024-05-29 16:14:22', 0);
INSERT INTO `drug_info` VALUES (180, 'YB202405270000000010', 0, 120, 18, '1701169726323716097', NULL, 0, 2, '2024-05-11 16:46:30', '2024-05-31 10:29:14', 0);
INSERT INTO `drug_info` VALUES (181, 'YB202405270000000011', 0, 120, 20, '1701169726323716097', NULL, 0, 2, '2024-05-11 16:46:30', '2024-05-30 15:32:32', 0);
INSERT INTO `drug_info` VALUES (182, 'YB202405270000000012', 0, 120, 20, '1701169726323716097', NULL, 0, 2, '2024-05-11 16:46:30', '2024-05-31 11:23:58', 0);
INSERT INTO `drug_info` VALUES (183, 'YB202405270000000013', 0, 120, 18, '1701169726323716097', NULL, 0, 2, '2024-05-11 16:46:30', '2024-05-31 13:20:17', 0);
INSERT INTO `drug_info` VALUES (184, 'YB202405270000000014', 0, 120, 20, '1701169726323716097', NULL, 0, 2, '2024-05-11 16:46:30', '2024-06-01 13:08:44', 0);
INSERT INTO `drug_info` VALUES (185, 'YB202405270000000015', 0, 120, 18, '1701169726323716097', NULL, 0, 2, '2024-05-11 16:46:30', '2024-06-01 14:33:07', 0);
INSERT INTO `drug_info` VALUES (186, 'YB202405270000000016', 0, 120, 18, '1701169726323716097', NULL, 0, 2, '2024-05-11 16:46:30', '2024-07-10 11:18:36', 0);
INSERT INTO `drug_info` VALUES (187, 'YB202405270000000017', 0, 120, 24, '1701169726323716097', NULL, 0, 2, '2024-05-11 16:46:30', '2024-07-03 09:57:01', 0);
INSERT INTO `drug_info` VALUES (188, 'YB202405270000000018', 0, 120, 20, '1701169726323716097', NULL, 0, 2, '2024-05-11 16:46:30', '2024-06-27 15:04:44', 0);
INSERT INTO `drug_info` VALUES (189, 'YB202405270000000019', 0, 120, 20, '1701169726323716097', NULL, 0, 2, '2024-05-11 16:46:30', '2024-06-07 12:15:13', 0);
INSERT INTO `drug_info` VALUES (190, 'YB202405270000000020', 0, 120, 24, '1701169726323716097', NULL, 0, 2, '2024-05-11 16:46:30', '2024-06-07 12:17:21', 0);
INSERT INTO `drug_info` VALUES (191, 'YB202405270000000021', 0, 120, 35, '1701169726323716097', NULL, 0, 2, '2024-05-11 16:46:30', '2024-06-11 13:14:50', 0);
INSERT INTO `drug_info` VALUES (192, 'YB202405270000000022', 0, 120, 31, '1701169726323716097', NULL, 0, 2, '2024-05-11 16:46:30', '2024-06-13 15:57:44', 0);
INSERT INTO `drug_info` VALUES (193, 'YB202405270000000023', 0, 120, 27, '1701169726323716097', NULL, 0, 2, '2024-05-11 16:46:30', '2024-06-14 09:20:23', 0);
INSERT INTO `drug_info` VALUES (194, 'YB202405270000000024', 0, 120, 21, '1701169726323716097', NULL, 0, 2, '2024-05-11 16:46:30', '2024-06-13 20:07:33', 0);
INSERT INTO `drug_info` VALUES (195, 'YB202405270000000025', 20, 120, 19, '1701169726323716097', NULL, 0, 1, '2024-05-11 16:46:30', '2024-06-11 18:39:32', 0);
INSERT INTO `drug_info` VALUES (196, 'YB202405270000000026', 0, 120, 14, '1701169726323716097', NULL, 0, 2, '2024-05-11 16:46:30', '2024-06-17 13:55:21', 0);
INSERT INTO `drug_info` VALUES (197, 'YB202405270000000027', 0, 120, 26, '1701169726323716097', NULL, 0, 2, '2024-05-11 16:46:30', '2024-06-18 13:17:17', 0);
INSERT INTO `drug_info` VALUES (198, 'YB202405270000000028', 0, 120, 31, '1701169726323716097', NULL, 0, 2, '2024-05-11 16:46:30', '2024-06-18 13:07:36', 0);
INSERT INTO `drug_info` VALUES (199, 'YB202405270000000029', 0, 120, 21, '1701169726323716097', NULL, 0, 2, '2024-05-11 16:46:30', '2024-06-18 13:07:15', 0);
INSERT INTO `drug_info` VALUES (200, 'YB202405270000000030', 0, 120, 19, '1701169726323716097', NULL, 0, 2, '2024-05-11 16:46:30', '2024-06-18 12:43:49', 0);
INSERT INTO `drug_info` VALUES (201, 'YB202406170000000001', 0, 120, 27, '1701169726323716097', NULL, 0, 2, '2024-06-17 11:51:53', '2024-06-18 12:53:31', 0);
INSERT INTO `drug_info` VALUES (202, 'YB202406170000000002', 0, 120, 14, '1701169726323716097', NULL, 0, 2, '2024-06-17 11:52:01', '2024-06-18 12:48:35', 0);
INSERT INTO `drug_info` VALUES (203, 'YB202406170000000003', 0, 120, 17, '1701169726323716097', NULL, 0, 2, '2024-06-17 11:52:04', '2024-06-18 14:35:32', 0);
INSERT INTO `drug_info` VALUES (204, 'YB202406170000000004', 0, 120, 12, '1701169726323716097', NULL, 0, 2, '2024-06-17 11:52:06', '2024-06-18 14:58:21', 0);
INSERT INTO `drug_info` VALUES (205, 'YB202406170000000005', 0, 120, 43, '1701169726323716097', NULL, 0, 2, '2024-06-17 11:52:08', '2024-06-18 14:34:41', 0);
INSERT INTO `drug_info` VALUES (206, 'YB202406170000000006', 0, 120, 13, '1701169726323716097', NULL, 0, 2, '2024-06-17 11:52:11', '2024-06-18 14:49:35', 0);
INSERT INTO `drug_info` VALUES (207, 'YB202406170000000007', 0, 120, 19, '1701169726323716097', NULL, 0, 2, '2024-06-17 11:52:13', '2024-06-18 14:52:45', 0);
INSERT INTO `drug_info` VALUES (208, 'YB202406170000000008', 0, 120, 14, '1701169726323716097', NULL, 0, 2, '2024-06-17 11:52:15', '2024-06-18 14:49:10', 0);
INSERT INTO `drug_info` VALUES (209, 'YB202406170000000009', 0, 120, 31, '1701169726323716097', NULL, 0, 2, '2024-06-17 11:52:19', '2024-06-18 15:12:05', 0);
INSERT INTO `drug_info` VALUES (210, 'YB202406170000000010', 0, 120, 27, '1701169726323716097', NULL, 0, 2, '2024-06-17 11:52:28', '2024-06-18 15:12:49', 0);
INSERT INTO `drug_info` VALUES (211, 'YB202406170000000011', 0, 120, 21, '1701169726323716097', NULL, 0, 2, '2024-06-17 11:52:31', '2024-06-18 15:14:11', 0);
INSERT INTO `drug_info` VALUES (212, 'YB202406170000000012', 0, 120, 26, '1701169726323716097', NULL, 0, 2, '2024-06-17 11:52:33', '2024-06-18 15:21:38', 0);
INSERT INTO `drug_info` VALUES (213, 'YB202406170000000013', 0, 120, 14, '1701169726323716097', NULL, 0, 2, '2024-06-17 11:52:35', '2024-06-18 17:33:41', 0);
INSERT INTO `drug_info` VALUES (214, 'YB202406170000000014', 0, 120, 13, '1701169726323716097', NULL, 0, 2, '2024-06-17 11:52:37', '2024-06-18 17:35:17', 0);
INSERT INTO `drug_info` VALUES (215, 'YB202406170000000015', 0, 120, 31, '1701169726323716097', NULL, 0, 2, '2024-06-17 11:52:39', '2024-06-18 17:51:06', 0);
INSERT INTO `drug_info` VALUES (216, 'YB202406170000000016', 0, 120, 19, '1701169726323716097', NULL, 0, 2, '2024-06-17 11:52:41', '2024-06-18 18:20:33', 0);
INSERT INTO `drug_info` VALUES (217, 'YB202406170000000017', 0, 120, 17, '1701169726323716097', NULL, 0, 2, '2024-06-17 11:52:43', '2024-06-18 19:24:08', 0);
INSERT INTO `drug_info` VALUES (218, 'YB202406170000000018', 0, 120, 31, '1701169726323716097', NULL, 0, 2, '2024-06-17 11:52:45', '2024-06-18 20:11:49', 0);
INSERT INTO `drug_info` VALUES (219, 'YB202406170000000019', 0, 120, 19, '1701169726323716097', NULL, 0, 2, '2024-06-17 11:52:47', '2024-06-18 20:25:25', 0);
INSERT INTO `drug_info` VALUES (220, 'YB202406170000000020', 120, 120, NULL, '1701169726323716097', NULL, 0, 0, '2024-06-17 11:52:51', '2024-06-17 11:52:51', 0);
INSERT INTO `drug_info` VALUES (221, 'YB202406180000000001', 0, 120, 47, '1701169726323716097', NULL, 0, 2, '2024-06-18 17:10:45', '2024-06-18 19:55:10', 0);
INSERT INTO `drug_info` VALUES (222, 'YB202406180000000002', 0, 120, 21, '1701169726323716097', NULL, 0, 2, '2024-06-18 17:10:57', '2024-06-20 19:34:26', 0);
INSERT INTO `drug_info` VALUES (223, 'YB202406180000000003', 0, 120, 26, '1701169726323716097', NULL, 0, 2, '2024-06-18 17:11:00', '2024-06-20 16:27:59', 0);
INSERT INTO `drug_info` VALUES (224, 'YB202406180000000004', 120, 120, 21, '1701169726323716097', NULL, 0, 1, '2024-06-18 17:11:03', '2024-07-24 16:52:46', 0);
INSERT INTO `drug_info` VALUES (225, 'YB202406180000000005', 0, 120, 27, '1701169726323716097', NULL, 0, 2, '2024-06-18 17:11:05', '2024-06-21 12:47:14', 0);
INSERT INTO `drug_info` VALUES (226, 'YB202406180000000006', 0, 120, 12, '1701169726323716097', NULL, 0, 2, '2024-06-18 17:11:07', '2024-06-21 16:05:49', 0);
INSERT INTO `drug_info` VALUES (227, 'YB202406180000000007', 0, 120, 12, '1701169726323716097', NULL, 0, 2, '2024-06-18 17:11:10', '2024-06-23 16:17:46', 0);
INSERT INTO `drug_info` VALUES (228, 'YB202406180000000008', 0, 120, 24, '1701169726323716097', NULL, 0, 2, '2024-06-18 17:11:13', '2024-07-03 14:21:47', 0);
INSERT INTO `drug_info` VALUES (229, 'YB202406180000000009', 0, 120, 38, '1701169726323716097', NULL, 0, 2, '2024-06-18 17:11:15', '2024-07-05 11:46:29', 0);
INSERT INTO `drug_info` VALUES (230, 'YB202406180000000010', 0, 120, 42, '1701169726323716097', NULL, 0, 2, '2024-06-18 17:11:18', '2024-07-04 11:23:17', 0);
INSERT INTO `drug_info` VALUES (231, 'YB202406180000000011', 0, 120, 24, '1701169726323716097', NULL, 0, 2, '2024-06-18 17:11:20', '2024-07-04 16:38:23', 0);
INSERT INTO `drug_info` VALUES (232, 'YB202406180000000012', 0, 120, 21, '1701169726323716097', NULL, 0, 2, '2024-06-18 17:11:36', '2024-07-15 11:55:42', 0);
INSERT INTO `drug_info` VALUES (233, 'YB202406180000000013', 0, 120, 41, '1701169726323716097', NULL, 0, 2, '2024-06-18 17:11:40', '2024-07-13 17:43:09', 0);
INSERT INTO `drug_info` VALUES (234, 'YB202406180000000014', 0, 120, 24, '1701169726323716097', NULL, 0, 2, '2024-06-18 17:12:12', '2024-07-04 19:51:40', 0);
INSERT INTO `drug_info` VALUES (235, 'YB202406180000000015', 0, 120, 12, '1701169726323716097', NULL, 0, 2, '2024-06-18 17:12:14', '2024-07-13 17:19:38', 0);
INSERT INTO `drug_info` VALUES (236, 'YB202406180000000016', 0, 120, 21, '1701169726323716097', NULL, 0, 2, '2024-06-18 17:12:17', '2024-07-13 15:41:17', 0);
INSERT INTO `drug_info` VALUES (237, 'YB202406180000000017', 0, 120, 21, '1701169726323716097', NULL, 0, 2, '2024-06-18 17:12:18', '2024-07-13 16:06:30', 0);
INSERT INTO `drug_info` VALUES (238, 'YB202406180000000018', 0, 120, 24, '1701169726323716097', NULL, 0, 2, '2024-06-18 17:12:20', '2024-07-13 17:31:32', 0);
INSERT INTO `drug_info` VALUES (239, 'YB202406180000000019', 0, 120, 21, '1701169726323716097', NULL, 0, 2, '2024-06-18 17:12:23', '2024-07-13 17:47:10', 0);
INSERT INTO `drug_info` VALUES (240, 'YB202406180000000020', 0, 120, 24, '1701169726323716097', NULL, 0, 2, '2024-06-18 17:12:26', '2024-07-15 12:38:08', 0);
INSERT INTO `drug_info` VALUES (241, 'YB202406180000000021', 0, 720, 14, '1701169726323716097', NULL, 0, 2, '2024-06-18 17:12:56', '2024-06-19 03:51:50', 0);
INSERT INTO `drug_info` VALUES (242, 'YB202406180000000022', 0, 720, 13, '1701169726323716097', NULL, 0, 2, '2024-06-18 17:13:02', '2024-06-19 03:51:44', 0);
INSERT INTO `drug_info` VALUES (243, 'YB202406180000000023', 0, 720, 27, '1701169726323716097', NULL, 0, 2, '2024-06-18 17:13:04', '2024-06-19 03:46:56', 0);
INSERT INTO `drug_info` VALUES (244, 'YB202406180000000024', 0, 720, 21, '1701169726323716097', NULL, 0, 2, '2024-06-18 17:13:06', '2024-06-19 03:46:58', 0);
INSERT INTO `drug_info` VALUES (245, 'YB202406180000000025', 0, 720, 43, '1701169726323716097', NULL, 0, 2, '2024-06-18 17:13:08', '2024-06-19 03:46:39', 0);
INSERT INTO `drug_info` VALUES (246, 'YB202406180000000026', 0, 720, 26, '1701169726323716097', NULL, 0, 2, '2024-06-18 17:13:10', '2024-06-19 03:47:07', 0);
INSERT INTO `drug_info` VALUES (247, 'YB202406180000000027', 0, 720, 12, '1701169726323716097', NULL, 0, 2, '2024-06-18 17:13:13', '2024-06-19 03:46:46', 0);
INSERT INTO `drug_info` VALUES (248, 'YB202406180000000028', 0, 720, 17, '1701169726323716097', NULL, 0, 2, '2024-06-18 17:13:15', '2024-06-19 03:51:36', 0);
INSERT INTO `drug_info` VALUES (249, 'YB202406180000000029', 0, 720, 11, '1701169726323716097', NULL, 0, 2, '2024-06-18 17:13:17', '2024-07-05 18:07:44', 0);
INSERT INTO `drug_info` VALUES (250, 'YB202406180000000030', 0, 720, 29, '1701169726323716097', NULL, 0, 2, '2024-06-18 17:13:21', '2024-07-05 18:07:39', 0);
INSERT INTO `drug_info` VALUES (251, 'YB202406190000000001', 0, 120, 26, '1701169726323716097', NULL, 0, 2, '2024-06-19 20:59:00', '2024-06-21 17:24:05', 0);
INSERT INTO `drug_info` VALUES (252, 'YB202406190000000002', 0, 120, 21, '1701169726323716097', NULL, 0, 2, '2024-06-19 21:01:29', '2024-06-21 16:26:44', 0);
INSERT INTO `drug_info` VALUES (253, 'YB202406190000000003', 0, 120, 43, '1701169726323716097', NULL, 0, 2, '2024-06-19 21:01:32', '2024-07-05 09:26:21', 0);
INSERT INTO `drug_info` VALUES (254, 'YB202406190000000004', 0, 120, 27, '1701169726323716097', NULL, 0, 2, '2024-06-19 21:01:35', '2024-06-26 11:01:20', 0);
INSERT INTO `drug_info` VALUES (255, 'YB202406190000000005', 0, 120, 27, '1701169726323716097', NULL, 0, 2, '2024-06-19 21:01:39', '2024-06-25 19:28:08', 0);
INSERT INTO `drug_info` VALUES (256, 'YB202406190000000006', 0, 120, 12, '1701169726323716097', NULL, 0, 2, '2024-06-19 21:01:42', '2024-06-22 10:30:18', 0);
INSERT INTO `drug_info` VALUES (257, 'YB202406190000000007', 0, 120, 21, '1701169726323716097', NULL, 0, 2, '2024-06-19 21:01:44', '2024-06-22 10:55:19', 0);
INSERT INTO `drug_info` VALUES (258, 'YB202406190000000008', 0, 120, 26, '1701169726323716097', NULL, 0, 2, '2024-06-19 21:01:47', '2024-06-22 11:16:37', 0);
INSERT INTO `drug_info` VALUES (259, 'YB202406190000000009', 0, 120, 12, '1701169726323716097', NULL, 0, 2, '2024-06-19 21:01:49', '2024-06-23 11:15:44', 0);
INSERT INTO `drug_info` VALUES (260, 'YB202406190000000010', 0, 120, 21, '1701169726323716097', NULL, 0, 2, '2024-06-19 21:01:53', '2024-06-23 10:46:32', 0);
INSERT INTO `drug_info` VALUES (261, 'YB202406190000000011', 0, 120, 26, '1701169726323716097', NULL, 0, 2, '2024-06-19 21:01:55', '2024-06-22 15:34:41', 0);
INSERT INTO `drug_info` VALUES (262, 'YB202406190000000012', 0, 120, 26, '1701169726323716097', NULL, 0, 2, '2024-06-19 21:01:57', '2024-06-25 11:13:24', 0);
INSERT INTO `drug_info` VALUES (263, 'YB202406190000000013', 0, 120, 21, '1701169726323716097', NULL, 0, 2, '2024-06-19 21:01:59', '2024-06-23 15:42:31', 0);
INSERT INTO `drug_info` VALUES (264, 'YB202406190000000014', 0, 120, 21, '1701169726323716097', NULL, 0, 2, '2024-06-19 21:02:01', '2024-06-28 08:53:46', 0);
INSERT INTO `drug_info` VALUES (265, 'YB202406190000000015', 0, 120, 14, '1701169726323716097', NULL, 0, 2, '2024-06-19 21:02:03', '2024-06-27 20:36:19', 0);
INSERT INTO `drug_info` VALUES (266, 'YB202406190000000016', 0, 120, 21, '1701169726323716097', NULL, 0, 2, '2024-06-19 21:02:05', '2024-06-25 13:33:38', 0);
INSERT INTO `drug_info` VALUES (267, 'YB202406190000000017', 0, 120, 19, '1701169726323716097', NULL, 0, 2, '2024-06-19 21:02:07', '2024-06-27 20:38:21', 0);
INSERT INTO `drug_info` VALUES (268, 'YB202406190000000018', 0, 120, 27, '1701169726323716097', NULL, 0, 2, '2024-06-19 21:02:09', '2024-07-01 15:58:28', 0);
INSERT INTO `drug_info` VALUES (269, 'YB202406190000000019', 0, 120, 31, '1701169726323716097', NULL, 0, 2, '2024-06-19 21:02:12', '2024-06-27 20:39:29', 0);
INSERT INTO `drug_info` VALUES (270, 'YB202406190000000020', 0, 120, 12, '1701169726323716097', NULL, 0, 2, '2024-06-19 21:02:15', '2024-06-28 15:18:56', 0);
INSERT INTO `drug_info` VALUES (271, 'YB202406190000000021', 0, 120, 20, '1701169726323716097', NULL, 0, 2, '2024-06-19 21:02:15', '2024-06-27 20:41:05', 0);
INSERT INTO `drug_info` VALUES (272, 'YB202406190000000022', 0, 120, 21, '1701169726323716097', NULL, 0, 2, '2024-06-19 21:02:15', '2024-06-28 16:03:13', 0);
INSERT INTO `drug_info` VALUES (273, 'YB202406190000000023', 0, 120, 12, '1701169726323716097', NULL, 0, 2, '2024-06-19 21:02:15', '2024-06-30 15:43:53', 0);
INSERT INTO `drug_info` VALUES (274, 'YB202406190000000024', 0, 120, 26, '1701169726323716097', NULL, 0, 2, '2024-06-19 21:02:15', '2024-06-26 09:26:32', 0);
INSERT INTO `drug_info` VALUES (275, 'YB202406190000000025', 120, 120, 33, '1701169726323716097', NULL, 0, 1, '2024-06-19 21:02:15', '2024-07-10 10:41:53', 0);
INSERT INTO `drug_info` VALUES (276, 'YB202406190000000026', 0, 120, 21, '1701169726323716097', NULL, 0, 2, '2024-06-19 21:02:15', '2024-06-29 12:04:12', 0);
INSERT INTO `drug_info` VALUES (277, 'YB202406190000000027', 0, 120, 21, '1701169726323716097', NULL, 0, 2, '2024-06-19 21:02:15', '2024-06-30 14:12:02', 0);
INSERT INTO `drug_info` VALUES (278, 'YB202406190000000028', 0, 120, 21, '1701169726323716097', NULL, 0, 2, '2024-06-19 21:02:15', '2024-06-26 10:10:55', 0);
INSERT INTO `drug_info` VALUES (279, 'YB202406190000000029', 0, 120, 12, '1701169726323716097', NULL, 0, 2, '2024-06-19 21:02:15', '2024-07-04 10:12:41', 0);
INSERT INTO `drug_info` VALUES (280, 'YB202406190000000030', 0, 120, 12, '1701169726323716097', NULL, 0, 2, '2024-06-19 21:02:15', '2024-06-29 18:08:35', 0);
INSERT INTO `drug_info` VALUES (281, 'YB202406190000000031', 0, 120, 20, '1701169726323716097', NULL, 0, 2, '2024-06-19 21:02:15', '2024-07-10 10:51:21', 0);
INSERT INTO `drug_info` VALUES (282, 'YB202406190000000032', 0, 120, 26, '1701169726323716097', NULL, 0, 2, '2024-06-19 21:02:15', '2024-07-21 14:18:43', 0);
INSERT INTO `drug_info` VALUES (283, 'YB202406190000000033', 0, 120, 21, '1701169726323716097', NULL, 0, 2, '2024-06-19 21:02:15', '2024-06-30 11:22:33', 0);
INSERT INTO `drug_info` VALUES (284, 'YB202406190000000034', 0, 120, 21, '1701169726323716097', NULL, 0, 2, '2024-06-19 21:02:15', '2024-06-29 16:46:01', 0);
INSERT INTO `drug_info` VALUES (285, 'YB202406190000000035', 0, 120, 21, '1701169726323716097', NULL, 0, 2, '2024-06-19 21:02:15', '2024-07-01 13:30:23', 0);
INSERT INTO `drug_info` VALUES (286, 'YB202406190000000036', 0, 120, 27, '1701169726323716097', NULL, 0, 2, '2024-06-19 21:02:15', '2024-07-06 13:55:25', 0);
INSERT INTO `drug_info` VALUES (287, 'YB202406190000000037', 0, 120, 21, '1701169726323716097', NULL, 0, 2, '2024-06-19 21:02:15', '2024-07-02 14:37:39', 0);
INSERT INTO `drug_info` VALUES (288, 'YB202406190000000038', 0, 120, 21, '1701169726323716097', NULL, 0, 2, '2024-06-19 21:02:15', '2024-07-04 10:00:53', 0);
INSERT INTO `drug_info` VALUES (289, 'YB202406190000000039', 0, 120, 12, '1701169726323716097', NULL, 0, 2, '2024-06-19 21:02:15', '2024-07-15 11:55:29', 0);
INSERT INTO `drug_info` VALUES (290, 'YB202406190000000040', 0, 120, 21, '1701169726323716097', NULL, 0, 2, '2024-06-19 21:02:15', '2024-07-02 08:05:38', 0);
INSERT INTO `drug_info` VALUES (291, 'YB202406190000000041', 0, 120, 12, '1701169726323716097', NULL, 0, 2, '2024-06-19 21:02:15', '2024-06-29 10:14:36', 0);
INSERT INTO `drug_info` VALUES (292, 'YB202406190000000042', 0, 120, 32, '1701169726323716097', NULL, 0, 2, '2024-06-19 21:02:15', '2024-07-10 11:09:05', 0);
INSERT INTO `drug_info` VALUES (293, 'YB202406190000000043', 0, 120, 27, '1701169726323716097', NULL, 0, 2, '2024-06-19 21:02:15', '2024-07-05 17:29:58', 0);
INSERT INTO `drug_info` VALUES (294, 'YB202406190000000044', 0, 120, 21, '1701169726323716097', NULL, 0, 2, '2024-06-19 21:02:15', '2024-07-04 18:10:30', 0);
INSERT INTO `drug_info` VALUES (295, 'YB202406190000000045', 0, 120, 12, '1701169726323716097', NULL, 0, 2, '2024-06-19 21:02:15', '2024-07-04 14:11:02', 0);
INSERT INTO `drug_info` VALUES (296, 'YB202406190000000046', 0, 120, 12, '1701169726323716097', NULL, 0, 2, '2024-06-19 21:02:15', '2024-07-05 13:51:15', 0);
INSERT INTO `drug_info` VALUES (297, 'YB202406190000000047', 0, 120, 21, '1701169726323716097', NULL, 0, 2, '2024-06-19 21:02:15', '2024-07-05 17:16:46', 0);
INSERT INTO `drug_info` VALUES (298, 'YB202406190000000048', 0, 120, 43, '1701169726323716097', NULL, 0, 2, '2024-06-19 21:02:15', '2024-07-05 12:10:56', 0);
INSERT INTO `drug_info` VALUES (299, 'YB202406190000000049', 0, 120, 43, '1701169726323716097', NULL, 0, 2, '2024-06-19 21:02:15', '2024-07-06 12:27:25', 0);
INSERT INTO `drug_info` VALUES (300, 'YB202406190000000050', 0, 120, 21, '1701169726323716097', NULL, 0, 2, '2024-06-19 21:02:15', '2024-07-06 16:01:55', 0);
INSERT INTO `drug_info` VALUES (301, 'YB202406190000000051', 0, 120, 43, '1701169726323716097', NULL, 0, 2, '2024-06-19 21:02:15', '2024-07-07 17:16:42', 0);
INSERT INTO `drug_info` VALUES (302, 'YB202406190000000052', 0, 120, 12, '1701169726323716097', NULL, 0, 2, '2024-06-19 21:02:15', '2024-07-07 09:44:20', 0);
INSERT INTO `drug_info` VALUES (303, 'YB202406190000000053', 0, 120, 21, '1701169726323716097', NULL, 0, 2, '2024-06-19 21:02:15', '2024-07-05 20:16:23', 0);
INSERT INTO `drug_info` VALUES (304, 'YB202406190000000054', 0, 120, 21, '1701169726323716097', NULL, 0, 2, '2024-06-19 21:02:15', '2024-07-10 15:01:31', 0);
INSERT INTO `drug_info` VALUES (305, 'YB202406190000000055', 0, 120, 43, '1701169726323716097', NULL, 0, 2, '2024-06-19 21:02:15', '2024-07-09 17:23:37', 0);
INSERT INTO `drug_info` VALUES (306, 'YB202406190000000056', 0, 120, 27, '1701169726323716097', NULL, 0, 2, '2024-06-19 21:02:15', '2024-07-21 15:09:39', 0);
INSERT INTO `drug_info` VALUES (307, 'YB202406190000000057', 0, 120, 21, '1701169726323716097', NULL, 0, 2, '2024-06-19 21:02:15', '2024-07-11 09:37:53', 0);
INSERT INTO `drug_info` VALUES (308, 'YB202406190000000058', 0, 120, 21, '1701169726323716097', NULL, 0, 2, '2024-06-19 21:02:15', '2024-07-02 10:24:43', 0);
INSERT INTO `drug_info` VALUES (309, 'YB202406190000000059', 0, 120, 12, '1701169726323716097', NULL, 0, 2, '2024-06-19 21:02:15', '2024-07-06 13:36:55', 0);
INSERT INTO `drug_info` VALUES (310, 'YB202406270000000001', 0, 240, 14, '1701169726323716097', NULL, 0, 2, '2024-06-27 10:01:49', '2024-06-27 18:10:20', 0);
INSERT INTO `drug_info` VALUES (312, 'YB202406270000000002', 230, 240, 13, '1701169726323716097', NULL, 0, 1, '2024-06-27 10:02:08', '2024-06-27 14:08:00', 0);
INSERT INTO `drug_info` VALUES (313, 'YB202406270000000003', 240, 240, 17, '1701169726323716097', NULL, 0, 1, '2024-06-27 10:02:13', '2024-06-27 14:08:07', 0);
INSERT INTO `drug_info` VALUES (314, 'YB202406270000000004', 0, 240, 19, '1701169726323716097', NULL, 0, 2, '2024-06-27 10:02:15', '2024-06-27 18:21:31', 0);
INSERT INTO `drug_info` VALUES (315, 'YB202406270000000005', 0, 240, 31, '1701169726323716097', NULL, 0, 2, '2024-06-27 10:02:17', '2024-06-27 18:28:15', 0);
INSERT INTO `drug_info` VALUES (316, 'YB202406270000000006', 0, 240, 38, '1701169726323716097', NULL, 0, 2, '2024-06-27 10:02:21', '2024-07-10 10:26:03', 0);
INSERT INTO `drug_info` VALUES (317, 'YB202406270000000007', 0, 240, 29, '1701169726323716097', NULL, 0, 2, '2024-06-27 10:02:23', '2024-07-10 10:39:39', 0);
INSERT INTO `drug_info` VALUES (318, 'YB202406270000000008', 0, 240, 42, '1701169726323716097', NULL, 0, 2, '2024-06-27 10:02:26', '2024-07-09 13:41:12', 0);
INSERT INTO `drug_info` VALUES (319, 'YB202406270000000009', 0, 240, 25, '1701169726323716097', NULL, 0, 2, '2024-06-27 10:02:28', '2024-07-09 14:36:57', 0);
INSERT INTO `drug_info` VALUES (320, 'YB202406270000000010', 240, 240, NULL, '1701169726323716097', NULL, 0, 0, '2024-06-27 10:02:32', '2024-06-27 10:02:32', 0);
INSERT INTO `drug_info` VALUES (321, 'YB202406180000000031', 0, 720, 33, '1701169726323716097', NULL, 0, 2, '2024-06-18 17:13:21', '2024-07-10 10:36:06', 0);
INSERT INTO `drug_info` VALUES (322, 'YB202406180000000032', 0, 360, 38, '1701169726323716097', NULL, 0, 2, '2024-06-18 17:13:21', '2024-07-05 18:07:37', 0);
INSERT INTO `drug_info` VALUES (323, 'YB202407060000000001', 120, 120, 23, '1701169726323716097', NULL, 0, 1, '2024-06-19 21:02:15', '2024-07-10 10:49:29', 0);
INSERT INTO `drug_info` VALUES (324, 'YB202407060000000002', 0, 120, 21, '1701169726323716097', NULL, 0, 2, '2024-06-19 21:02:15', '2024-07-06 20:00:41', 0);
INSERT INTO `drug_info` VALUES (325, 'YB202407060000000003', 0, 120, 43, '1701169726323716097', NULL, 0, 2, '2024-06-19 21:02:15', '2024-07-08 15:03:48', 0);
INSERT INTO `drug_info` VALUES (326, 'YB202407060000000004', 0, 120, 43, '1701169726323716097', NULL, 0, 2, '2024-06-19 21:02:15', '2024-07-08 10:13:33', 0);
INSERT INTO `drug_info` VALUES (327, 'YB202407060000000005', 0, 120, 43, '1701169726323716097', NULL, 0, 2, '2024-06-19 21:02:15', '2024-07-10 16:44:31', 0);
INSERT INTO `drug_info` VALUES (328, 'YB202407060000000006', 0, 120, 21, '1701169726323716097', NULL, 0, 2, '2024-06-19 21:02:15', '2024-07-07 16:36:25', 0);
INSERT INTO `drug_info` VALUES (329, 'YB202407060000000007', 0, 120, 43, '1701169726323716097', NULL, 0, 2, '2024-06-19 21:02:15', '2024-07-08 19:41:19', 0);
INSERT INTO `drug_info` VALUES (330, 'YB202407060000000008', 0, 120, 21, '1701169726323716097', NULL, 0, 2, '2024-06-19 21:02:15', '2024-07-09 13:26:54', 0);
INSERT INTO `drug_info` VALUES (331, 'YB202407060000000009', 120, 120, 31, '1701169726323716097', NULL, 0, 1, '2024-06-19 21:02:15', '2024-07-10 09:22:48', 0);
INSERT INTO `drug_info` VALUES (332, 'YB202407060000000010', 0, 120, 12, '1701169726323716097', NULL, 0, 2, '2024-06-19 21:02:15', '2024-07-08 10:08:33', 0);
INSERT INTO `drug_info` VALUES (333, 'YB202407060000000011', 0, 120, 21, '1701169726323716097', NULL, 0, 2, '2024-06-19 21:02:15', '2024-07-09 09:09:15', 0);
INSERT INTO `drug_info` VALUES (334, 'YB202407060000000012', 0, 120, 21, '1701169726323716097', NULL, 0, 2, '2024-06-19 21:02:15', '2024-07-10 09:21:28', 0);
INSERT INTO `drug_info` VALUES (335, 'YB202407060000000013', 0, 120, 12, '1701169726323716097', NULL, 0, 2, '2024-06-19 21:02:15', '2024-07-11 09:13:48', 0);
INSERT INTO `drug_info` VALUES (336, 'YB202407060000000014', 0, 120, 21, '1701169726323716097', NULL, 0, 2, '2024-06-19 21:02:15', '2024-07-08 09:44:20', 0);
INSERT INTO `drug_info` VALUES (337, 'YB202407060000000015', 0, 120, 9, '1701169726323716097', NULL, 0, 2, '2024-06-19 21:02:15', '2024-07-08 16:26:57', 0);
INSERT INTO `drug_info` VALUES (338, 'YB202407060000000016', 0, 120, 12, '1701169726323716097', NULL, 0, 2, '2024-06-19 21:02:15', '2024-07-10 09:54:04', 0);
INSERT INTO `drug_info` VALUES (339, 'YB202407060000000017', 0, 120, 9, '1701169726323716097', NULL, 0, 2, '2024-06-19 21:02:15', '2024-07-08 17:35:04', 0);
INSERT INTO `drug_info` VALUES (340, 'YB202407060000000018', 0, 120, 21, '1701169726323716097', NULL, 0, 2, '2024-06-19 21:02:15', '2024-07-08 15:18:17', 0);
INSERT INTO `drug_info` VALUES (341, 'YB202407060000000019', 0, 120, 24, '1701169726323716097', NULL, 0, 2, '2024-06-19 21:02:15', '2024-07-09 17:51:19', 0);
INSERT INTO `drug_info` VALUES (342, 'YB202407060000000020', 0, 120, 12, '1701169726323716097', NULL, 0, 2, '2024-06-19 21:02:15', '2024-07-09 13:58:26', 0);
INSERT INTO `drug_info` VALUES (343, 'YB202407060000000021', 0, 120, 11, '1701169726323716097', NULL, 0, 2, '2024-06-19 21:02:15', '2024-07-12 14:06:12', 0);
INSERT INTO `drug_info` VALUES (344, 'YB202407060000000022', 0, 120, 12, '1701169726323716097', NULL, 0, 2, '2024-06-19 21:02:15', '2024-07-09 09:08:56', 0);
INSERT INTO `drug_info` VALUES (345, 'YB202407060000000023', 0, 120, 43, '1701169726323716097', NULL, 0, 2, '2024-06-19 21:02:15', '2024-07-09 09:28:50', 0);
INSERT INTO `drug_info` VALUES (346, 'YB202407060000000024', 0, 120, 43, '1701169726323716097', NULL, 0, 2, '2024-06-19 21:02:15', '2024-07-10 11:38:37', 0);
INSERT INTO `drug_info` VALUES (347, 'YB202407090000000001', 0, 240, 42, '1701169726323716097', NULL, 0, 2, '2024-07-09 14:29:34', '2024-07-09 18:26:10', 0);
INSERT INTO `drug_info` VALUES (348, 'YB202407090000000002', 0, 240, 25, '1701169726323716097', NULL, 0, 2, '2024-07-09 14:29:39', '2024-07-09 18:26:15', 0);
INSERT INTO `drug_info` VALUES (349, 'YB202407090000000003', 0, 240, 12, '1701169726323716097', NULL, 0, 2, '2024-07-09 14:29:42', '2024-07-15 09:52:40', 0);
INSERT INTO `drug_info` VALUES (350, 'YB202407090000000004', 240, 240, NULL, '1701169726323716097', NULL, 0, 0, '2024-07-09 14:29:44', '2024-07-09 14:29:44', 0);
INSERT INTO `drug_info` VALUES (351, 'YB202407090000000005', 0, 240, 20, '1701169726323716097', NULL, 0, 2, '2024-07-09 14:29:46', '2024-07-10 11:09:05', 0);
INSERT INTO `drug_info` VALUES (352, 'YB202407100000000001', 120, 120, NULL, '1701169726323716097', NULL, 0, 0, '2024-07-10 15:18:09', '2024-07-10 15:18:09', 0);
INSERT INTO `drug_info` VALUES (353, 'YB202407100000000002', 0, 120, 43, '1701169726323716097', NULL, 0, 2, '2024-07-10 15:18:16', '2024-07-11 10:05:13', 0);
INSERT INTO `drug_info` VALUES (354, 'YB202407100000000003', 0, 120, 12, '1701169726323716097', NULL, 0, 2, '2024-07-10 15:18:20', '2024-07-13 15:41:23', 0);
INSERT INTO `drug_info` VALUES (355, 'YB202407100000000004', 0, 120, 37, '1701169726323716097', NULL, 0, 2, '2024-07-10 15:18:23', '2024-07-12 15:45:45', 0);
INSERT INTO `drug_info` VALUES (356, 'YB202407100000000005', 0, 120, 38, '1701169726323716097', NULL, 0, 2, '2024-07-10 15:18:28', '2024-07-12 15:45:48', 0);
INSERT INTO `drug_info` VALUES (357, 'YB202407100000000006', 120, 120, NULL, '1701169726323716097', NULL, 0, 0, '2024-07-10 15:18:31', '2024-07-10 15:18:31', 0);
INSERT INTO `drug_info` VALUES (358, 'YB202407100000000007', 0, 120, 11, '1701169726323716097', NULL, 0, 2, '2024-07-10 15:18:34', '2024-07-13 20:47:06', 0);
INSERT INTO `drug_info` VALUES (359, 'YB202407100000000008', 0, 120, 38, '1701169726323716097', NULL, 0, 2, '2024-07-10 15:18:38', '2024-07-12 14:21:08', 0);
INSERT INTO `drug_info` VALUES (360, 'YB202407100000000009', 0, 120, 20, '1701169726323716097', NULL, 0, 2, '2024-07-10 15:18:40', '2024-07-13 15:13:09', 0);
INSERT INTO `drug_info` VALUES (361, 'YB202407100000000010', 0, 120, 37, '1701169726323716097', NULL, 0, 2, '2024-07-10 15:18:44', '2024-07-14 09:33:44', 0);
INSERT INTO `drug_info` VALUES (362, 'YB202407100000000011', 120, 120, NULL, '1701169726323716097', NULL, 0, 0, '2024-07-10 18:52:13', '2024-07-10 18:52:13', 0);
INSERT INTO `drug_info` VALUES (363, 'YB202407100000000012', 0, 120, 24, '1701169726323716097', NULL, 0, 2, '2024-07-10 18:52:17', '2024-07-12 15:01:40', 0);
INSERT INTO `drug_info` VALUES (364, 'YB202407100000000013', 0, 120, 38, '1701169726323716097', NULL, 0, 2, '2024-07-10 18:52:21', '2024-07-12 13:32:42', 0);
INSERT INTO `drug_info` VALUES (365, 'YB202407100000000014', 0, 120, 18, '1701169726323716097', NULL, 0, 2, '2024-07-10 18:52:23', '2024-07-12 14:15:57', 0);
INSERT INTO `drug_info` VALUES (366, 'YB202407100000000015', 110, 120, 43, '1701169726323716097', NULL, 0, 1, '2024-07-10 18:52:25', '2024-07-11 10:15:49', 0);
INSERT INTO `drug_info` VALUES (367, 'YB202407100000000016', 0, 120, 20, '1701169726323716097', NULL, 0, 2, '2024-07-10 18:52:27', '2024-07-12 14:25:26', 0);
INSERT INTO `drug_info` VALUES (368, 'YB202407100000000017', 0, 120, 18, '1701169726323716097', NULL, 0, 2, '2024-07-10 18:52:29', '2024-07-12 11:22:51', 0);
INSERT INTO `drug_info` VALUES (369, 'YB202407100000000018', 0, 120, 20, '1701169726323716097', NULL, 0, 2, '2024-07-10 18:52:31', '2024-07-12 10:21:49', 0);
INSERT INTO `drug_info` VALUES (370, 'YB202407100000000019', 0, 120, 21, '1701169726323716097', NULL, 0, 2, '2024-07-10 18:52:34', '2024-07-11 13:30:30', 0);
INSERT INTO `drug_info` VALUES (371, 'YB202407100000000020', 0, 120, 43, '1701169726323716097', NULL, 0, 2, '2024-07-10 18:52:38', '2024-07-12 16:57:25', 0);
INSERT INTO `drug_info` VALUES (372, 'YB202407100000000021', 0, 120, 18, '1701169726323716097', NULL, 0, 2, '2024-07-10 18:52:43', '2024-07-12 15:32:40', 0);
INSERT INTO `drug_info` VALUES (373, 'YB202407100000000022', 0, 120, 38, '1701169726323716097', NULL, 0, 2, '2024-07-10 18:52:44', '2024-07-12 15:30:12', 0);
INSERT INTO `drug_info` VALUES (374, 'YB202407100000000023', 0, 120, 12, '1701169726323716097', NULL, 0, 2, '2024-07-10 18:52:46', '2024-07-11 15:07:25', 0);
INSERT INTO `drug_info` VALUES (375, 'YB202407100000000024', 0, 120, 21, '1701169726323716097', NULL, 0, 2, '2024-07-10 18:52:48', '2024-07-13 15:16:18', 0);
INSERT INTO `drug_info` VALUES (376, 'YB202407100000000025', 0, 120, 11, '1701169726323716097', NULL, 0, 2, '2024-07-10 18:52:50', '2024-07-12 14:16:07', 0);
INSERT INTO `drug_info` VALUES (377, 'YB202407100000000026', 0, 120, 11, '1701169726323716097', NULL, 0, 2, '2024-07-10 18:52:52', '2024-07-12 19:44:14', 0);
INSERT INTO `drug_info` VALUES (378, 'YB202407110000000001', 0, 120, 20, '1701169726323716097', NULL, 0, 2, '2024-07-10 18:52:52', '2024-07-13 20:30:28', 0);
INSERT INTO `drug_info` VALUES (379, 'YB202407110000000002', 120, 120, NULL, '1701169726323716097', NULL, 0, 0, '2024-07-10 18:52:52', '2024-07-10 18:52:52', 0);
INSERT INTO `drug_info` VALUES (380, 'YB202407110000000003', 0, 120, 11, '1701169726323716097', NULL, 0, 2, '2024-07-10 18:52:52', '2024-07-14 12:32:57', 0);
INSERT INTO `drug_info` VALUES (381, 'YB202407110000000004', 120, 120, NULL, '1701169726323716097', NULL, 0, 0, '2024-07-10 18:52:52', '2024-07-10 18:52:52', 0);
INSERT INTO `drug_info` VALUES (382, 'YB202407110000000005', 0, 120, 11, '1701169726323716097', NULL, 0, 2, '2024-07-10 18:52:52', '2024-07-21 14:47:02', 0);
INSERT INTO `drug_info` VALUES (383, 'YB202407110000000006', 0, 120, 37, '1701169726323716097', NULL, 0, 2, '2024-07-10 18:52:52', '2024-07-21 15:02:54', 0);
INSERT INTO `drug_info` VALUES (384, 'YB202407110000000007', 120, 120, NULL, '1701169726323716097', NULL, 0, 0, '2024-07-10 18:52:52', '2024-07-10 18:52:52', 0);
INSERT INTO `drug_info` VALUES (385, 'YB202407110000000008', 0, 120, 11, '1701169726323716097', NULL, 0, 2, '2024-07-10 18:52:52', '2024-07-22 09:25:16', 0);
INSERT INTO `drug_info` VALUES (386, 'YB202407110000000009', 0, 120, 20, '1701169726323716097', NULL, 0, 2, '2024-07-10 18:52:52', '2024-07-22 10:05:06', 0);
INSERT INTO `drug_info` VALUES (387, 'YB202407110000000010', 120, 120, NULL, '1701169726323716097', NULL, 0, 0, '2024-07-10 18:52:52', '2024-07-10 18:52:52', 0);
INSERT INTO `drug_info` VALUES (388, 'YB202407110000000011', 110, 120, 38, '1701169726323716097', NULL, 0, 1, '2024-07-10 18:52:52', '2024-07-22 14:44:58', 0);
INSERT INTO `drug_info` VALUES (389, 'YB202407110000000012', 0, 120, 20, '1701169726323716097', NULL, 0, 2, '2024-07-10 18:52:52', '2024-07-24 16:55:37', 0);
INSERT INTO `drug_info` VALUES (390, 'YB202407110000000013', 0, 120, 37, '1701169726323716097', NULL, 0, 2, '2024-07-10 18:52:52', '2024-07-16 09:27:16', 0);
INSERT INTO `drug_info` VALUES (391, 'YB202407110000000014', 0, 120, 11, '1701169726323716097', NULL, 0, 2, '2024-07-10 18:52:52', '2024-07-15 18:51:39', 0);
INSERT INTO `drug_info` VALUES (392, 'YB202407110000000015', 0, 120, 11, '1701169726323716097', NULL, 0, 2, '2024-07-10 18:52:52', '2024-07-15 12:34:08', 0);
INSERT INTO `drug_info` VALUES (393, 'YB202407110000000016', 120, 120, 20, '1701169726323716097', NULL, 0, 1, '2024-07-10 18:52:52', '2024-07-14 17:17:29', 0);
INSERT INTO `drug_info` VALUES (394, 'YB202407110000000017', 0, 120, 20, '1701169726323716097', NULL, 0, 2, '2024-07-10 18:52:52', '2024-07-14 16:46:30', 0);
INSERT INTO `drug_info` VALUES (395, 'YB202407110000000018', 0, 120, 20, '1701169726323716097', NULL, 0, 2, '2024-07-10 18:52:52', '2024-07-15 15:15:30', 0);
INSERT INTO `drug_info` VALUES (396, 'YB202407110000000019', 0, 120, 37, '1701169726323716097', NULL, 0, 2, '2024-07-10 18:52:52', '2024-07-14 12:17:57', 0);
INSERT INTO `drug_info` VALUES (397, 'YB202407110000000020', 0, 120, 37, '1701169726323716097', NULL, 0, 2, '2024-07-10 18:52:52', '2024-07-14 17:44:17', 0);
INSERT INTO `drug_info` VALUES (398, 'YB202407110000000021', 0, 120, 20, '1701169726323716097', NULL, 0, 2, '2024-07-10 18:52:52', '2024-07-14 13:35:23', 0);
INSERT INTO `drug_info` VALUES (399, 'YB202407110000000022', 0, 120, 11, '1701169726323716097', NULL, 0, 2, '2024-07-10 18:52:52', '2024-07-14 17:25:09', 0);
INSERT INTO `drug_info` VALUES (400, 'YB202407110000000023', 120, 120, 12, '1701169726323716097', NULL, 0, 1, '2024-07-10 18:52:52', '2024-07-23 11:33:04', 0);
INSERT INTO `drug_info` VALUES (401, 'YB202407110000000024', 120, 120, NULL, '1701169726323716097', NULL, 0, 0, '2024-07-10 18:52:52', '2024-07-10 18:52:52', 0);
INSERT INTO `drug_info` VALUES (402, 'YB202407110000000025', 0, 120, 20, '1701169726323716097', NULL, 0, 2, '2024-07-10 18:52:52', '2024-07-16 12:49:54', 0);
INSERT INTO `drug_info` VALUES (403, 'YB202407110000000026', 0, 120, 11, '1701169726323716097', NULL, 0, 2, '2024-07-10 18:52:52', '2024-07-20 08:08:47', 0);
INSERT INTO `drug_info` VALUES (404, 'YB202407110000000027', 0, 120, 20, '1701169726323716097', NULL, 0, 2, '2024-07-10 18:52:52', '2024-07-16 18:38:19', 0);
INSERT INTO `drug_info` VALUES (405, 'YB202407110000000028', 0, 120, 37, '1701169726323716097', NULL, 0, 2, '2024-07-10 18:52:52', '2024-07-16 18:40:43', 0);
INSERT INTO `drug_info` VALUES (406, 'YB202407110000000029', 120, 120, NULL, '1701169726323716097', NULL, 0, 0, '2024-07-10 18:52:52', '2024-07-10 18:52:52', 0);
INSERT INTO `drug_info` VALUES (407, 'YB202407110000000030', 0, 120, 37, '1701169726323716097', NULL, 0, 2, '2024-07-10 18:52:52', '2024-07-22 12:32:16', 0);
INSERT INTO `drug_info` VALUES (408, 'YB202407110000000031', 0, 120, 20, '1701169726323716097', NULL, 0, 2, '2024-07-10 18:52:52', '2024-07-16 08:32:09', 0);
INSERT INTO `drug_info` VALUES (409, 'YB202407110000000032', 0, 120, 11, '1701169726323716097', NULL, 0, 2, '2024-07-10 18:52:52', '2024-07-16 10:27:58', 0);
INSERT INTO `drug_info` VALUES (410, 'YB202407110000000033', 60, 120, 37, '1701169726323716097', NULL, 0, 1, '2024-07-10 18:52:52', '2024-07-24 13:16:12', 0);
INSERT INTO `drug_info` VALUES (411, 'YB202407110000000034', 0, 120, 20, '1701169726323716097', NULL, 0, 2, '2024-07-10 18:52:52', '2024-07-22 12:31:44', 0);
INSERT INTO `drug_info` VALUES (412, 'YB202407110000000035', 0, 120, 20, '1701169726323716097', NULL, 0, 2, '2024-07-10 18:52:52', '2024-07-17 13:53:07', 0);
INSERT INTO `drug_info` VALUES (413, 'YB202407110000000036', 0, 120, 11, '1701169726323716097', NULL, 0, 2, '2024-07-10 18:52:52', '2024-07-16 14:35:19', 0);
INSERT INTO `drug_info` VALUES (414, 'YB202407110000000037', 0, 120, 37, '1701169726323716097', NULL, 0, 2, '2024-07-10 18:52:52', '2024-07-16 13:43:38', 0);
INSERT INTO `drug_info` VALUES (415, 'YB202407110000000038', 0, 120, 11, '1701169726323716097', NULL, 0, 2, '2024-07-10 18:52:52', '2024-07-17 09:38:19', 0);
INSERT INTO `drug_info` VALUES (416, 'YB202407110000000039', 0, 120, 20, '1701169726323716097', NULL, 0, 2, '2024-07-10 18:52:52', '2024-07-23 09:22:36', 0);
INSERT INTO `drug_info` VALUES (417, 'YB202407110000000040', 120, 120, NULL, '1701169726323716097', NULL, 0, 0, '2024-07-10 18:52:52', '2024-07-10 18:52:52', 0);
INSERT INTO `drug_info` VALUES (418, 'YB202407110000000041', 120, 120, NULL, '1701169726323716097', NULL, 0, 0, '2024-07-10 18:52:52', '2024-07-10 18:52:52', 0);
INSERT INTO `drug_info` VALUES (419, 'YB202407110000000042', 0, 120, 20, '1701169726323716097', NULL, 0, 2, '2024-07-10 18:52:52', '2024-07-18 17:57:22', 0);
INSERT INTO `drug_info` VALUES (420, 'YB202407110000000043', 120, 120, NULL, '1701169726323716097', NULL, 0, 0, '2024-07-10 18:52:52', '2024-07-10 18:52:52', 0);
INSERT INTO `drug_info` VALUES (421, 'YB202407110000000044', 120, 120, NULL, '1701169726323716097', NULL, 0, 0, '2024-07-10 18:52:52', '2024-07-10 18:52:52', 0);
INSERT INTO `drug_info` VALUES (422, 'YB202407110000000045', 120, 120, NULL, '1701169726323716097', NULL, 0, 0, '2024-07-10 18:52:52', '2024-07-10 18:52:52', 0);
INSERT INTO `drug_info` VALUES (423, 'YB202407110000000046', 0, 120, 20, '1701169726323716097', NULL, 0, 2, '2024-07-10 18:52:52', '2024-07-21 14:38:49', 0);
INSERT INTO `drug_info` VALUES (424, 'YB202407100000000047', 0, 120, 20, '1701169726323716097', NULL, 0, 2, '2024-07-10 18:52:52', '2024-07-19 19:39:16', 0);
INSERT INTO `drug_info` VALUES (425, 'YB202407100000000048', 120, 120, NULL, '1701169726323716097', NULL, 0, 0, '2024-07-10 18:52:52', '2024-07-10 18:52:52', 0);
INSERT INTO `drug_info` VALUES (426, 'YB202407100000000049', 0, 120, 37, '1701169726323716097', NULL, 0, 2, '2024-07-10 18:52:52', '2024-07-20 17:57:31', 0);
INSERT INTO `drug_info` VALUES (427, 'YB202407100000000050', 0, 120, 20, '1701169726323716097', NULL, 0, 2, '2024-07-10 18:52:52', '2024-07-21 09:02:38', 0);
INSERT INTO `drug_info` VALUES (428, 'YB202407100000000051', 0, 120, 37, '1701169726323716097', NULL, 0, 2, '2024-07-10 18:52:52', '2024-07-17 14:13:56', 0);
INSERT INTO `drug_info` VALUES (429, 'YB202407100000000052', 120, 120, NULL, '1701169726323716097', NULL, 0, 0, '2024-07-10 18:52:52', '2024-07-10 18:52:52', 0);
INSERT INTO `drug_info` VALUES (430, 'YB202407100000000053', 0, 120, 37, '1701169726323716097', NULL, 0, 2, '2024-07-10 18:52:52', '2024-07-18 13:26:35', 0);
INSERT INTO `drug_info` VALUES (431, 'YB202407100000000054', 0, 120, 18, '1701169726323716097', NULL, 0, 2, '2024-07-10 18:52:52', '2024-07-18 14:39:06', 0);
INSERT INTO `drug_info` VALUES (432, 'YB202407100000000055', 120, 120, NULL, '1701169726323716097', NULL, 0, 0, '2024-07-10 18:52:52', '2024-07-10 18:52:52', 0);
INSERT INTO `drug_info` VALUES (433, 'YB202407100000000056', 120, 120, NULL, '1701169726323716097', NULL, 0, 0, '2024-07-10 18:52:52', '2024-07-10 18:52:52', 0);
INSERT INTO `drug_info` VALUES (434, 'YB202407100000000057', 0, 120, 11, '1701169726323716097', NULL, 0, 2, '2024-07-10 18:52:52', '2024-07-20 11:23:08', 0);
INSERT INTO `drug_info` VALUES (435, 'YB202407100000000058', 0, 120, 11, '1701169726323716097', NULL, 0, 2, '2024-07-10 18:52:52', '2024-07-19 11:04:00', 0);
INSERT INTO `drug_info` VALUES (436, 'YB202407100000000059', 0, 120, 11, '1701169726323716097', NULL, 0, 2, '2024-07-10 18:52:52', '2024-07-21 09:18:11', 0);
INSERT INTO `drug_info` VALUES (437, 'YB202407100000000060', 0, 120, 37, '1701169726323716097', NULL, 0, 2, '2024-07-10 18:52:52', '2024-07-20 11:21:12', 0);
INSERT INTO `drug_info` VALUES (438, 'YB202407100000000061', 120, 120, NULL, '1701169726323716097', NULL, 0, 0, '2024-07-10 18:52:52', '2024-07-10 18:52:52', 0);
INSERT INTO `drug_info` VALUES (439, 'YB202407100000000062', 0, 120, 11, '1701169726323716097', NULL, 0, 2, '2024-07-10 18:52:52', '2024-07-19 15:20:12', 0);
INSERT INTO `drug_info` VALUES (440, 'YB202407100000000063', 0, 120, 20, '1701169726323716097', NULL, 0, 2, '2024-07-10 18:52:52', '2024-07-19 14:28:12', 0);
INSERT INTO `drug_info` VALUES (441, 'YB202407100000000064', 0, 120, 20, '1701169726323716097', NULL, 0, 2, '2024-07-10 18:52:52', '2024-07-19 10:09:52', 0);
INSERT INTO `drug_info` VALUES (442, 'YB202407100000000065', 0, 120, 37, '1701169726323716097', NULL, 0, 2, '2024-07-10 18:52:52', '2024-07-19 13:23:51', 0);
INSERT INTO `drug_info` VALUES (443, 'YB202407100000000066', 0, 120, 20, '1701169726323716097', NULL, 0, 2, '2024-07-10 18:52:52', '2024-07-23 14:56:33', 0);
INSERT INTO `drug_info` VALUES (444, 'YB202407100000000067', 0, 120, 38, '1701169726323716097', NULL, 0, 2, '2024-07-10 18:52:52', '2024-07-22 14:28:40', 0);
INSERT INTO `drug_info` VALUES (445, 'YB202407100000000068', 30, 120, 18, '1701169726323716097', NULL, 0, 1, '2024-07-10 18:52:52', '2024-07-18 17:08:35', 0);
INSERT INTO `drug_info` VALUES (446, 'YB202407100000000069', 0, 120, 37, '1701169726323716097', NULL, 0, 2, '2024-07-10 18:52:52', '2024-07-18 16:10:19', 0);
INSERT INTO `drug_info` VALUES (447, 'YB202407100000000070', 120, 120, NULL, '1701169726323716097', NULL, 0, 0, '2024-07-10 18:52:52', '2024-07-10 18:52:52', 0);
INSERT INTO `drug_info` VALUES (448, 'YB202407100000000071', 120, 120, NULL, '1701169726323716097', NULL, 0, 0, '2024-07-10 18:52:52', '2024-07-10 18:52:52', 0);
INSERT INTO `drug_info` VALUES (449, 'YB202407100000000072', 0, 120, 38, '1701169726323716097', NULL, 0, 2, '2024-07-10 18:52:52', '2024-07-18 15:25:25', 0);
INSERT INTO `drug_info` VALUES (450, 'YB202407100000000073', 0, 120, 20, '1701169726323716097', NULL, 0, 2, '2024-07-10 18:52:52', '2024-07-24 10:01:02', 0);
INSERT INTO `drug_info` VALUES (451, 'YB202407100000000074', 0, 120, 37, '1701169726323716097', NULL, 0, 2, '2024-07-10 18:52:52', '2024-07-23 14:53:35', 0);
INSERT INTO `drug_info` VALUES (452, 'YB202407100000000075', 0, 120, 20, '1701169726323716097', NULL, 0, 2, '2024-07-10 18:52:52', '2024-07-23 17:29:10', 0);
INSERT INTO `drug_info` VALUES (453, 'YB202407100000000076', 0, 120, 11, '1701169726323716097', NULL, 0, 2, '2024-07-10 18:52:52', '2024-07-24 13:34:15', 0);
INSERT INTO `drug_info` VALUES (454, 'YB202407100000000077', 0, 120, 37, '1701169726323716097', NULL, 0, 2, '2024-07-10 18:52:52', '2024-07-24 11:25:58', 0);
INSERT INTO `drug_info` VALUES (455, 'YB202407100000000078', 0, 120, 11, '1701169726323716097', NULL, 0, 2, '2024-07-10 18:52:52', '2024-07-23 20:02:39', 0);
INSERT INTO `drug_info` VALUES (456, 'YB202407100000000100', 0, 120, 11, '1701169726323716097', NULL, 0, 2, '2024-07-10 18:52:52', '2024-07-23 09:45:07', 0);
INSERT INTO `drug_info` VALUES (457, 'YB202407100000000079', 120, 120, NULL, '1701169726323716097', NULL, 0, 0, '2024-07-10 18:52:52', '2024-07-10 18:52:52', 0);
INSERT INTO `drug_info` VALUES (458, 'YB202407100000000079', 120, 120, NULL, '1701169726323716097', NULL, 0, 0, '2024-07-10 18:52:52', '2024-07-10 18:52:52', 0);
INSERT INTO `drug_info` VALUES (459, 'YB202407100000000080', 0, 120, 11, '1701169726323716097', NULL, 0, 2, '2024-07-10 18:52:52', '2024-07-22 15:47:51', 0);
INSERT INTO `drug_info` VALUES (460, 'YB202407100000000081', 0, 120, 37, '1701169726323716097', NULL, 0, 2, '2024-07-10 18:52:52', '2024-07-22 12:19:14', 0);
INSERT INTO `drug_info` VALUES (461, 'YB202407100000000082', 0, 120, 20, '1701169726323716097', NULL, 0, 2, '2024-07-10 18:52:52', '2024-07-22 12:19:44', 0);
INSERT INTO `drug_info` VALUES (462, 'YB202407100000000083', 120, 120, NULL, '1701169726323716097', NULL, 0, 0, '2024-07-10 18:52:52', '2024-07-10 18:52:52', 0);
INSERT INTO `drug_info` VALUES (463, 'YB202407100000000084', 120, 120, NULL, '1701169726323716097', NULL, 0, 0, '2024-07-10 18:52:52', '2024-07-10 18:52:52', 0);
INSERT INTO `drug_info` VALUES (464, 'YB202407100000000085', 120, 120, 20, '1701169726323716097', NULL, 0, 1, '2024-07-10 18:52:52', '2024-07-24 16:56:56', 0);
INSERT INTO `drug_info` VALUES (465, 'YB202407100000000086', 120, 120, 11, '1701169726323716097', NULL, 0, 1, '2024-07-10 18:52:52', '2024-07-24 13:35:05', 0);
INSERT INTO `drug_info` VALUES (466, 'YB202407100000000087', 120, 120, NULL, '1701169726323716097', NULL, 0, 0, '2024-07-10 18:52:52', '2024-07-10 18:52:52', 0);
INSERT INTO `drug_info` VALUES (467, 'YB202407100000000088', 120, 120, NULL, '1701169726323716097', NULL, 0, 0, '2024-07-10 18:52:52', '2024-07-10 18:52:52', 0);
INSERT INTO `drug_info` VALUES (468, 'YB202407100000000089', 120, 120, NULL, '1701169726323716097', NULL, 0, 0, '2024-07-10 18:52:52', '2024-07-10 18:52:52', 0);
INSERT INTO `drug_info` VALUES (469, 'YB202407100000000090', 120, 120, NULL, '1701169726323716097', NULL, 0, 0, '2024-07-10 18:52:52', '2024-07-10 18:52:52', 0);
INSERT INTO `drug_info` VALUES (470, 'YB202407100000000091', 120, 120, NULL, '1701169726323716097', NULL, 0, 0, '2024-07-10 18:52:52', '2024-07-10 18:52:52', 0);
INSERT INTO `drug_info` VALUES (471, 'YB202407100000000092', 120, 120, NULL, '1701169726323716097', NULL, 0, 0, '2024-07-10 18:52:52', '2024-07-10 18:52:52', 0);
INSERT INTO `drug_info` VALUES (472, 'YB202407100000000093', 120, 120, NULL, '1701169726323716097', NULL, 0, 0, '2024-07-10 18:52:52', '2024-07-10 18:52:52', 0);
INSERT INTO `drug_info` VALUES (473, 'YB202407100000000094', 120, 120, NULL, '1701169726323716097', NULL, 0, 0, '2024-07-10 18:52:52', '2024-07-10 18:52:52', 0);
INSERT INTO `drug_info` VALUES (474, 'YB202407100000000095', 120, 120, NULL, '1701169726323716097', NULL, 0, 0, '2024-07-10 18:52:52', '2024-07-10 18:52:52', 0);
INSERT INTO `drug_info` VALUES (475, 'YB202407100000000096', 120, 120, NULL, '1701169726323716097', NULL, 0, 0, '2024-07-10 18:52:52', '2024-07-10 18:52:52', 0);
INSERT INTO `drug_info` VALUES (476, 'YB202407100000000097', 120, 120, NULL, '1701169726323716097', NULL, 0, 0, '2024-07-10 18:52:52', '2024-07-10 18:52:52', 0);
INSERT INTO `drug_info` VALUES (477, 'YB202407100000000098', 120, 120, NULL, '1701169726323716097', NULL, 0, 0, '2024-07-10 18:52:52', '2024-07-10 18:52:52', 0);
INSERT INTO `drug_info` VALUES (478, 'YB202407100000000099', 60, 120, 43, '1701169726323716097', NULL, 0, 1, '2024-07-10 18:52:52', '2024-07-12 18:00:07', 0);

-- ----------------------------
-- Table structure for equipment_info
-- ----------------------------
DROP TABLE IF EXISTS `equipment_info`;
CREATE TABLE `equipment_info`  (
  `id` int(11) NOT NULL AUTO_INCREMENT,
  `equipment_number` varchar(255) CHARACTER SET utf8mb4 COLLATE utf8mb4_general_ci NOT NULL COMMENT '设备编码',
  `icc_id` varchar(255) CHARACTER SET utf8mb4 COLLATE utf8mb4_general_ci NULL DEFAULT NULL COMMENT 'SIM卡卡号',
  `hardware_version` int(11) NOT NULL COMMENT '硬件版本',
  `software_version` int(11) NOT NULL COMMENT '软件版本',
  `equipment_status` int(11) NOT NULL COMMENT '设备状态：0-离线，1-在线，2-使用中',
  `warehouse_status` tinyint(4) NOT NULL COMMENT '仓储状态，是否售出',
  `classify_id` varchar(40) CHARACTER SET utf8mb4 COLLATE utf8mb4_general_ci NOT NULL,
  `merchant_id` varchar(32) CHARACTER SET utf8mb4 COLLATE utf8mb4_general_ci NULL DEFAULT NULL COMMENT '购买商户id',
  `create_time` datetime NOT NULL ON UPDATE CURRENT_TIMESTAMP,
  `update_time` datetime NOT NULL ON UPDATE CURRENT_TIMESTAMP,
  `deleted` tinyint(4) NOT NULL DEFAULT 0,
  PRIMARY KEY (`id`) USING BTREE
) ENGINE = InnoDB AUTO_INCREMENT = 48 CHARACTER SET = utf8mb4 COLLATE = utf8mb4_general_ci ROW_FORMAT = DYNAMIC;

-- ----------------------------
-- Records of equipment_info
-- ----------------------------
INSERT INTO `equipment_info` VALUES (8, '863163040170609', '898608162623D0050748', 2, 3, 1, 0, '1701168500961996802', '1698588923672735746', '2024-07-14 10:40:55', '2024-07-14 10:40:56', 0);
INSERT INTO `equipment_info` VALUES (9, '863163040173983', '898608162623D0050746', 1, 2, 1, 0, '1701168500961996802', NULL, '2024-07-14 10:26:43', '2024-07-14 10:26:43', 0);
INSERT INTO `equipment_info` VALUES (10, '863163040173942', '898608162623D0050745', 1, 2, 3, 0, '1701168500961996802', NULL, '2024-07-23 09:54:53', '2024-07-23 09:54:54', 0);
INSERT INTO `equipment_info` VALUES (11, '863163040177737', '898608162623D0050749', 2, 3, 3, 0, '1701168500961996802', '1698588923672735746', '2024-07-24 13:44:31', '2024-07-24 13:44:32', 0);
INSERT INTO `equipment_info` VALUES (12, '863163040180202', '89860322845513436378', 1, 1, 2, 0, '1701168500961996802', NULL, '2024-07-23 11:36:29', '2024-07-23 11:36:29', 0);
INSERT INTO `equipment_info` VALUES (13, '863163040178560', '89860322845513436378', 1, 1, 1, 0, '1701168500961996802', NULL, '2024-06-27 14:24:13', '2024-06-27 14:24:14', 0);
INSERT INTO `equipment_info` VALUES (14, '863163040182109', '89860322845513436378', 1, 1, 1, 0, '1701168500961996802', NULL, '2024-07-10 09:38:36', '2024-07-10 09:38:37', 0);
INSERT INTO `equipment_info` VALUES (15, '863163040178784', '89860322845513436378', 1, 1, 3, 0, '1701168500961996802', NULL, '2024-05-16 15:34:36', '2024-05-16 15:34:36', 0);
INSERT INTO `equipment_info` VALUES (16, '863163040177067', '89860322845513436378', 1, 1, 3, 0, '1701168500961996802', NULL, '2024-07-10 10:57:43', '2024-07-10 10:57:44', 0);
INSERT INTO `equipment_info` VALUES (17, '863163040178610', '89860322845513436378', 1, 1, 2, 0, '1701168500961996802', NULL, '2024-06-27 14:14:50', '2024-06-27 14:14:50', 0);
INSERT INTO `equipment_info` VALUES (18, '863163040177299', '89860322845513436378', 1, 1, 2, 0, '1701168500961996802', NULL, '2024-07-18 17:11:44', '2024-07-18 17:11:44', 0);
INSERT INTO `equipment_info` VALUES (19, '863163040177430', '89860322845513436378', 1, 1, 1, 0, '1701168500961996802', NULL, '2024-06-27 21:48:49', '2024-06-27 21:48:50', 0);
INSERT INTO `equipment_info` VALUES (20, '863163040177018', '89860322845513436378', 1, 1, 3, 0, '1701168500961996802', NULL, '2024-07-24 17:07:03', '2024-07-24 17:07:03', 0);
INSERT INTO `equipment_info` VALUES (21, '863163040178537', '89860322845513436378', 1, 1, 3, 0, '1701168500961996802', NULL, '2024-07-24 17:18:38', '2024-07-24 17:18:39', 0);
INSERT INTO `equipment_info` VALUES (22, '863163040183552', '89860322845513436378', 1, 1, 1, 0, '1701168500961996802', NULL, '2024-07-05 14:05:04', '2024-07-05 14:05:05', 0);
INSERT INTO `equipment_info` VALUES (23, '863163040181408', '89860322845513436378', 1, 1, 3, 0, '1701168500961996802', NULL, '2024-07-10 10:54:04', '2024-07-10 10:54:05', 0);
INSERT INTO `equipment_info` VALUES (24, '863163040182034', '89860322845513436378', 1, 1, 3, 0, '1701168500961996802', NULL, '2024-07-24 14:17:45', '2024-07-24 14:17:46', 0);
INSERT INTO `equipment_info` VALUES (25, '863163040178552', '89860322845513436378', 1, 1, 1, 0, '1701168500961996802', NULL, '2024-07-10 09:31:55', '2024-07-10 09:31:56', 0);
INSERT INTO `equipment_info` VALUES (26, '863163040177943', '89860322845513436378', 1, 1, 1, 0, '1701168500961996802', NULL, '2024-07-21 17:33:35', '2024-07-21 17:33:35', 0);
INSERT INTO `equipment_info` VALUES (27, '863163040178974', '89860322845513436378', 1, 1, 1, 0, '1701168500961996802', NULL, '2024-07-21 16:34:20', '2024-07-21 16:34:20', 0);
INSERT INTO `equipment_info` VALUES (28, '863163040180699', '89860322845513436378', 1, 1, 1, 0, '1701168500961996802', NULL, '2024-05-31 11:27:12', '2024-05-31 11:27:13', 0);
INSERT INTO `equipment_info` VALUES (29, '863163040178131', '89860322845513436378', 1, 1, 1, 0, '1701168500961996802', NULL, '2024-07-10 10:44:42', '2024-07-10 10:44:43', 0);
INSERT INTO `equipment_info` VALUES (30, '863163040177869', '89860322845513436378', 1, 1, 3, 0, '1701168500961996802', NULL, '2024-07-04 13:47:06', '2024-07-04 13:47:07', 0);
INSERT INTO `equipment_info` VALUES (31, '863163040182299', '89860322845513436378', 1, 1, 3, 0, '1701168500961996802', NULL, '2024-07-10 09:28:20', '2024-07-10 09:28:21', 0);
INSERT INTO `equipment_info` VALUES (32, '863163040182125', '89860322845513436378', 1, 1, 2, 0, '1701168500961996802', NULL, '2024-07-10 11:12:05', '2024-07-10 11:12:05', 0);
INSERT INTO `equipment_info` VALUES (33, '863163040183461', '89860322845513436378', 1, 1, 3, 0, '1701168500961996802', NULL, '2024-07-10 10:50:59', '2024-07-10 10:51:00', 0);
INSERT INTO `equipment_info` VALUES (34, '863163040178107', '89860322845513436378', 1, 1, 1, 0, '1701168500961996802', NULL, '2024-07-04 16:58:49', '2024-07-04 16:58:50', 0);
INSERT INTO `equipment_info` VALUES (35, '863163040185136', '89860322845513436378', 1, 1, 1, 0, '1701168500961996802', NULL, '2024-06-11 13:28:04', '2024-06-11 13:28:04', 0);
INSERT INTO `equipment_info` VALUES (36, '863163040178115', '89860322845513436378', 1, 1, 1, 0, '1701168500961996802', NULL, '2024-07-14 10:40:08', '2024-07-14 10:40:09', 0);
INSERT INTO `equipment_info` VALUES (37, '863163040177323', '89860322845513436378', 1, 1, 3, 0, '1701168500961996802', NULL, '2024-07-24 13:25:01', '2024-07-24 13:25:01', 0);
INSERT INTO `equipment_info` VALUES (38, '863163040177513', '89860322845513436378', 1, 1, 2, 0, '1701168500961996802', NULL, '2024-07-22 14:53:21', '2024-07-22 14:53:21', 0);
INSERT INTO `equipment_info` VALUES (39, '863163040177539', '89860322845513436378', 1, 1, 3, 0, '1701168500961996802', NULL, '2024-06-28 17:02:33', '2024-06-28 17:02:33', 0);
INSERT INTO `equipment_info` VALUES (40, '863163040178792', '89860322845513436378', 1, 1, 3, 0, '1701168500961996802', NULL, '2024-07-05 15:56:22', '2024-07-05 15:56:22', 0);
INSERT INTO `equipment_info` VALUES (41, '863163040177620', '89860322845513436378', 1, 1, 1, 0, '1701168500961996802', NULL, '2024-07-14 10:39:56', '2024-07-14 10:39:57', 0);
INSERT INTO `equipment_info` VALUES (42, '863163040180442', '89860322845513436378', 1, 1, 1, 0, '1701168500961996802', NULL, '2024-07-09 18:30:15', '2024-07-09 18:30:16', 0);
INSERT INTO `equipment_info` VALUES (43, '863163040178941', '89860322845513436378', 1, 1, 2, 0, '1701168500961996802', NULL, '2024-07-12 18:06:36', '2024-07-12 18:06:36', 0);
INSERT INTO `equipment_info` VALUES (44, '863163040183305', '89860322845513436378', 1, 1, 1, 0, '1701168500961996802', NULL, '2024-05-21 10:42:07', '2024-05-21 10:42:08', 0);
INSERT INTO `equipment_info` VALUES (45, '710863163040183', '89860322845513436378', 1, 1, 1, 0, '1701168500961996802', NULL, '2024-05-06 10:44:11', '2024-05-06 10:44:12', 0);
INSERT INTO `equipment_info` VALUES (46, '710863163040177', '898608162623D0450927', 1, 1, 1, 0, '1701168500961996802', NULL, '2024-06-20 10:49:28', '2024-06-20 10:49:28', 0);
INSERT INTO `equipment_info` VALUES (47, '863163040177281', '89860323412020375208', 1, 1, 1, 0, '1701168500961996802', NULL, '2024-06-21 18:03:25', '2024-06-25 15:34:56', 0);

-- ----------------------------
-- Table structure for gen_table
-- ----------------------------
DROP TABLE IF EXISTS `gen_table`;
CREATE TABLE `gen_table`  (
  `table_id` bigint(20) NOT NULL AUTO_INCREMENT COMMENT '编号',
  `table_name` varchar(200) CHARACTER SET utf8mb4 COLLATE utf8mb4_general_ci NULL DEFAULT '' COMMENT '表名称',
  `table_comment` varchar(500) CHARACTER SET utf8mb4 COLLATE utf8mb4_general_ci NULL DEFAULT '' COMMENT '表描述',
  `sub_table_name` varchar(64) CHARACTER SET utf8mb4 COLLATE utf8mb4_general_ci NULL DEFAULT NULL COMMENT '关联子表的表名',
  `sub_table_fk_name` varchar(64) CHARACTER SET utf8mb4 COLLATE utf8mb4_general_ci NULL DEFAULT NULL COMMENT '子表关联的外键名',
  `class_name` varchar(100) CHARACTER SET utf8mb4 COLLATE utf8mb4_general_ci NULL DEFAULT '' COMMENT '实体类名称',
  `tpl_category` varchar(200) CHARACTER SET utf8mb4 COLLATE utf8mb4_general_ci NULL DEFAULT 'crud' COMMENT '使用的模板（crud单表操作 tree树表操作）',
  `package_name` varchar(100) CHARACTER SET utf8mb4 COLLATE utf8mb4_general_ci NULL DEFAULT NULL COMMENT '生成包路径',
  `module_name` varchar(30) CHARACTER SET utf8mb4 COLLATE utf8mb4_general_ci NULL DEFAULT NULL COMMENT '生成模块名',
  `business_name` varchar(30) CHARACTER SET utf8mb4 COLLATE utf8mb4_general_ci NULL DEFAULT NULL COMMENT '生成业务名',
  `function_name` varchar(50) CHARACTER SET utf8mb4 COLLATE utf8mb4_general_ci NULL DEFAULT NULL COMMENT '生成功能名',
  `function_author` varchar(50) CHARACTER SET utf8mb4 COLLATE utf8mb4_general_ci NULL DEFAULT NULL COMMENT '生成功能作者',
  `gen_type` char(1) CHARACTER SET utf8mb4 COLLATE utf8mb4_general_ci NULL DEFAULT '0' COMMENT '生成代码方式（0zip压缩包 1自定义路径）',
  `gen_path` varchar(200) CHARACTER SET utf8mb4 COLLATE utf8mb4_general_ci NULL DEFAULT '/' COMMENT '生成路径（不填默认项目路径）',
  `options` varchar(1000) CHARACTER SET utf8mb4 COLLATE utf8mb4_general_ci NULL DEFAULT NULL COMMENT '其它生成选项',
  `create_by` varchar(64) CHARACTER SET utf8mb4 COLLATE utf8mb4_general_ci NULL DEFAULT '' COMMENT '创建者',
  `create_time` datetime NULL DEFAULT NULL COMMENT '创建时间',
  `update_by` varchar(64) CHARACTER SET utf8mb4 COLLATE utf8mb4_general_ci NULL DEFAULT '' COMMENT '更新者',
  `update_time` datetime NULL DEFAULT NULL COMMENT '更新时间',
  `remark` varchar(500) CHARACTER SET utf8mb4 COLLATE utf8mb4_general_ci NULL DEFAULT NULL COMMENT '备注',
  PRIMARY KEY (`table_id`) USING BTREE
) ENGINE = InnoDB AUTO_INCREMENT = 13 CHARACTER SET = utf8mb4 COLLATE = utf8mb4_general_ci COMMENT = '代码生成业务表' ROW_FORMAT = DYNAMIC;

-- ----------------------------
-- Records of gen_table
-- ----------------------------
INSERT INTO `gen_table` VALUES (1, 'sys_config', '参数配置表', NULL, NULL, 'SysConfig', 'crud', 'com.ruoyi.system', 'system', 'config', '参数配置', 'ruoyi', '0', '/', NULL, 'admin', '2021-01-14 17:10:34', '', NULL, NULL);
INSERT INTO `gen_table` VALUES (2, 'sys_dept', '部门表', NULL, NULL, 'SysDept', 'crud', 'com.ruoyi.system', 'system', 'dept', '部门', 'ruoyi', '0', '/', NULL, 'admin', '2021-01-14 17:10:34', '', NULL, NULL);
INSERT INTO `gen_table` VALUES (3, 'sys_dict_data', '字典数据表', NULL, NULL, 'SysDictData', 'crud', 'com.ruoyi.system', 'system', 'data', '字典数据', 'ruoyi', '0', '/', NULL, 'admin', '2021-01-14 17:10:34', '', NULL, NULL);
INSERT INTO `gen_table` VALUES (4, 'sys_dict_type', '字典类型表', NULL, NULL, 'SysDictType', 'crud', 'com.ruoyi.system', 'system', 'type', '字典类型', 'ruoyi', '0', '/', NULL, 'admin', '2021-01-14 17:10:34', '', NULL, NULL);
INSERT INTO `gen_table` VALUES (5, 'sys_job', '定时任务调度表', NULL, NULL, 'SysJob', 'crud', 'com.ruoyi.system', 'system', 'job', '定时任务调度', 'ruoyi', '0', '/', NULL, 'admin', '2021-01-14 17:10:34', '', NULL, NULL);
INSERT INTO `gen_table` VALUES (6, 'sys_job_log', '定时任务调度日志表', NULL, NULL, 'SysJobLog', 'crud', 'com.ruoyi.system', 'system', 'log', '定时任务调度日志', 'ruoyi', '0', '/', NULL, 'admin', '2021-01-14 17:10:34', '', NULL, NULL);
INSERT INTO `gen_table` VALUES (7, 'sys_logininfor', '系统访问记录', NULL, NULL, 'SysLogininfor', 'crud', 'com.ruoyi.system', 'system', 'logininfor', '系统访问记录', 'ruoyi', '0', '/', NULL, 'admin', '2021-01-14 17:10:34', '', NULL, NULL);
INSERT INTO `gen_table` VALUES (8, 'sys_menu', '菜单权限表', NULL, NULL, 'SysMenu', 'crud', 'com.ruoyi.system', 'system', 'menu', '菜单权限', 'ruoyi', '0', '/', NULL, 'admin', '2021-01-14 17:10:34', '', NULL, NULL);
INSERT INTO `gen_table` VALUES (9, 'sys_notice', '通知公告表', NULL, NULL, 'SysNotice', 'crud', 'com.ruoyi.system', 'system', 'notice', '通知公告', 'ruoyi', '0', '/', NULL, 'admin', '2021-01-14 17:10:34', '', NULL, NULL);
INSERT INTO `gen_table` VALUES (10, 'sys_oper_log', '操作日志记录', NULL, NULL, 'SysOperLog', 'crud', 'com.ruoyi.system', 'system', 'log', '操作日志记录', 'ruoyi', '0', '/', NULL, 'admin', '2021-01-14 17:10:34', '', NULL, NULL);
INSERT INTO `gen_table` VALUES (11, 'equipment_info', '设备信息', NULL, NULL, 'EquipmentInfo', 'crud', 'com.joolun.mall', 'mall', 'info', '设备管理', 'lx', '0', '/', '{\"parentMenuId\":\"2033\"}', 'admin', '2023-09-11 10:31:43', '', '2023-09-11 10:39:48', NULL);
INSERT INTO `gen_table` VALUES (12, 'drug_info', '药包管理', NULL, NULL, 'DrugInfo', 'crud', 'com.joolun.mall', 'mall', 'drug', '药包管理', 'lx', '0', '/', '{\"parentMenuId\":\"2033\"}', 'admin', '2023-09-12 15:59:01', '', '2023-09-12 16:30:52', NULL);

-- ----------------------------
-- Table structure for gen_table_column
-- ----------------------------
DROP TABLE IF EXISTS `gen_table_column`;
CREATE TABLE `gen_table_column`  (
  `column_id` bigint(20) NOT NULL AUTO_INCREMENT COMMENT '编号',
  `table_id` varchar(64) CHARACTER SET utf8mb4 COLLATE utf8mb4_general_ci NULL DEFAULT NULL COMMENT '归属表编号',
  `column_name` varchar(200) CHARACTER SET utf8mb4 COLLATE utf8mb4_general_ci NULL DEFAULT NULL COMMENT '列名称',
  `column_comment` varchar(500) CHARACTER SET utf8mb4 COLLATE utf8mb4_general_ci NULL DEFAULT NULL COMMENT '列描述',
  `column_type` varchar(100) CHARACTER SET utf8mb4 COLLATE utf8mb4_general_ci NULL DEFAULT NULL COMMENT '列类型',
  `java_type` varchar(500) CHARACTER SET utf8mb4 COLLATE utf8mb4_general_ci NULL DEFAULT NULL COMMENT 'JAVA类型',
  `java_field` varchar(200) CHARACTER SET utf8mb4 COLLATE utf8mb4_general_ci NULL DEFAULT NULL COMMENT 'JAVA字段名',
  `is_pk` char(1) CHARACTER SET utf8mb4 COLLATE utf8mb4_general_ci NULL DEFAULT NULL COMMENT '是否主键（1是）',
  `is_increment` char(1) CHARACTER SET utf8mb4 COLLATE utf8mb4_general_ci NULL DEFAULT NULL COMMENT '是否自增（1是）',
  `is_required` char(1) CHARACTER SET utf8mb4 COLLATE utf8mb4_general_ci NULL DEFAULT NULL COMMENT '是否必填（1是）',
  `is_insert` char(1) CHARACTER SET utf8mb4 COLLATE utf8mb4_general_ci NULL DEFAULT NULL COMMENT '是否为插入字段（1是）',
  `is_edit` char(1) CHARACTER SET utf8mb4 COLLATE utf8mb4_general_ci NULL DEFAULT NULL COMMENT '是否编辑字段（1是）',
  `is_list` char(1) CHARACTER SET utf8mb4 COLLATE utf8mb4_general_ci NULL DEFAULT NULL COMMENT '是否列表字段（1是）',
  `is_query` char(1) CHARACTER SET utf8mb4 COLLATE utf8mb4_general_ci NULL DEFAULT NULL COMMENT '是否查询字段（1是）',
  `query_type` varchar(200) CHARACTER SET utf8mb4 COLLATE utf8mb4_general_ci NULL DEFAULT 'EQ' COMMENT '查询方式（等于、不等于、大于、小于、范围）',
  `html_type` varchar(200) CHARACTER SET utf8mb4 COLLATE utf8mb4_general_ci NULL DEFAULT NULL COMMENT '显示类型（文本框、文本域、下拉框、复选框、单选框、日期控件）',
  `dict_type` varchar(200) CHARACTER SET utf8mb4 COLLATE utf8mb4_general_ci NULL DEFAULT '' COMMENT '字典类型',
  `sort` int(11) NULL DEFAULT NULL COMMENT '排序',
  `create_by` varchar(64) CHARACTER SET utf8mb4 COLLATE utf8mb4_general_ci NULL DEFAULT '' COMMENT '创建者',
  `create_time` datetime NULL DEFAULT NULL COMMENT '创建时间',
  `update_by` varchar(64) CHARACTER SET utf8mb4 COLLATE utf8mb4_general_ci NULL DEFAULT '' COMMENT '更新者',
  `update_time` datetime NULL DEFAULT NULL COMMENT '更新时间',
  PRIMARY KEY (`column_id`) USING BTREE
) ENGINE = InnoDB AUTO_INCREMENT = 142 CHARACTER SET = utf8mb4 COLLATE = utf8mb4_general_ci COMMENT = '代码生成业务表字段' ROW_FORMAT = DYNAMIC;

-- ----------------------------
-- Records of gen_table_column
-- ----------------------------
INSERT INTO `gen_table_column` VALUES (1, '1', 'config_id', '参数主键', 'int', 'Long', 'configId', '1', '1', NULL, '1', NULL, NULL, NULL, 'EQ', 'input', '', 1, 'admin', '2021-01-14 17:10:34', '', NULL);
INSERT INTO `gen_table_column` VALUES (2, '1', 'config_name', '参数名称', 'varchar(100)', 'String', 'configName', '0', '0', NULL, '1', '1', '1', '1', 'LIKE', 'input', '', 2, 'admin', '2021-01-14 17:10:34', '', NULL);
INSERT INTO `gen_table_column` VALUES (3, '1', 'config_key', '参数键名', 'varchar(100)', 'String', 'configKey', '0', '0', NULL, '1', '1', '1', '1', 'EQ', 'input', '', 3, 'admin', '2021-01-14 17:10:34', '', NULL);
INSERT INTO `gen_table_column` VALUES (4, '1', 'config_value', '参数键值', 'varchar(500)', 'String', 'configValue', '0', '0', NULL, '1', '1', '1', '1', 'EQ', 'textarea', '', 4, 'admin', '2021-01-14 17:10:34', '', NULL);
INSERT INTO `gen_table_column` VALUES (5, '1', 'config_type', '系统内置（Y是 N否）', 'char(1)', 'String', 'configType', '0', '0', NULL, '1', '1', '1', '1', 'EQ', 'select', '', 5, 'admin', '2021-01-14 17:10:34', '', NULL);
INSERT INTO `gen_table_column` VALUES (6, '1', 'create_by', '创建者', 'varchar(64)', 'String', 'createBy', '0', '0', NULL, '1', NULL, NULL, NULL, 'EQ', 'input', '', 6, 'admin', '2021-01-14 17:10:34', '', NULL);
INSERT INTO `gen_table_column` VALUES (7, '1', 'create_time', '创建时间', 'datetime', 'Date', 'createTime', '0', '0', NULL, '1', NULL, NULL, NULL, 'EQ', 'datetime', '', 7, 'admin', '2021-01-14 17:10:34', '', NULL);
INSERT INTO `gen_table_column` VALUES (8, '1', 'update_by', '更新者', 'varchar(64)', 'String', 'updateBy', '0', '0', NULL, '1', '1', NULL, NULL, 'EQ', 'input', '', 8, 'admin', '2021-01-14 17:10:34', '', NULL);
INSERT INTO `gen_table_column` VALUES (9, '1', 'update_time', '更新时间', 'datetime', 'Date', 'updateTime', '0', '0', NULL, '1', '1', NULL, NULL, 'EQ', 'datetime', '', 9, 'admin', '2021-01-14 17:10:34', '', NULL);
INSERT INTO `gen_table_column` VALUES (10, '1', 'remark', '备注', 'varchar(500)', 'String', 'remark', '0', '0', NULL, '1', '1', '1', NULL, 'EQ', 'textarea', '', 10, 'admin', '2021-01-14 17:10:34', '', NULL);
INSERT INTO `gen_table_column` VALUES (11, '2', 'dept_id', '部门id', 'bigint', 'Long', 'deptId', '1', '1', NULL, '1', NULL, NULL, NULL, 'EQ', 'input', '', 1, 'admin', '2021-01-14 17:10:34', '', NULL);
INSERT INTO `gen_table_column` VALUES (12, '2', 'parent_id', '父部门id', 'bigint', 'Long', 'parentId', '0', '0', NULL, '1', '1', '1', '1', 'EQ', 'input', '', 2, 'admin', '2021-01-14 17:10:34', '', NULL);
INSERT INTO `gen_table_column` VALUES (13, '2', 'ancestors', '祖级列表', 'varchar(50)', 'String', 'ancestors', '0', '0', NULL, '1', '1', '1', '1', 'EQ', 'input', '', 3, 'admin', '2021-01-14 17:10:34', '', NULL);
INSERT INTO `gen_table_column` VALUES (14, '2', 'dept_name', '部门名称', 'varchar(30)', 'String', 'deptName', '0', '0', NULL, '1', '1', '1', '1', 'LIKE', 'input', '', 4, 'admin', '2021-01-14 17:10:34', '', NULL);
INSERT INTO `gen_table_column` VALUES (15, '2', 'order_num', '显示顺序', 'int', 'Long', 'orderNum', '0', '0', NULL, '1', '1', '1', '1', 'EQ', 'input', '', 5, 'admin', '2021-01-14 17:10:34', '', NULL);
INSERT INTO `gen_table_column` VALUES (16, '2', 'leader', '负责人', 'varchar(20)', 'String', 'leader', '0', '0', NULL, '1', '1', '1', '1', 'EQ', 'input', '', 6, 'admin', '2021-01-14 17:10:34', '', NULL);
INSERT INTO `gen_table_column` VALUES (17, '2', 'phone', '联系电话', 'varchar(11)', 'String', 'phone', '0', '0', NULL, '1', '1', '1', '1', 'EQ', 'input', '', 7, 'admin', '2021-01-14 17:10:34', '', NULL);
INSERT INTO `gen_table_column` VALUES (18, '2', 'email', '邮箱', 'varchar(50)', 'String', 'email', '0', '0', NULL, '1', '1', '1', '1', 'EQ', 'input', '', 8, 'admin', '2021-01-14 17:10:34', '', NULL);
INSERT INTO `gen_table_column` VALUES (19, '2', 'status', '部门状态（0正常 1停用）', 'char(1)', 'String', 'status', '0', '0', NULL, '1', '1', '1', '1', 'EQ', 'radio', '', 9, 'admin', '2021-01-14 17:10:34', '', NULL);
INSERT INTO `gen_table_column` VALUES (20, '2', 'del_flag', '删除标志（0代表存在 2代表删除）', 'char(1)', 'String', 'delFlag', '0', '0', NULL, '1', NULL, NULL, NULL, 'EQ', 'input', '', 10, 'admin', '2021-01-14 17:10:34', '', NULL);
INSERT INTO `gen_table_column` VALUES (21, '2', 'create_by', '创建者', 'varchar(64)', 'String', 'createBy', '0', '0', NULL, '1', NULL, NULL, NULL, 'EQ', 'input', '', 11, 'admin', '2021-01-14 17:10:34', '', NULL);
INSERT INTO `gen_table_column` VALUES (22, '2', 'create_time', '创建时间', 'datetime', 'Date', 'createTime', '0', '0', NULL, '1', NULL, NULL, NULL, 'EQ', 'datetime', '', 12, 'admin', '2021-01-14 17:10:34', '', NULL);
INSERT INTO `gen_table_column` VALUES (23, '2', 'update_by', '更新者', 'varchar(64)', 'String', 'updateBy', '0', '0', NULL, '1', '1', NULL, NULL, 'EQ', 'input', '', 13, 'admin', '2021-01-14 17:10:34', '', NULL);
INSERT INTO `gen_table_column` VALUES (24, '2', 'update_time', '更新时间', 'datetime', 'Date', 'updateTime', '0', '0', NULL, '1', '1', NULL, NULL, 'EQ', 'datetime', '', 14, 'admin', '2021-01-14 17:10:34', '', NULL);
INSERT INTO `gen_table_column` VALUES (25, '3', 'dict_code', '字典编码', 'bigint', 'Long', 'dictCode', '1', '1', NULL, '1', NULL, NULL, NULL, 'EQ', 'input', '', 1, 'admin', '2021-01-14 17:10:34', '', NULL);
INSERT INTO `gen_table_column` VALUES (26, '3', 'dict_sort', '字典排序', 'int', 'Long', 'dictSort', '0', '0', NULL, '1', '1', '1', '1', 'EQ', 'input', '', 2, 'admin', '2021-01-14 17:10:34', '', NULL);
INSERT INTO `gen_table_column` VALUES (27, '3', 'dict_label', '字典标签', 'varchar(100)', 'String', 'dictLabel', '0', '0', NULL, '1', '1', '1', '1', 'EQ', 'input', '', 3, 'admin', '2021-01-14 17:10:34', '', NULL);
INSERT INTO `gen_table_column` VALUES (28, '3', 'dict_value', '字典键值', 'varchar(100)', 'String', 'dictValue', '0', '0', NULL, '1', '1', '1', '1', 'EQ', 'input', '', 4, 'admin', '2021-01-14 17:10:34', '', NULL);
INSERT INTO `gen_table_column` VALUES (29, '3', 'dict_type', '字典类型', 'varchar(100)', 'String', 'dictType', '0', '0', NULL, '1', '1', '1', '1', 'EQ', 'select', '', 5, 'admin', '2021-01-14 17:10:34', '', NULL);
INSERT INTO `gen_table_column` VALUES (30, '3', 'css_class', '样式属性（其他样式扩展）', 'varchar(100)', 'String', 'cssClass', '0', '0', NULL, '1', '1', '1', '1', 'EQ', 'input', '', 6, 'admin', '2021-01-14 17:10:34', '', NULL);
INSERT INTO `gen_table_column` VALUES (31, '3', 'list_class', '表格回显样式', 'varchar(100)', 'String', 'listClass', '0', '0', NULL, '1', '1', '1', '1', 'EQ', 'input', '', 7, 'admin', '2021-01-14 17:10:34', '', NULL);
INSERT INTO `gen_table_column` VALUES (32, '3', 'is_default', '是否默认（Y是 N否）', 'char(1)', 'String', 'isDefault', '0', '0', NULL, '1', '1', '1', '1', 'EQ', 'input', '', 8, 'admin', '2021-01-14 17:10:34', '', NULL);
INSERT INTO `gen_table_column` VALUES (33, '3', 'status', '状态（0正常 1停用）', 'char(1)', 'String', 'status', '0', '0', NULL, '1', '1', '1', '1', 'EQ', 'radio', '', 9, 'admin', '2021-01-14 17:10:34', '', NULL);
INSERT INTO `gen_table_column` VALUES (34, '3', 'create_by', '创建者', 'varchar(64)', 'String', 'createBy', '0', '0', NULL, '1', NULL, NULL, NULL, 'EQ', 'input', '', 10, 'admin', '2021-01-14 17:10:34', '', NULL);
INSERT INTO `gen_table_column` VALUES (35, '3', 'create_time', '创建时间', 'datetime', 'Date', 'createTime', '0', '0', NULL, '1', NULL, NULL, NULL, 'EQ', 'datetime', '', 11, 'admin', '2021-01-14 17:10:34', '', NULL);
INSERT INTO `gen_table_column` VALUES (36, '3', 'update_by', '更新者', 'varchar(64)', 'String', 'updateBy', '0', '0', NULL, '1', '1', NULL, NULL, 'EQ', 'input', '', 12, 'admin', '2021-01-14 17:10:34', '', NULL);
INSERT INTO `gen_table_column` VALUES (37, '3', 'update_time', '更新时间', 'datetime', 'Date', 'updateTime', '0', '0', NULL, '1', '1', NULL, NULL, 'EQ', 'datetime', '', 13, 'admin', '2021-01-14 17:10:34', '', NULL);
INSERT INTO `gen_table_column` VALUES (38, '3', 'remark', '备注', 'varchar(500)', 'String', 'remark', '0', '0', NULL, '1', '1', '1', NULL, 'EQ', 'textarea', '', 14, 'admin', '2021-01-14 17:10:34', '', NULL);
INSERT INTO `gen_table_column` VALUES (39, '4', 'dict_id', '字典主键', 'bigint', 'Long', 'dictId', '1', '1', NULL, '1', NULL, NULL, NULL, 'EQ', 'input', '', 1, 'admin', '2021-01-14 17:10:34', '', NULL);
INSERT INTO `gen_table_column` VALUES (40, '4', 'dict_name', '字典名称', 'varchar(100)', 'String', 'dictName', '0', '0', NULL, '1', '1', '1', '1', 'LIKE', 'input', '', 2, 'admin', '2021-01-14 17:10:34', '', NULL);
INSERT INTO `gen_table_column` VALUES (41, '4', 'dict_type', '字典类型', 'varchar(100)', 'String', 'dictType', '0', '0', NULL, '1', '1', '1', '1', 'EQ', 'select', '', 3, 'admin', '2021-01-14 17:10:34', '', NULL);
INSERT INTO `gen_table_column` VALUES (42, '4', 'status', '状态（0正常 1停用）', 'char(1)', 'String', 'status', '0', '0', NULL, '1', '1', '1', '1', 'EQ', 'radio', '', 4, 'admin', '2021-01-14 17:10:34', '', NULL);
INSERT INTO `gen_table_column` VALUES (43, '4', 'create_by', '创建者', 'varchar(64)', 'String', 'createBy', '0', '0', NULL, '1', NULL, NULL, NULL, 'EQ', 'input', '', 5, 'admin', '2021-01-14 17:10:34', '', NULL);
INSERT INTO `gen_table_column` VALUES (44, '4', 'create_time', '创建时间', 'datetime', 'Date', 'createTime', '0', '0', NULL, '1', NULL, NULL, NULL, 'EQ', 'datetime', '', 6, 'admin', '2021-01-14 17:10:34', '', NULL);
INSERT INTO `gen_table_column` VALUES (45, '4', 'update_by', '更新者', 'varchar(64)', 'String', 'updateBy', '0', '0', NULL, '1', '1', NULL, NULL, 'EQ', 'input', '', 7, 'admin', '2021-01-14 17:10:34', '', NULL);
INSERT INTO `gen_table_column` VALUES (46, '4', 'update_time', '更新时间', 'datetime', 'Date', 'updateTime', '0', '0', NULL, '1', '1', NULL, NULL, 'EQ', 'datetime', '', 8, 'admin', '2021-01-14 17:10:34', '', NULL);
INSERT INTO `gen_table_column` VALUES (47, '4', 'remark', '备注', 'varchar(500)', 'String', 'remark', '0', '0', NULL, '1', '1', '1', NULL, 'EQ', 'textarea', '', 9, 'admin', '2021-01-14 17:10:34', '', NULL);
INSERT INTO `gen_table_column` VALUES (48, '5', 'job_id', '任务ID', 'bigint', 'Long', 'jobId', '1', '1', NULL, '1', NULL, NULL, NULL, 'EQ', 'input', '', 1, 'admin', '2021-01-14 17:10:34', '', NULL);
INSERT INTO `gen_table_column` VALUES (49, '5', 'job_name', '任务名称', 'varchar(64)', 'String', 'jobName', '1', '0', NULL, '1', NULL, NULL, NULL, 'LIKE', 'input', '', 2, 'admin', '2021-01-14 17:10:34', '', NULL);
INSERT INTO `gen_table_column` VALUES (50, '5', 'job_group', '任务组名', 'varchar(64)', 'String', 'jobGroup', '1', '0', NULL, '1', NULL, NULL, NULL, 'EQ', 'input', '', 3, 'admin', '2021-01-14 17:10:34', '', NULL);
INSERT INTO `gen_table_column` VALUES (51, '5', 'invoke_target', '调用目标字符串', 'varchar(500)', 'String', 'invokeTarget', '0', '0', '1', '1', '1', '1', '1', 'EQ', 'textarea', '', 4, 'admin', '2021-01-14 17:10:34', '', NULL);
INSERT INTO `gen_table_column` VALUES (52, '5', 'cron_expression', 'cron执行表达式', 'varchar(255)', 'String', 'cronExpression', '0', '0', NULL, '1', '1', '1', '1', 'EQ', 'input', '', 5, 'admin', '2021-01-14 17:10:34', '', NULL);
INSERT INTO `gen_table_column` VALUES (53, '5', 'misfire_policy', '计划执行错误策略（1立即执行 2执行一次 3放弃执行）', 'varchar(20)', 'String', 'misfirePolicy', '0', '0', NULL, '1', '1', '1', '1', 'EQ', 'input', '', 6, 'admin', '2021-01-14 17:10:34', '', NULL);
INSERT INTO `gen_table_column` VALUES (54, '5', 'concurrent', '是否并发执行（0允许 1禁止）', 'char(1)', 'String', 'concurrent', '0', '0', NULL, '1', '1', '1', '1', 'EQ', 'input', '', 7, 'admin', '2021-01-14 17:10:34', '', NULL);
INSERT INTO `gen_table_column` VALUES (55, '5', 'status', '状态（0正常 1暂停）', 'char(1)', 'String', 'status', '0', '0', NULL, '1', '1', '1', '1', 'EQ', 'radio', '', 8, 'admin', '2021-01-14 17:10:34', '', NULL);
INSERT INTO `gen_table_column` VALUES (56, '5', 'create_by', '创建者', 'varchar(64)', 'String', 'createBy', '0', '0', NULL, '1', NULL, NULL, NULL, 'EQ', 'input', '', 9, 'admin', '2021-01-14 17:10:34', '', NULL);
INSERT INTO `gen_table_column` VALUES (57, '5', 'create_time', '创建时间', 'datetime', 'Date', 'createTime', '0', '0', NULL, '1', NULL, NULL, NULL, 'EQ', 'datetime', '', 10, 'admin', '2021-01-14 17:10:34', '', NULL);
INSERT INTO `gen_table_column` VALUES (58, '5', 'update_by', '更新者', 'varchar(64)', 'String', 'updateBy', '0', '0', NULL, '1', '1', NULL, NULL, 'EQ', 'input', '', 11, 'admin', '2021-01-14 17:10:34', '', NULL);
INSERT INTO `gen_table_column` VALUES (59, '5', 'update_time', '更新时间', 'datetime', 'Date', 'updateTime', '0', '0', NULL, '1', '1', NULL, NULL, 'EQ', 'datetime', '', 12, 'admin', '2021-01-14 17:10:34', '', NULL);
INSERT INTO `gen_table_column` VALUES (60, '5', 'remark', '备注信息', 'varchar(500)', 'String', 'remark', '0', '0', NULL, '1', '1', '1', NULL, 'EQ', 'textarea', '', 13, 'admin', '2021-01-14 17:10:34', '', NULL);
INSERT INTO `gen_table_column` VALUES (61, '6', 'job_log_id', '任务日志ID', 'bigint', 'Long', 'jobLogId', '1', '1', NULL, '1', NULL, NULL, NULL, 'EQ', 'input', '', 1, 'admin', '2021-01-14 17:10:34', '', NULL);
INSERT INTO `gen_table_column` VALUES (62, '6', 'job_name', '任务名称', 'varchar(64)', 'String', 'jobName', '0', '0', '1', '1', '1', '1', '1', 'LIKE', 'input', '', 2, 'admin', '2021-01-14 17:10:34', '', NULL);
INSERT INTO `gen_table_column` VALUES (63, '6', 'job_group', '任务组名', 'varchar(64)', 'String', 'jobGroup', '0', '0', '1', '1', '1', '1', '1', 'EQ', 'input', '', 3, 'admin', '2021-01-14 17:10:34', '', NULL);
INSERT INTO `gen_table_column` VALUES (64, '6', 'invoke_target', '调用目标字符串', 'varchar(500)', 'String', 'invokeTarget', '0', '0', '1', '1', '1', '1', '1', 'EQ', 'textarea', '', 4, 'admin', '2021-01-14 17:10:34', '', NULL);
INSERT INTO `gen_table_column` VALUES (65, '6', 'job_message', '日志信息', 'varchar(500)', 'String', 'jobMessage', '0', '0', NULL, '1', '1', '1', '1', 'EQ', 'textarea', '', 5, 'admin', '2021-01-14 17:10:34', '', NULL);
INSERT INTO `gen_table_column` VALUES (66, '6', 'status', '执行状态（0正常 1失败）', 'char(1)', 'String', 'status', '0', '0', NULL, '1', '1', '1', '1', 'EQ', 'radio', '', 6, 'admin', '2021-01-14 17:10:34', '', NULL);
INSERT INTO `gen_table_column` VALUES (67, '6', 'exception_info', '异常信息', 'varchar(2000)', 'String', 'exceptionInfo', '0', '0', NULL, '1', '1', '1', '1', 'EQ', 'textarea', '', 7, 'admin', '2021-01-14 17:10:34', '', NULL);
INSERT INTO `gen_table_column` VALUES (68, '6', 'create_time', '创建时间', 'datetime', 'Date', 'createTime', '0', '0', NULL, '1', NULL, NULL, NULL, 'EQ', 'datetime', '', 8, 'admin', '2021-01-14 17:10:34', '', NULL);
INSERT INTO `gen_table_column` VALUES (69, '7', 'info_id', '访问ID', 'bigint', 'Long', 'infoId', '1', '1', NULL, '1', NULL, NULL, NULL, 'EQ', 'input', '', 1, 'admin', '2021-01-14 17:10:34', '', NULL);
INSERT INTO `gen_table_column` VALUES (70, '7', 'user_name', '用户账号', 'varchar(50)', 'String', 'userName', '0', '0', NULL, '1', '1', '1', '1', 'LIKE', 'input', '', 2, 'admin', '2021-01-14 17:10:34', '', NULL);
INSERT INTO `gen_table_column` VALUES (71, '7', 'ipaddr', '登录IP地址', 'varchar(50)', 'String', 'ipaddr', '0', '0', NULL, '1', '1', '1', '1', 'EQ', 'input', '', 3, 'admin', '2021-01-14 17:10:34', '', NULL);
INSERT INTO `gen_table_column` VALUES (72, '7', 'login_location', '登录地点', 'varchar(255)', 'String', 'loginLocation', '0', '0', NULL, '1', '1', '1', '1', 'EQ', 'input', '', 4, 'admin', '2021-01-14 17:10:34', '', NULL);
INSERT INTO `gen_table_column` VALUES (73, '7', 'browser', '浏览器类型', 'varchar(50)', 'String', 'browser', '0', '0', NULL, '1', '1', '1', '1', 'EQ', 'input', '', 5, 'admin', '2021-01-14 17:10:34', '', NULL);
INSERT INTO `gen_table_column` VALUES (74, '7', 'os', '操作系统', 'varchar(50)', 'String', 'os', '0', '0', NULL, '1', '1', '1', '1', 'EQ', 'input', '', 6, 'admin', '2021-01-14 17:10:34', '', NULL);
INSERT INTO `gen_table_column` VALUES (75, '7', 'status', '登录状态（0成功 1失败）', 'char(1)', 'String', 'status', '0', '0', NULL, '1', '1', '1', '1', 'EQ', 'radio', '', 7, 'admin', '2021-01-14 17:10:34', '', NULL);
INSERT INTO `gen_table_column` VALUES (76, '7', 'msg', '提示消息', 'varchar(255)', 'String', 'msg', '0', '0', NULL, '1', '1', '1', '1', 'EQ', 'input', '', 8, 'admin', '2021-01-14 17:10:34', '', NULL);
INSERT INTO `gen_table_column` VALUES (77, '7', 'login_time', '访问时间', 'datetime', 'Date', 'loginTime', '0', '0', NULL, '1', '1', '1', '1', 'EQ', 'datetime', '', 9, 'admin', '2021-01-14 17:10:34', '', NULL);
INSERT INTO `gen_table_column` VALUES (78, '8', 'menu_id', '菜单ID', 'bigint', 'Long', 'menuId', '1', '1', NULL, '1', NULL, NULL, NULL, 'EQ', 'input', '', 1, 'admin', '2021-01-14 17:10:34', '', NULL);
INSERT INTO `gen_table_column` VALUES (79, '8', 'menu_name', '菜单名称', 'varchar(50)', 'String', 'menuName', '0', '0', '1', '1', '1', '1', '1', 'LIKE', 'input', '', 2, 'admin', '2021-01-14 17:10:34', '', NULL);
INSERT INTO `gen_table_column` VALUES (80, '8', 'parent_id', '父菜单ID', 'bigint', 'Long', 'parentId', '0', '0', NULL, '1', '1', '1', '1', 'EQ', 'input', '', 3, 'admin', '2021-01-14 17:10:34', '', NULL);
INSERT INTO `gen_table_column` VALUES (81, '8', 'order_num', '显示顺序', 'int', 'Long', 'orderNum', '0', '0', NULL, '1', '1', '1', '1', 'EQ', 'input', '', 4, 'admin', '2021-01-14 17:10:34', '', NULL);
INSERT INTO `gen_table_column` VALUES (82, '8', 'path', '路由地址', 'varchar(200)', 'String', 'path', '0', '0', NULL, '1', '1', '1', '1', 'EQ', 'input', '', 5, 'admin', '2021-01-14 17:10:34', '', NULL);
INSERT INTO `gen_table_column` VALUES (83, '8', 'component', '组件路径', 'varchar(255)', 'String', 'component', '0', '0', NULL, '1', '1', '1', '1', 'EQ', 'input', '', 6, 'admin', '2021-01-14 17:10:34', '', NULL);
INSERT INTO `gen_table_column` VALUES (84, '8', 'is_frame', '是否为外链（0是 1否）', 'int', 'Long', 'isFrame', '0', '0', NULL, '1', '1', '1', '1', 'EQ', 'input', '', 7, 'admin', '2021-01-14 17:10:34', '', NULL);
INSERT INTO `gen_table_column` VALUES (85, '8', 'is_cache', '是否缓存（0缓存 1不缓存）', 'int', 'Long', 'isCache', '0', '0', NULL, '1', '1', '1', '1', 'EQ', 'input', '', 8, 'admin', '2021-01-14 17:10:34', '', NULL);
INSERT INTO `gen_table_column` VALUES (86, '8', 'menu_type', '菜单类型（M目录 C菜单 F按钮）', 'char(1)', 'String', 'menuType', '0', '0', NULL, '1', '1', '1', '1', 'EQ', 'select', '', 9, 'admin', '2021-01-14 17:10:34', '', NULL);
INSERT INTO `gen_table_column` VALUES (87, '8', 'visible', '菜单状态（0显示 1隐藏）', 'char(1)', 'String', 'visible', '0', '0', NULL, '1', '1', '1', '1', 'EQ', 'input', '', 10, 'admin', '2021-01-14 17:10:34', '', NULL);
INSERT INTO `gen_table_column` VALUES (88, '8', 'status', '菜单状态（0正常 1停用）', 'char(1)', 'String', 'status', '0', '0', NULL, '1', '1', '1', '1', 'EQ', 'radio', '', 11, 'admin', '2021-01-14 17:10:34', '', NULL);
INSERT INTO `gen_table_column` VALUES (89, '8', 'perms', '权限标识', 'varchar(100)', 'String', 'perms', '0', '0', NULL, '1', '1', '1', '1', 'EQ', 'input', '', 12, 'admin', '2021-01-14 17:10:34', '', NULL);
INSERT INTO `gen_table_column` VALUES (90, '8', 'icon', '菜单图标', 'varchar(100)', 'String', 'icon', '0', '0', NULL, '1', '1', '1', '1', 'EQ', 'input', '', 13, 'admin', '2021-01-14 17:10:34', '', NULL);
INSERT INTO `gen_table_column` VALUES (91, '8', 'create_by', '创建者', 'varchar(64)', 'String', 'createBy', '0', '0', NULL, '1', NULL, NULL, NULL, 'EQ', 'input', '', 14, 'admin', '2021-01-14 17:10:34', '', NULL);
INSERT INTO `gen_table_column` VALUES (92, '8', 'create_time', '创建时间', 'datetime', 'Date', 'createTime', '0', '0', NULL, '1', NULL, NULL, NULL, 'EQ', 'datetime', '', 15, 'admin', '2021-01-14 17:10:34', '', NULL);
INSERT INTO `gen_table_column` VALUES (93, '8', 'update_by', '更新者', 'varchar(64)', 'String', 'updateBy', '0', '0', NULL, '1', '1', NULL, NULL, 'EQ', 'input', '', 16, 'admin', '2021-01-14 17:10:34', '', NULL);
INSERT INTO `gen_table_column` VALUES (94, '8', 'update_time', '更新时间', 'datetime', 'Date', 'updateTime', '0', '0', NULL, '1', '1', NULL, NULL, 'EQ', 'datetime', '', 17, 'admin', '2021-01-14 17:10:34', '', NULL);
INSERT INTO `gen_table_column` VALUES (95, '8', 'remark', '备注', 'varchar(500)', 'String', 'remark', '0', '0', NULL, '1', '1', '1', NULL, 'EQ', 'textarea', '', 18, 'admin', '2021-01-14 17:10:34', '', NULL);
INSERT INTO `gen_table_column` VALUES (96, '9', 'notice_id', '公告ID', 'int', 'Long', 'noticeId', '1', '1', NULL, '1', NULL, NULL, NULL, 'EQ', 'input', '', 1, 'admin', '2021-01-14 17:10:34', '', NULL);
INSERT INTO `gen_table_column` VALUES (97, '9', 'notice_title', '公告标题', 'varchar(50)', 'String', 'noticeTitle', '0', '0', '1', '1', '1', '1', '1', 'EQ', 'input', '', 2, 'admin', '2021-01-14 17:10:34', '', NULL);
INSERT INTO `gen_table_column` VALUES (98, '9', 'notice_type', '公告类型（1通知 2公告）', 'char(1)', 'String', 'noticeType', '0', '0', '1', '1', '1', '1', '1', 'EQ', 'select', '', 3, 'admin', '2021-01-14 17:10:34', '', NULL);
INSERT INTO `gen_table_column` VALUES (99, '9', 'notice_content', '公告内容', 'longblob', 'String', 'noticeContent', '0', '0', NULL, '1', '1', '1', '1', 'EQ', 'editor', '', 4, 'admin', '2021-01-14 17:10:34', '', NULL);
INSERT INTO `gen_table_column` VALUES (100, '9', 'status', '公告状态（0正常 1关闭）', 'char(1)', 'String', 'status', '0', '0', NULL, '1', '1', '1', '1', 'EQ', 'radio', '', 5, 'admin', '2021-01-14 17:10:34', '', NULL);
INSERT INTO `gen_table_column` VALUES (101, '9', 'create_by', '创建者', 'varchar(64)', 'String', 'createBy', '0', '0', NULL, '1', NULL, NULL, NULL, 'EQ', 'input', '', 6, 'admin', '2021-01-14 17:10:34', '', NULL);
INSERT INTO `gen_table_column` VALUES (102, '9', 'create_time', '创建时间', 'datetime', 'Date', 'createTime', '0', '0', NULL, '1', NULL, NULL, NULL, 'EQ', 'datetime', '', 7, 'admin', '2021-01-14 17:10:34', '', NULL);
INSERT INTO `gen_table_column` VALUES (103, '9', 'update_by', '更新者', 'varchar(64)', 'String', 'updateBy', '0', '0', NULL, '1', '1', NULL, NULL, 'EQ', 'input', '', 8, 'admin', '2021-01-14 17:10:34', '', NULL);
INSERT INTO `gen_table_column` VALUES (104, '9', 'update_time', '更新时间', 'datetime', 'Date', 'updateTime', '0', '0', NULL, '1', '1', NULL, NULL, 'EQ', 'datetime', '', 9, 'admin', '2021-01-14 17:10:34', '', NULL);
INSERT INTO `gen_table_column` VALUES (105, '9', 'remark', '备注', 'varchar(255)', 'String', 'remark', '0', '0', NULL, '1', '1', '1', NULL, 'EQ', 'input', '', 10, 'admin', '2021-01-14 17:10:34', '', NULL);
INSERT INTO `gen_table_column` VALUES (106, '10', 'oper_id', '日志主键', 'bigint', 'Long', 'operId', '1', '1', NULL, '1', NULL, NULL, NULL, 'EQ', 'input', '', 1, 'admin', '2021-01-14 17:10:34', '', NULL);
INSERT INTO `gen_table_column` VALUES (107, '10', 'title', '模块标题', 'varchar(50)', 'String', 'title', '0', '0', NULL, '1', '1', '1', '1', 'EQ', 'input', '', 2, 'admin', '2021-01-14 17:10:34', '', NULL);
INSERT INTO `gen_table_column` VALUES (108, '10', 'business_type', '业务类型（0其它 1新增 2修改 3删除）', 'int', 'Long', 'businessType', '0', '0', NULL, '1', '1', '1', '1', 'EQ', 'select', '', 3, 'admin', '2021-01-14 17:10:34', '', NULL);
INSERT INTO `gen_table_column` VALUES (109, '10', 'method', '方法名称', 'varchar(100)', 'String', 'method', '0', '0', NULL, '1', '1', '1', '1', 'EQ', 'input', '', 4, 'admin', '2021-01-14 17:10:34', '', NULL);
INSERT INTO `gen_table_column` VALUES (110, '10', 'request_method', '请求方式', 'varchar(10)', 'String', 'requestMethod', '0', '0', NULL, '1', '1', '1', '1', 'EQ', 'input', '', 5, 'admin', '2021-01-14 17:10:34', '', NULL);
INSERT INTO `gen_table_column` VALUES (111, '10', 'operator_type', '操作类别（0其它 1后台用户 2手机端用户）', 'int', 'Long', 'operatorType', '0', '0', NULL, '1', '1', '1', '1', 'EQ', 'select', '', 6, 'admin', '2021-01-14 17:10:34', '', NULL);
INSERT INTO `gen_table_column` VALUES (112, '10', 'oper_name', '操作人员', 'varchar(50)', 'String', 'operName', '0', '0', NULL, '1', '1', '1', '1', 'LIKE', 'input', '', 7, 'admin', '2021-01-14 17:10:34', '', NULL);
INSERT INTO `gen_table_column` VALUES (113, '10', 'dept_name', '部门名称', 'varchar(50)', 'String', 'deptName', '0', '0', NULL, '1', '1', '1', '1', 'LIKE', 'input', '', 8, 'admin', '2021-01-14 17:10:34', '', NULL);
INSERT INTO `gen_table_column` VALUES (114, '10', 'oper_url', '请求URL', 'varchar(255)', 'String', 'operUrl', '0', '0', NULL, '1', '1', '1', '1', 'EQ', 'input', '', 9, 'admin', '2021-01-14 17:10:34', '', NULL);
INSERT INTO `gen_table_column` VALUES (115, '10', 'oper_ip', '主机地址', 'varchar(50)', 'String', 'operIp', '0', '0', NULL, '1', '1', '1', '1', 'EQ', 'input', '', 10, 'admin', '2021-01-14 17:10:34', '', NULL);
INSERT INTO `gen_table_column` VALUES (116, '10', 'oper_location', '操作地点', 'varchar(255)', 'String', 'operLocation', '0', '0', NULL, '1', '1', '1', '1', 'EQ', 'input', '', 11, 'admin', '2021-01-14 17:10:34', '', NULL);
INSERT INTO `gen_table_column` VALUES (117, '10', 'oper_param', '请求参数', 'varchar(2000)', 'String', 'operParam', '0', '0', NULL, '1', '1', '1', '1', 'EQ', 'textarea', '', 12, 'admin', '2021-01-14 17:10:34', '', NULL);
INSERT INTO `gen_table_column` VALUES (118, '10', 'json_result', '返回参数', 'varchar(2000)', 'String', 'jsonResult', '0', '0', NULL, '1', '1', '1', '1', 'EQ', 'textarea', '', 13, 'admin', '2021-01-14 17:10:34', '', NULL);
INSERT INTO `gen_table_column` VALUES (119, '10', 'status', '操作状态（0正常 1异常）', 'int', 'Long', 'status', '0', '0', NULL, '1', '1', '1', '1', 'EQ', 'radio', '', 14, 'admin', '2021-01-14 17:10:34', '', NULL);
INSERT INTO `gen_table_column` VALUES (120, '10', 'error_msg', '错误消息', 'varchar(2000)', 'String', 'errorMsg', '0', '0', NULL, '1', '1', '1', '1', 'EQ', 'textarea', '', 15, 'admin', '2021-01-14 17:10:34', '', NULL);
INSERT INTO `gen_table_column` VALUES (121, '10', 'oper_time', '操作时间', 'datetime', 'Date', 'operTime', '0', '0', NULL, '1', '1', '1', '1', 'EQ', 'datetime', '', 16, 'admin', '2021-01-14 17:10:34', '', NULL);
INSERT INTO `gen_table_column` VALUES (122, '11', 'id', NULL, 'int', 'Long', 'id', '1', '1', NULL, '1', NULL, NULL, NULL, 'EQ', 'input', '', 1, 'admin', '2023-09-11 10:31:43', '', '2023-09-11 10:39:48');
INSERT INTO `gen_table_column` VALUES (123, '11', 'equipment_number', '设备编码', 'varchar(255)', 'String', 'equipmentNumber', '0', '0', '1', '1', '1', '1', '1', 'EQ', 'input', '', 2, 'admin', '2023-09-11 10:31:43', '', '2023-09-11 10:39:48');
INSERT INTO `gen_table_column` VALUES (124, '11', 'iccId', 'SIM卡卡号', 'varchar(255)', 'String', 'iccid', '0', '0', '1', '1', '1', '1', '1', 'EQ', 'input', '', 3, 'admin', '2023-09-11 10:31:43', '', '2023-09-11 10:39:48');
INSERT INTO `gen_table_column` VALUES (125, '11', 'hardware_version', '硬件版本', 'int', 'Long', 'hardwareVersion', '0', '0', '1', '1', '1', '1', '1', 'EQ', 'input', '', 4, 'admin', '2023-09-11 10:31:43', '', '2023-09-11 10:39:48');
INSERT INTO `gen_table_column` VALUES (126, '11', 'software_version', '软件版本', 'int', 'Long', 'softwareVersion', '0', '0', '1', '1', '1', '1', '1', 'EQ', 'input', '', 5, 'admin', '2023-09-11 10:31:43', '', '2023-09-11 10:39:48');
INSERT INTO `gen_table_column` VALUES (127, '11', 'equipment_status', '设备状态：0-离线，1-在线，2-使用中', 'int', 'Long', 'equipmentStatus', '0', '0', '1', '1', '1', '1', '1', 'EQ', 'radio', '', 6, 'admin', '2023-09-11 10:31:43', '', '2023-09-11 10:39:48');
INSERT INTO `gen_table_column` VALUES (128, '11', 'warehouse_status', '仓储状态，是否售出', 'tinyint', 'Long', 'warehouseStatus', '0', '0', '1', '1', '1', '1', '1', 'EQ', 'radio', '', 7, 'admin', '2023-09-11 10:31:43', '', '2023-09-11 10:39:48');
INSERT INTO `gen_table_column` VALUES (129, '11', 'create_time', NULL, 'datetime', 'Date', 'createTime', '0', '0', '1', '1', NULL, NULL, NULL, 'EQ', 'datetime', '', 8, 'admin', '2023-09-11 10:31:43', '', '2023-09-11 10:39:48');
INSERT INTO `gen_table_column` VALUES (130, '11', 'update_time', NULL, 'datetime', 'Date', 'updateTime', '0', '0', '1', '1', '1', NULL, NULL, 'EQ', 'datetime', '', 9, 'admin', '2023-09-11 10:31:43', '', '2023-09-11 10:39:48');
INSERT INTO `gen_table_column` VALUES (131, '11', 'deleted', NULL, 'tinyint', 'Long', 'deleted', '0', '0', '1', '1', '1', '1', '1', 'EQ', 'input', '', 10, 'admin', '2023-09-11 10:31:43', '', '2023-09-11 10:39:48');
INSERT INTO `gen_table_column` VALUES (132, '12', 'id', NULL, 'int', 'Long', 'id', '1', '1', NULL, NULL, NULL, NULL, NULL, 'EQ', 'input', '', 1, 'admin', '2023-09-12 15:59:01', '', '2023-09-12 16:30:52');
INSERT INTO `gen_table_column` VALUES (133, '12', 'drug_number', '药包编号', 'varchar(255)', 'String', 'drugNumber', '0', '0', '1', '1', '1', '1', '1', 'EQ', 'input', '', 2, 'admin', '2023-09-12 15:59:01', '', '2023-09-12 16:30:52');
INSERT INTO `gen_table_column` VALUES (134, '12', 'time_remaining', '药包剩余时间', 'tinyint', 'Long', 'timeRemaining', '0', '0', '1', '1', '1', '1', '1', 'EQ', 'input', '', 3, 'admin', '2023-09-12 15:59:01', '', '2023-09-12 16:30:52');
INSERT INTO `gen_table_column` VALUES (135, '12', 'equipment_id', '设备id', 'int', 'Long', 'equipmentId', '0', '0', NULL, '1', '1', '1', '1', 'EQ', 'input', '', 4, 'admin', '2023-09-12 15:59:01', '', '2023-09-12 16:30:52');
INSERT INTO `gen_table_column` VALUES (136, '12', 'classify_id', '分类id', 'int', 'Long', 'classifyId', '0', '0', '1', '1', '1', '1', '1', 'EQ', 'input', '', 5, 'admin', '2023-09-12 15:59:01', '', '2023-09-12 16:30:52');
INSERT INTO `gen_table_column` VALUES (137, '12', 'warehouse_status', '仓储状态，是否售出', 'tinyint(1)', 'Integer', 'warehouseStatus', '0', '0', '1', '1', '1', '1', '1', 'EQ', 'radio', 'warehouse_status', 6, 'admin', '2023-09-12 15:59:01', '', '2023-09-12 16:30:52');
INSERT INTO `gen_table_column` VALUES (138, '12', 'create_time', NULL, 'datetime', 'Date', 'createTime', '0', '0', '1', '1', NULL, NULL, NULL, 'EQ', 'datetime', '', 7, 'admin', '2023-09-12 15:59:01', '', '2023-09-12 16:30:52');
INSERT INTO `gen_table_column` VALUES (139, '12', 'update_time', NULL, 'datetime', 'Date', 'updateTime', '0', '0', '1', '1', '1', NULL, NULL, 'EQ', 'datetime', '', 8, 'admin', '2023-09-12 15:59:01', '', '2023-09-12 16:30:52');
INSERT INTO `gen_table_column` VALUES (140, '12', 'deleted', NULL, 'tinyint(1)', 'Integer', 'deleted', '0', '0', '1', '1', '1', NULL, NULL, 'EQ', 'input', '', 9, 'admin', '2023-09-12 15:59:01', '', '2023-09-12 16:30:52');
INSERT INTO `gen_table_column` VALUES (141, '12', 'drug_status', '药包状态：0-未使用，1-已使用，2-已用完', 'tinyint(1)', 'Integer', 'drugStatus', '0', '0', '1', '1', '1', '1', '1', 'EQ', 'radio', '', 7, '', '2023-09-12 16:32:35', '', NULL);

-- ----------------------------
-- Table structure for goods_category
-- ----------------------------
DROP TABLE IF EXISTS `goods_category`;
CREATE TABLE `goods_category`  (
  `id` varchar(32) CHARACTER SET utf8mb4 COLLATE utf8mb4_general_ci NOT NULL COMMENT 'PK',
  `enable` char(2) CHARACTER SET utf8mb4 COLLATE utf8mb4_general_ci NOT NULL COMMENT '（1：开启；0：关闭）',
  `parent_id` varchar(32) CHARACTER SET utf8mb4 COLLATE utf8mb4_general_ci NULL DEFAULT NULL COMMENT '父分类编号',
  `name` varchar(16) CHARACTER SET utf8mb4 COLLATE utf8mb4_general_ci NULL DEFAULT NULL COMMENT '名称',
  `description` varchar(255) CHARACTER SET utf8mb4 COLLATE utf8mb4_general_ci NULL DEFAULT NULL COMMENT '描述',
  `sales_price` decimal(10, 2) NULL DEFAULT 0.00 COMMENT '销售价格',
  `stock` int(11) NOT NULL DEFAULT 0 COMMENT '库存',
  `sale_num` int(11) NOT NULL DEFAULT 0 COMMENT '销量',
  `pic_url` varchar(255) CHARACTER SET utf8mb4 COLLATE utf8mb4_general_ci NULL DEFAULT NULL COMMENT '图片',
  `sort` smallint(6) NULL DEFAULT NULL COMMENT '排序',
  `create_time` datetime NULL DEFAULT CURRENT_TIMESTAMP COMMENT '创建时间',
  `update_time` datetime NULL DEFAULT CURRENT_TIMESTAMP ON UPDATE CURRENT_TIMESTAMP COMMENT '最后更新时间',
  `del_flag` char(2) CHARACTER SET utf8mb4 COLLATE utf8mb4_general_ci NULL DEFAULT '0' COMMENT '逻辑删除标记（0：显示；1：隐藏）',
  PRIMARY KEY (`id`) USING BTREE
) ENGINE = InnoDB CHARACTER SET = utf8mb4 COLLATE = utf8mb4_general_ci COMMENT = '分类表' ROW_FORMAT = DYNAMIC;

-- ----------------------------
-- Records of goods_category
-- ----------------------------
INSERT INTO `goods_category` VALUES ('1701168334825615361', '1', '0', '设备', '理疗设备', 0.00, 3, 0, 'http://43.139.174.204:8081/profile/upload/2023/09/14/0149b67f-6ae6-4c93-aef4-72e4b6615c4a.jpg', 1, '2023-09-11 17:38:31', '2023-11-20 11:41:35', '0');
INSERT INTO `goods_category` VALUES ('1701168500961996802', '1', '1701168334825615361', '一代设备', '第一代医用理疗仪', 1999.00, 3, 0, 'http://43.139.174.204:8081/profile/upload/2023/09/14/0effc85e-7ce8-46dd-8e76-d49fc52d0122.jpg', 2, '2023-09-11 17:39:11', '2023-11-20 11:41:51', '0');
INSERT INTO `goods_category` VALUES ('1701169635772887042', '1', '0', '药包', '', 1.00, 1, 0, 'http://43.139.174.204:8081/profile/upload/2023/09/25/201e0f53-e7f6-4914-a413-e3316af46317.jpg', 2, '2023-09-11 17:43:42', '2023-09-22 11:45:41', '0');
INSERT INTO `goods_category` VALUES ('1701169726323716097', '1', '1701169635772887042', '养生药包', '', 99.00, 4, 8, 'http://43.139.174.204:8081/profile/upload/2023/09/25/6cfacd5c-219d-40fb-b861-8c110b129285.jpg', 1, '2023-09-11 17:44:03', '2023-10-17 11:52:04', '0');
INSERT INTO `goods_category` VALUES ('1703607892473380865', '1', '1701168334825615361', '二代设备', '二代设备，随身携带', 2199.99, 1, 1, 'http://43.139.174.204:8081/profile/upload/2023/09/18/f527204e-b04b-408b-94bc-1bca7ee20c9d.jpg', 1, '2023-09-18 11:12:27', '2023-11-20 11:48:21', '0');

-- ----------------------------
-- Table structure for goods_spu
-- ----------------------------
DROP TABLE IF EXISTS `goods_spu`;
CREATE TABLE `goods_spu`  (
  `id` varchar(32) CHARACTER SET utf8mb4 COLLATE utf8mb4_general_ci NOT NULL COMMENT 'PK',
  `spu_code` varchar(32) CHARACTER SET utf8mb4 COLLATE utf8mb4_general_ci NULL DEFAULT NULL COMMENT 'spu编码',
  `name` varchar(200) CHARACTER SET utf8mb4 COLLATE utf8mb4_general_ci NOT NULL DEFAULT '' COMMENT 'spu名字',
  `sell_point` varchar(500) CHARACTER SET utf8mb4 COLLATE utf8mb4_general_ci NOT NULL DEFAULT '' COMMENT '卖点',
  `description` text CHARACTER SET utf8mb4 COLLATE utf8mb4_general_ci NOT NULL COMMENT '描述',
  `category_first` varchar(32) CHARACTER SET utf8mb4 COLLATE utf8mb4_general_ci NOT NULL COMMENT '一级分类ID',
  `category_second` varchar(32) CHARACTER SET utf8mb4 COLLATE utf8mb4_general_ci NULL DEFAULT NULL COMMENT '二级分类ID',
  `pic_urls` varchar(1024) CHARACTER SET utf8mb4 COLLATE utf8mb4_general_ci NOT NULL DEFAULT '' COMMENT '商品图片',
  `shelf` char(2) CHARACTER SET utf8mb4 COLLATE utf8mb4_general_ci NOT NULL DEFAULT '0' COMMENT '是否上架（1是 0否）',
  `sort` int(11) NOT NULL DEFAULT 0 COMMENT '排序字段',
  `sales_price` decimal(10, 2) NULL DEFAULT NULL COMMENT '销售价格',
  `market_price` decimal(10, 2) NULL DEFAULT NULL COMMENT '市场价',
  `cost_price` decimal(10, 2) NULL DEFAULT NULL COMMENT '成本价',
  `stock` int(11) NOT NULL DEFAULT 0 COMMENT '库存',
  `sale_num` int(11) NULL DEFAULT 0 COMMENT '销量',
  `create_time` datetime NOT NULL DEFAULT CURRENT_TIMESTAMP COMMENT '创建时间',
  `update_time` timestamp NOT NULL DEFAULT CURRENT_TIMESTAMP ON UPDATE CURRENT_TIMESTAMP COMMENT '最后更新时间',
  `del_flag` char(2) CHARACTER SET utf8mb4 COLLATE utf8mb4_general_ci NOT NULL DEFAULT '0' COMMENT '逻辑删除标记（0：显示；1：隐藏）',
  `version` int(11) NULL DEFAULT 0 COMMENT '版本号',
  PRIMARY KEY (`id`) USING BTREE
) ENGINE = InnoDB CHARACTER SET = utf8mb4 COLLATE = utf8mb4_general_ci COMMENT = '商品表' ROW_FORMAT = DYNAMIC;

-- ----------------------------
-- Records of goods_spu
-- ----------------------------

-- ----------------------------
-- Table structure for order_info
-- ----------------------------
DROP TABLE IF EXISTS `order_info`;
CREATE TABLE `order_info`  (
  `id` varchar(32) CHARACTER SET utf8mb4 COLLATE utf8mb4_general_ci NOT NULL COMMENT 'PK',
  `del_flag` char(2) CHARACTER SET utf8mb4 COLLATE utf8mb4_general_ci NOT NULL DEFAULT '0' COMMENT '逻辑删除标记（0：显示；1：隐藏）',
  `create_time` datetime NOT NULL DEFAULT CURRENT_TIMESTAMP COMMENT '创建时间',
  `update_time` timestamp NOT NULL DEFAULT CURRENT_TIMESTAMP ON UPDATE CURRENT_TIMESTAMP COMMENT '最后更新时间',
  `user_id` varchar(32) CHARACTER SET utf8mb4 COLLATE utf8mb4_general_ci NOT NULL COMMENT '用户id',
  `order_no` varchar(50) CHARACTER SET utf8mb4 COLLATE utf8mb4_general_ci NOT NULL COMMENT '订单单号',
  `payment_way` char(2) CHARACTER SET utf8mb4 COLLATE utf8mb4_general_ci NOT NULL COMMENT '支付方式1、货到付款；2、在线支付',
  `is_pay` char(2) CHARACTER SET utf8mb4 COLLATE utf8mb4_general_ci NOT NULL COMMENT '是否支付0、未支付 1、已支付',
  `name` varchar(255) CHARACTER SET utf8mb4 COLLATE utf8mb4_general_ci NULL DEFAULT NULL COMMENT '订单名',
  `status` char(2) CHARACTER SET utf8mb4 COLLATE utf8mb4_general_ci NULL DEFAULT NULL COMMENT '订单状态1、待发货 2、待收货 3、确认收货/已完成 5、已关闭',
  `freight_price` decimal(10, 2) NOT NULL DEFAULT 0.00 COMMENT '运费金额',
  `sales_price` decimal(10, 2) NOT NULL DEFAULT 0.00 COMMENT '销售金额',
  `payment_price` decimal(10, 2) NOT NULL DEFAULT 0.00 COMMENT '支付金额（销售金额+运费金额）',
  `payment_time` datetime NULL DEFAULT NULL COMMENT '付款时间',
  `delivery_time` datetime NULL DEFAULT NULL COMMENT '发货时间',
  `receiver_time` datetime NULL DEFAULT NULL COMMENT '收货时间',
  `closing_time` datetime NULL DEFAULT NULL COMMENT '成交时间',
  `user_message` varchar(100) CHARACTER SET utf8mb4 COLLATE utf8mb4_general_ci NULL DEFAULT NULL COMMENT '买家留言',
  `transaction_id` varchar(32) CHARACTER SET utf8mb4 COLLATE utf8mb4_general_ci NULL DEFAULT NULL COMMENT '支付交易ID',
  `logistics_id` varchar(32) CHARACTER SET utf8mb4 COLLATE utf8mb4_general_ci NULL DEFAULT NULL COMMENT '物流id',
  `remark` varchar(255) CHARACTER SET utf8mb4 COLLATE utf8mb4_general_ci NULL DEFAULT NULL COMMENT '备注',
  PRIMARY KEY (`id`) USING BTREE,
  UNIQUE INDEX `uk_order_no`(`order_no`) USING BTREE
) ENGINE = InnoDB CHARACTER SET = utf8mb4 COLLATE = utf8mb4_general_ci COMMENT = '订单' ROW_FORMAT = DYNAMIC;

-- ----------------------------
-- Records of order_info
-- ----------------------------
INSERT INTO `order_info` VALUES ('1712311755117514754', '0', '2023-10-12 11:38:30', '2023-10-12 14:46:26', '1698588923672735746', '1712311754794467328', '2', '1', '一代设备', '1', 0.00, 1999.00, 1999.00, NULL, NULL, NULL, NULL, NULL, NULL, '1712311754991685633', NULL);
INSERT INTO `order_info` VALUES ('1712383438528491521', '0', '2023-10-12 16:23:21', '2023-10-12 16:23:20', '1698588923672735746', '1712383438180319232', '2', '1', '二代设备', '1', 0.00, 2199.99, 2199.99, '2023-10-12 16:40:51', NULL, NULL, NULL, NULL, '1712383438180319232', '1712383438461382657', NULL);
INSERT INTO `order_info` VALUES ('1712388034663596033', '0', '2023-10-12 16:41:37', '2023-10-12 16:41:36', '1698588923672735746', '1712388034210562048', '2', '1', '养生药包', '3', 0.00, 99.00, 99.00, '2023-10-12 16:41:38', '2023-10-17 11:38:04', '2023-10-17 15:19:05', NULL, NULL, '1712388034210562048', '1712388034533572609', NULL);
INSERT INTO `order_info` VALUES ('1712392435012857857', '0', '2023-10-12 16:59:06', '2023-10-12 16:59:05', '1698588923672735746', '1712392434387779584', '2', '1', '二代设备', '1', 0.00, 2199.99, 2199.99, '2023-10-12 16:59:07', NULL, NULL, NULL, NULL, '1712392434387779584', '1712392434891223041', NULL);
INSERT INTO `order_info` VALUES ('1712406021491781634', '0', '2023-10-12 17:53:05', '2023-10-12 17:53:05', '1698588923672735746', '1712406021386797056', '2', '1', '一代设备', '3', 0.00, 1999.00, 1999.00, '2023-10-12 17:53:06', '2023-10-13 11:50:56', '2023-10-13 11:53:14', NULL, NULL, '1712406021386797056', '1712406021479198722', NULL);
INSERT INTO `order_info` VALUES ('1712667409103581185', '0', '2023-10-13 11:11:45', '2023-10-13 11:11:44', '1698588923672735746', '1712667408994402304', '2', '1', '二代设备', '3', 0.00, 2199.99, 2199.99, '2023-10-13 11:11:46', '2023-10-13 11:48:01', '2023-10-13 11:48:46', NULL, NULL, '1712667408994402304', '1712667409082609666', NULL);
INSERT INTO `order_info` VALUES ('1712758396362543106', '0', '2023-10-13 17:13:18', '2023-10-13 17:13:17', '1698588923672735746', '1712758396161097728', '2', '1', '一代设备', '5', 0.00, 1999.00, 1999.00, '2023-10-13 17:13:19', NULL, NULL, NULL, NULL, '1712758396161097728', '1712758396316405761', NULL);
INSERT INTO `order_info` VALUES ('1714127171565457411', '0', '2023-10-17 11:52:19', '2023-10-17 11:52:19', '1698588923672735746', '1714127171322118144', '2', '1', '养生药包', '3', 0.00, 99.00, 99.00, '2023-10-17 11:52:21', '2023-10-17 11:53:14', '2023-10-17 14:39:15', NULL, NULL, '1714127171322118144', '1714127171565457410', NULL);
INSERT INTO `order_info` VALUES ('1714179388410544130', '0', '2023-10-17 15:19:49', '2023-10-17 15:19:48', '1698588923672735746', '1714179388230074368', '2', '1', '养生药包', '3', 0.00, 99.00, 99.00, '2023-10-17 15:19:50', '2023-10-17 15:20:23', '2023-10-18 09:57:03', NULL, NULL, '1714179388230074368', '1714179388389572609', NULL);
INSERT INTO `order_info` VALUES ('1714459399566770177', '0', '2023-10-18 09:52:29', '2023-10-18 09:52:28', '1714459100944908289', '1714459399512129536', '2', '1', '养生药包', '5', 0.00, 99.00, 99.00, '2023-10-18 09:52:30', NULL, NULL, NULL, NULL, '1714459399512129536', '1714459399554187266', NULL);
INSERT INTO `order_info` VALUES ('1714460632184635393', '0', '2023-10-18 09:57:22', '2023-10-18 09:57:22', '1698588923672735746', '1714460632129994752', '2', '1', '养生药包', '3', 0.00, 99.00, 99.00, '2023-10-18 09:57:24', '2023-10-18 10:02:41', '2023-10-18 10:03:14', NULL, NULL, '1714460632129994752', '1714460632172052481', NULL);
INSERT INTO `order_info` VALUES ('1715295686293045249', '0', '2023-10-20 17:15:35', '2023-10-20 17:15:34', '1698588923672735746', '1715295686192267264', '2', '1', '养生药包', '5', 0.00, 99.00, 99.00, '2023-10-20 17:15:36', NULL, NULL, NULL, NULL, '1715295686192267264', '1715295686221742081', NULL);
INSERT INTO `order_info` VALUES ('1716646102146596865', '0', '2023-10-24 10:41:39', '2023-10-24 10:41:39', '1716645832104722434', '1716646102100344832', '2', '1', '养生药包', '3', 0.00, 99.00, 99.00, '2023-10-24 10:41:40', '2023-10-24 10:43:30', '2023-10-24 10:43:41', NULL, NULL, '1716646102100344832', '1716646102134013954', NULL);
INSERT INTO `order_info` VALUES ('1726493100857212931', '0', '2023-11-20 14:50:07', '2023-11-20 14:50:06', '1717007070651334658', '1726493100806766592', '2', '1', '养生药包', '5', 0.00, 2298.99, 2298.99, '2023-11-20 14:50:09', NULL, NULL, NULL, NULL, '1726493100806766592', '1726493100857212930', NULL);
INSERT INTO `order_info` VALUES ('1760605776239398913', '0', '2024-02-22 18:01:42', '2024-02-22 18:01:42', '1717007070651334658', '1760605775878684672', '2', '0', '二代设备', NULL, 0.00, 2199.99, 2199.99, NULL, NULL, NULL, NULL, NULL, NULL, '1760605776155512833', NULL);

-- ----------------------------
-- Table structure for order_item
-- ----------------------------
DROP TABLE IF EXISTS `order_item`;
CREATE TABLE `order_item`  (
  `id` varchar(32) CHARACTER SET utf8mb4 COLLATE utf8mb4_general_ci NOT NULL COMMENT 'PK',
  `del_flag` char(2) CHARACTER SET utf8mb4 COLLATE utf8mb4_general_ci NOT NULL DEFAULT '0' COMMENT '逻辑删除标记（0：显示；1：隐藏）',
  `create_time` datetime NOT NULL DEFAULT CURRENT_TIMESTAMP COMMENT '创建时间',
  `update_time` timestamp NOT NULL DEFAULT CURRENT_TIMESTAMP ON UPDATE CURRENT_TIMESTAMP COMMENT '最后更新时间',
  `order_id` varchar(32) CHARACTER SET utf8mb4 COLLATE utf8mb4_general_ci NOT NULL COMMENT '订单编号',
  `spu_id` varchar(32) CHARACTER SET utf8mb4 COLLATE utf8mb4_general_ci NULL DEFAULT NULL COMMENT '商品Id',
  `spu_name` varchar(200) CHARACTER SET utf8mb4 COLLATE utf8mb4_general_ci NULL DEFAULT NULL COMMENT '商品名',
  `pic_url` varchar(500) CHARACTER SET utf8mb4 COLLATE utf8mb4_general_ci NOT NULL COMMENT '图片',
  `quantity` int(11) NOT NULL COMMENT '商品数量',
  `sales_price` decimal(10, 2) NOT NULL COMMENT '购买单价',
  `freight_price` decimal(10, 2) NULL DEFAULT 0.00 COMMENT '运费金额',
  `payment_price` decimal(10, 2) NULL DEFAULT 0.00 COMMENT '支付金额（购买单价*商品数量+运费金额）',
  `remark` varchar(250) CHARACTER SET utf8mb4 COLLATE utf8mb4_general_ci NULL DEFAULT NULL COMMENT '备注',
  `status` char(2) CHARACTER SET utf8mb4 COLLATE utf8mb4_general_ci NULL DEFAULT '0' COMMENT '状态0：正常；1：退款中；2:拒绝退款；3：同意退款',
  `is_refund` char(2) CHARACTER SET utf8mb4 COLLATE utf8mb4_general_ci NULL DEFAULT '0' COMMENT '是否退款0:否 1：是',
  PRIMARY KEY (`id`) USING BTREE
) ENGINE = InnoDB CHARACTER SET = utf8mb4 COLLATE = utf8mb4_general_ci COMMENT = '订单详情' ROW_FORMAT = DYNAMIC;

-- ----------------------------
-- Records of order_item
-- ----------------------------
INSERT INTO `order_item` VALUES ('1712311755352395778', '0', '2023-10-12 11:38:30', '2023-10-12 11:38:30', '1712311755117514754', '1701168500961996802', '一代设备', 'http://43.139.174.204:8081/profile/upload/2023/09/25/d3bc2853-4715-455d-a805-fca6c32e000a.jpg', 1, 1999.00, 0.00, 1999.00, NULL, '0', '0');
INSERT INTO `order_item` VALUES ('1712383438650126338', '0', '2023-10-12 16:23:20', '2023-10-12 16:23:20', '1712383438528491521', '1703607892473380865', '二代设备', 'http://43.139.174.204:8081/profile/upload/2023/09/25/3aacbfe5-50f6-442d-ac2b-9f7b9b38abc1.jpg', 1, 2199.99, 0.00, 2199.99, NULL, '0', '0');
INSERT INTO `order_item` VALUES ('1712388034760065026', '0', '2023-10-12 16:41:36', '2023-10-12 16:41:36', '1712388034663596033', '1701169726323716097', '养生药包', 'http://43.139.174.204:8081/profile/upload/2023/09/25/6cfacd5c-219d-40fb-b861-8c110b129285.jpg', 1, 99.00, 0.00, 99.00, NULL, '0', '0');
INSERT INTO `order_item` VALUES ('1712392435105132545', '0', '2023-10-12 16:59:05', '2023-10-12 16:59:05', '1712392435012857857', '1703607892473380865', '二代设备', 'http://43.139.174.204:8081/profile/upload/2023/09/25/3aacbfe5-50f6-442d-ac2b-9f7b9b38abc1.jpg', 1, 2199.99, 0.00, 2199.99, NULL, '0', '0');
INSERT INTO `order_item` VALUES ('1712406021516947457', '0', '2023-10-12 17:53:05', '2023-10-12 17:53:05', '1712406021491781634', '1701168500961996802', '一代设备', 'http://43.139.174.204:8081/profile/upload/2023/09/25/d3bc2853-4715-455d-a805-fca6c32e000a.jpg', 1, 1999.00, 0.00, 1999.00, NULL, '0', '0');
INSERT INTO `order_item` VALUES ('1712667409124552705', '0', '2023-10-13 11:11:44', '2023-10-13 11:11:44', '1712667409103581185', '1703607892473380865', '二代设备', 'http://43.139.174.204:8081/profile/upload/2023/09/25/3aacbfe5-50f6-442d-ac2b-9f7b9b38abc1.jpg', 1, 2199.99, 0.00, 2199.99, NULL, '0', '0');
INSERT INTO `order_item` VALUES ('1712758396500955138', '0', '2023-10-13 17:13:17', '2023-10-13 17:13:17', '1712758396362543106', '1701168500961996802', '一代设备', 'http://43.139.174.204:8081/profile/upload/2023/09/25/d3bc2853-4715-455d-a805-fca6c32e000a.jpg', 1, 1999.00, 0.00, 1999.00, NULL, '0', '0');
INSERT INTO `order_item` VALUES ('1714127171741618177', '0', '2023-10-17 11:52:19', '2023-10-17 11:52:19', '1714127171565457411', '1701169726323716097', '养生药包', 'http://43.139.174.204:8081/profile/upload/2023/09/25/6cfacd5c-219d-40fb-b861-8c110b129285.jpg', 1, 99.00, 0.00, 99.00, NULL, '0', '0');
INSERT INTO `order_item` VALUES ('1714179388590899202', '0', '2023-10-17 15:19:48', '2023-10-17 15:19:48', '1714179388410544130', '1701169726323716097', '养生药包', 'http://43.139.174.204:8081/profile/upload/2023/09/25/6cfacd5c-219d-40fb-b861-8c110b129285.jpg', 1, 99.00, 0.00, 99.00, NULL, '0', '0');
INSERT INTO `order_item` VALUES ('1714459399591936001', '0', '2023-10-18 09:52:28', '2023-10-18 09:52:28', '1714459399566770177', '1701169726323716097', '养生药包', 'http://43.139.174.204:8081/profile/upload/2023/09/25/6cfacd5c-219d-40fb-b861-8c110b129285.jpg', 1, 99.00, 0.00, 99.00, NULL, '0', '0');
INSERT INTO `order_item` VALUES ('1714460632193024002', '0', '2023-10-18 09:57:22', '2023-10-18 09:57:22', '1714460632184635393', '1701169726323716097', '养生药包', 'http://43.139.174.204:8081/profile/upload/2023/09/25/6cfacd5c-219d-40fb-b861-8c110b129285.jpg', 1, 99.00, 0.00, 99.00, NULL, '0', '0');
INSERT INTO `order_item` VALUES ('1715295686322405377', '0', '2023-10-20 17:15:34', '2023-10-20 17:15:34', '1715295686293045249', '1701169726323716097', '养生药包', 'http://43.139.174.204:8081/profile/upload/2023/09/25/6cfacd5c-219d-40fb-b861-8c110b129285.jpg', 1, 99.00, 0.00, 99.00, NULL, '0', '0');
INSERT INTO `order_item` VALUES ('1716646102163374082', '0', '2023-10-24 10:41:39', '2023-10-24 10:41:39', '1716646102146596865', '1701169726323716097', '养生药包', 'http://43.139.174.204:8081/profile/upload/2023/09/25/6cfacd5c-219d-40fb-b861-8c110b129285.jpg', 1, 99.00, 0.00, 99.00, NULL, '0', '0');
INSERT INTO `order_item` VALUES ('1726493100869795841', '0', '2023-11-20 14:50:06', '2023-11-20 14:50:06', '1726493100857212931', '1701169726323716097', '养生药包', 'http://43.139.174.204:8081/profile/upload/2023/09/25/6cfacd5c-219d-40fb-b861-8c110b129285.jpg', 1, 99.00, 0.00, 99.00, NULL, '0', '0');
INSERT INTO `order_item` VALUES ('1726493100878184450', '0', '2023-11-20 14:50:06', '2023-11-20 14:50:06', '1726493100857212931', '1703607892473380865', '二代设备', 'http://43.139.174.204:8081/profile/upload/2023/09/18/f527204e-b04b-408b-94bc-1bca7ee20c9d.jpg', 1, 2199.99, 0.00, 2199.99, NULL, '0', '0');
INSERT INTO `order_item` VALUES ('1760605776373616641', '0', '2024-02-22 18:01:42', '2024-02-22 18:01:42', '1760605776239398913', '1703607892473380865', '二代设备', 'http://43.139.174.204:8081/profile/upload/2023/09/18/f527204e-b04b-408b-94bc-1bca7ee20c9d.jpg', 1, 2199.99, 0.00, 2199.99, NULL, '0', '0');

-- ----------------------------
-- Table structure for order_logistics
-- ----------------------------
DROP TABLE IF EXISTS `order_logistics`;
CREATE TABLE `order_logistics`  (
  `id` varchar(32) CHARACTER SET utf8mb4 COLLATE utf8mb4_general_ci NOT NULL COMMENT 'PK',
  `del_flag` char(2) CHARACTER SET utf8mb4 COLLATE utf8mb4_general_ci NOT NULL DEFAULT '0' COMMENT '逻辑删除标记（0：显示；1：隐藏）',
  `create_time` datetime NOT NULL DEFAULT CURRENT_TIMESTAMP COMMENT '创建时间',
  `update_time` timestamp NOT NULL DEFAULT CURRENT_TIMESTAMP ON UPDATE CURRENT_TIMESTAMP COMMENT '最后更新时间',
  `postal_code` varchar(10) CHARACTER SET utf8mb4 COLLATE utf8mb4_general_ci NULL DEFAULT NULL COMMENT '邮编',
  `user_name` varchar(50) CHARACTER SET utf8mb4 COLLATE utf8mb4_general_ci NOT NULL COMMENT '收货人名字',
  `tel_num` varchar(20) CHARACTER SET utf8mb4 COLLATE utf8mb4_general_ci NOT NULL COMMENT '电话号码',
  `address` varchar(255) CHARACTER SET utf8mb4 COLLATE utf8mb4_general_ci NOT NULL COMMENT '详细地址',
  `logistics` char(20) CHARACTER SET utf8mb4 COLLATE utf8mb4_general_ci NULL DEFAULT NULL COMMENT '物流商家',
  `logistics_no` varchar(30) CHARACTER SET utf8mb4 COLLATE utf8mb4_general_ci NULL DEFAULT NULL COMMENT '物流单号',
  `status` char(2) CHARACTER SET utf8mb4 COLLATE utf8mb4_general_ci NULL DEFAULT NULL COMMENT '快递单当前状态，包括-1错误，0在途，1揽收，2疑难，3签收，4退签，5派件，6退回，7转投?等7个状态',
  `is_check` char(2) CHARACTER SET utf8mb4 COLLATE utf8mb4_general_ci NULL DEFAULT NULL COMMENT '签收标记（0：未签收；1：已签收）',
  `message` varchar(500) CHARACTER SET utf8mb4 COLLATE utf8mb4_general_ci NULL DEFAULT NULL COMMENT '相关信息',
  PRIMARY KEY (`id`) USING BTREE
) ENGINE = InnoDB CHARACTER SET = utf8mb4 COLLATE = utf8mb4_general_ci COMMENT = '订单物流表' ROW_FORMAT = DYNAMIC;

-- ----------------------------
-- Records of order_logistics
-- ----------------------------
INSERT INTO `order_logistics` VALUES ('1712311754991685633', '0', '2023-10-12 11:38:30', '2023-10-12 11:38:30', NULL, '刘潇', '18066758645', '浙江省杭州市上城区909', NULL, NULL, NULL, NULL, NULL);
INSERT INTO `order_logistics` VALUES ('1712383438461382657', '0', '2023-10-12 16:23:20', '2023-10-12 16:23:20', NULL, '刘潇', '18066758645', '浙江省杭州市上城区909', NULL, NULL, NULL, NULL, NULL);
INSERT INTO `order_logistics` VALUES ('1712388034533572609', '0', '2023-10-12 16:41:36', '2023-10-12 16:41:36', NULL, '刘潇', '18066758645', '浙江省杭州市上城区909', 'yunda', '1000011122211', '1', NULL, NULL);
INSERT INTO `order_logistics` VALUES ('1712392434891223041', '0', '2023-10-12 16:59:05', '2023-10-12 16:59:05', NULL, '刘潇', '18066758645', '浙江省杭州市上城区909', NULL, NULL, NULL, NULL, NULL);
INSERT INTO `order_logistics` VALUES ('1712406021479198722', '0', '2023-10-12 17:53:05', '2023-10-12 17:53:05', NULL, '刘潇', '18066758645', '浙江省杭州市上城区909', 'shunfeng', 'SF1420564042031', '1', NULL, NULL);
INSERT INTO `order_logistics` VALUES ('1712667409082609666', '0', '2023-10-13 11:11:44', '2023-10-13 11:11:44', NULL, '刘潇', '18066758645', '浙江省杭州市上城区909', 'shunfeng', 'SF1420564042031', '1', NULL, NULL);
INSERT INTO `order_logistics` VALUES ('1712758396316405761', '0', '2023-10-13 17:13:17', '2023-10-13 17:13:17', NULL, '刘潇', '18066758645', '浙江省杭州市上城区909', NULL, NULL, NULL, NULL, NULL);
INSERT INTO `order_logistics` VALUES ('1714127171565457410', '0', '2023-10-17 11:52:19', '2023-10-17 11:52:19', NULL, '刘潇', '18066758645', '浙江省杭州市上城区909', 'tiantian', '1000011111', '1', NULL, NULL);
INSERT INTO `order_logistics` VALUES ('1714179388389572609', '0', '2023-10-17 15:19:48', '2023-10-17 15:19:48', NULL, '刘潇', '18066758645', '浙江省杭州市上城区909', 'huitongkuaidi', '202310111001', '1', NULL, NULL);
INSERT INTO `order_logistics` VALUES ('1714459399554187266', '0', '2023-10-18 09:52:28', '2023-10-18 09:52:28', NULL, '戴浩', '17857025870', '浙江省宁波市鄞州区鄞州大道新中宇维萨公馆3栋502', NULL, NULL, NULL, NULL, NULL);
INSERT INTO `order_logistics` VALUES ('1714460632172052481', '0', '2023-10-18 09:57:22', '2023-10-18 09:57:22', NULL, '刘潇', '18066758645', '浙江省杭州市上城区909', 'tiantian', '202310112001', '1', NULL, NULL);
INSERT INTO `order_logistics` VALUES ('1715295686221742081', '0', '2023-10-20 17:15:34', '2023-10-20 17:15:34', NULL, '刘潇', '18066758645', '浙江省杭州市上城区909', NULL, NULL, NULL, NULL, NULL);
INSERT INTO `order_logistics` VALUES ('1716646102134013954', '0', '2023-10-24 10:41:39', '2023-10-24 10:41:39', NULL, '叶乐乐', '17857403578', '浙江省杭州市余杭区青枫墅园', 'yunda', '202310121005', '1', NULL, NULL);
INSERT INTO `order_logistics` VALUES ('1726493100857212930', '0', '2023-11-20 14:50:06', '2023-11-20 14:50:06', NULL, '张三', '18081167888', '广东省广州市海珠区新港中路397号', NULL, NULL, NULL, NULL, NULL);
INSERT INTO `order_logistics` VALUES ('1760605776155512833', '0', '2024-02-22 18:01:42', '2024-02-22 18:01:42', NULL, '张三', '18081167888', '广东省广州市海珠区新港中路397号', NULL, NULL, NULL, NULL, NULL);

-- ----------------------------
-- Table structure for publish_package_log
-- ----------------------------
DROP TABLE IF EXISTS `publish_package_log`;
CREATE TABLE `publish_package_log`  (
  `id` int(11) NOT NULL AUTO_INCREMENT,
  `version` varchar(50) CHARACTER SET utf8mb4 COLLATE utf8mb4_general_ci NOT NULL COMMENT '版本号：大版本-小版本',
  `publish_state` int(11) NOT NULL COMMENT '发行状态：0-未发行、1-当前版本',
  `create_time` datetime NOT NULL,
  `update_time` datetime NOT NULL,
  PRIMARY KEY (`id`) USING BTREE
) ENGINE = InnoDB AUTO_INCREMENT = 2 CHARACTER SET = utf8mb4 COLLATE = utf8mb4_general_ci ROW_FORMAT = Dynamic;

-- ----------------------------
-- Records of publish_package_log
-- ----------------------------
INSERT INTO `publish_package_log` VALUES (1, '0.1', 1, '2024-03-28 17:10:07', '2024-06-30 14:15:14');

-- ----------------------------
-- Table structure for qrtz_blob_triggers
-- ----------------------------
DROP TABLE IF EXISTS `qrtz_blob_triggers`;
CREATE TABLE `qrtz_blob_triggers`  (
  `sched_name` varchar(120) CHARACTER SET utf8mb4 COLLATE utf8mb4_general_ci NOT NULL,
  `trigger_name` varchar(200) CHARACTER SET utf8mb4 COLLATE utf8mb4_general_ci NOT NULL,
  `trigger_group` varchar(200) CHARACTER SET utf8mb4 COLLATE utf8mb4_general_ci NOT NULL,
  `blob_data` blob NULL,
  PRIMARY KEY (`sched_name`, `trigger_name`, `trigger_group`) USING BTREE,
  CONSTRAINT `QRTZ_BLOB_TRIGGERS_ibfk_1` FOREIGN KEY (`sched_name`, `trigger_name`, `trigger_group`) REFERENCES `qrtz_triggers` (`sched_name`, `trigger_name`, `trigger_group`) ON DELETE RESTRICT ON UPDATE RESTRICT
) ENGINE = InnoDB CHARACTER SET = utf8mb4 COLLATE = utf8mb4_general_ci ROW_FORMAT = DYNAMIC;

-- ----------------------------
-- Records of qrtz_blob_triggers
-- ----------------------------

-- ----------------------------
-- Table structure for qrtz_calendars
-- ----------------------------
DROP TABLE IF EXISTS `qrtz_calendars`;
CREATE TABLE `qrtz_calendars`  (
  `sched_name` varchar(120) CHARACTER SET utf8mb4 COLLATE utf8mb4_general_ci NOT NULL,
  `calendar_name` varchar(200) CHARACTER SET utf8mb4 COLLATE utf8mb4_general_ci NOT NULL,
  `calendar` blob NOT NULL,
  PRIMARY KEY (`sched_name`, `calendar_name`) USING BTREE
) ENGINE = InnoDB CHARACTER SET = utf8mb4 COLLATE = utf8mb4_general_ci ROW_FORMAT = DYNAMIC;

-- ----------------------------
-- Records of qrtz_calendars
-- ----------------------------

-- ----------------------------
-- Table structure for qrtz_cron_triggers
-- ----------------------------
DROP TABLE IF EXISTS `qrtz_cron_triggers`;
CREATE TABLE `qrtz_cron_triggers`  (
  `sched_name` varchar(120) CHARACTER SET utf8mb4 COLLATE utf8mb4_general_ci NOT NULL,
  `trigger_name` varchar(200) CHARACTER SET utf8mb4 COLLATE utf8mb4_general_ci NOT NULL,
  `trigger_group` varchar(200) CHARACTER SET utf8mb4 COLLATE utf8mb4_general_ci NOT NULL,
  `cron_expression` varchar(200) CHARACTER SET utf8mb4 COLLATE utf8mb4_general_ci NOT NULL,
  `time_zone_id` varchar(80) CHARACTER SET utf8mb4 COLLATE utf8mb4_general_ci NULL DEFAULT NULL,
  PRIMARY KEY (`sched_name`, `trigger_name`, `trigger_group`) USING BTREE,
  CONSTRAINT `QRTZ_CRON_TRIGGERS_ibfk_1` FOREIGN KEY (`sched_name`, `trigger_name`, `trigger_group`) REFERENCES `qrtz_triggers` (`sched_name`, `trigger_name`, `trigger_group`) ON DELETE RESTRICT ON UPDATE RESTRICT
) ENGINE = InnoDB CHARACTER SET = utf8mb4 COLLATE = utf8mb4_general_ci ROW_FORMAT = DYNAMIC;

-- ----------------------------
-- Records of qrtz_cron_triggers
-- ----------------------------

-- ----------------------------
-- Table structure for qrtz_fired_triggers
-- ----------------------------
DROP TABLE IF EXISTS `qrtz_fired_triggers`;
CREATE TABLE `qrtz_fired_triggers`  (
  `sched_name` varchar(120) CHARACTER SET utf8mb4 COLLATE utf8mb4_general_ci NOT NULL,
  `entry_id` varchar(95) CHARACTER SET utf8mb4 COLLATE utf8mb4_general_ci NOT NULL,
  `trigger_name` varchar(200) CHARACTER SET utf8mb4 COLLATE utf8mb4_general_ci NOT NULL,
  `trigger_group` varchar(200) CHARACTER SET utf8mb4 COLLATE utf8mb4_general_ci NOT NULL,
  `instance_name` varchar(200) CHARACTER SET utf8mb4 COLLATE utf8mb4_general_ci NOT NULL,
  `fired_time` bigint(20) NOT NULL,
  `sched_time` bigint(20) NOT NULL,
  `priority` int(11) NOT NULL,
  `state` varchar(16) CHARACTER SET utf8mb4 COLLATE utf8mb4_general_ci NOT NULL,
  `job_name` varchar(200) CHARACTER SET utf8mb4 COLLATE utf8mb4_general_ci NULL DEFAULT NULL,
  `job_group` varchar(200) CHARACTER SET utf8mb4 COLLATE utf8mb4_general_ci NULL DEFAULT NULL,
  `is_nonconcurrent` varchar(1) CHARACTER SET utf8mb4 COLLATE utf8mb4_general_ci NULL DEFAULT NULL,
  `requests_recovery` varchar(1) CHARACTER SET utf8mb4 COLLATE utf8mb4_general_ci NULL DEFAULT NULL,
  PRIMARY KEY (`sched_name`, `entry_id`) USING BTREE
) ENGINE = InnoDB CHARACTER SET = utf8mb4 COLLATE = utf8mb4_general_ci ROW_FORMAT = DYNAMIC;

-- ----------------------------
-- Records of qrtz_fired_triggers
-- ----------------------------

-- ----------------------------
-- Table structure for qrtz_job_details
-- ----------------------------
DROP TABLE IF EXISTS `qrtz_job_details`;
CREATE TABLE `qrtz_job_details`  (
  `sched_name` varchar(120) CHARACTER SET utf8mb4 COLLATE utf8mb4_general_ci NOT NULL,
  `job_name` varchar(200) CHARACTER SET utf8mb4 COLLATE utf8mb4_general_ci NOT NULL,
  `job_group` varchar(200) CHARACTER SET utf8mb4 COLLATE utf8mb4_general_ci NOT NULL,
  `description` varchar(250) CHARACTER SET utf8mb4 COLLATE utf8mb4_general_ci NULL DEFAULT NULL,
  `job_class_name` varchar(250) CHARACTER SET utf8mb4 COLLATE utf8mb4_general_ci NOT NULL,
  `is_durable` varchar(1) CHARACTER SET utf8mb4 COLLATE utf8mb4_general_ci NOT NULL,
  `is_nonconcurrent` varchar(1) CHARACTER SET utf8mb4 COLLATE utf8mb4_general_ci NOT NULL,
  `is_update_data` varchar(1) CHARACTER SET utf8mb4 COLLATE utf8mb4_general_ci NOT NULL,
  `requests_recovery` varchar(1) CHARACTER SET utf8mb4 COLLATE utf8mb4_general_ci NOT NULL,
  `job_data` blob NULL,
  PRIMARY KEY (`sched_name`, `job_name`, `job_group`) USING BTREE
) ENGINE = InnoDB CHARACTER SET = utf8mb4 COLLATE = utf8mb4_general_ci ROW_FORMAT = DYNAMIC;

-- ----------------------------
-- Records of qrtz_job_details
-- ----------------------------

-- ----------------------------
-- Table structure for qrtz_locks
-- ----------------------------
DROP TABLE IF EXISTS `qrtz_locks`;
CREATE TABLE `qrtz_locks`  (
  `sched_name` varchar(120) CHARACTER SET utf8mb4 COLLATE utf8mb4_general_ci NOT NULL,
  `lock_name` varchar(40) CHARACTER SET utf8mb4 COLLATE utf8mb4_general_ci NOT NULL,
  PRIMARY KEY (`sched_name`, `lock_name`) USING BTREE
) ENGINE = InnoDB CHARACTER SET = utf8mb4 COLLATE = utf8mb4_general_ci ROW_FORMAT = DYNAMIC;

-- ----------------------------
-- Records of qrtz_locks
-- ----------------------------
INSERT INTO `qrtz_locks` VALUES ('RuoyiScheduler', 'STATE_ACCESS');
INSERT INTO `qrtz_locks` VALUES ('RuoyiScheduler', 'TRIGGER_ACCESS');

-- ----------------------------
-- Table structure for qrtz_paused_trigger_grps
-- ----------------------------
DROP TABLE IF EXISTS `qrtz_paused_trigger_grps`;
CREATE TABLE `qrtz_paused_trigger_grps`  (
  `sched_name` varchar(120) CHARACTER SET utf8mb4 COLLATE utf8mb4_general_ci NOT NULL,
  `trigger_group` varchar(200) CHARACTER SET utf8mb4 COLLATE utf8mb4_general_ci NOT NULL,
  PRIMARY KEY (`sched_name`, `trigger_group`) USING BTREE
) ENGINE = InnoDB CHARACTER SET = utf8mb4 COLLATE = utf8mb4_general_ci ROW_FORMAT = DYNAMIC;

-- ----------------------------
-- Records of qrtz_paused_trigger_grps
-- ----------------------------

-- ----------------------------
-- Table structure for qrtz_scheduler_state
-- ----------------------------
DROP TABLE IF EXISTS `qrtz_scheduler_state`;
CREATE TABLE `qrtz_scheduler_state`  (
  `sched_name` varchar(120) CHARACTER SET utf8mb4 COLLATE utf8mb4_general_ci NOT NULL,
  `instance_name` varchar(200) CHARACTER SET utf8mb4 COLLATE utf8mb4_general_ci NOT NULL,
  `last_checkin_time` bigint(20) NOT NULL,
  `checkin_interval` bigint(20) NOT NULL,
  PRIMARY KEY (`sched_name`, `instance_name`) USING BTREE
) ENGINE = InnoDB CHARACTER SET = utf8mb4 COLLATE = utf8mb4_general_ci ROW_FORMAT = DYNAMIC;

-- ----------------------------
-- Records of qrtz_scheduler_state
-- ----------------------------
INSERT INTO `qrtz_scheduler_state` VALUES ('RuoyiScheduler', 'VM-0-2-tencentos1714355067989', 1721813128497, 15000);

-- ----------------------------
-- Table structure for qrtz_simple_triggers
-- ----------------------------
DROP TABLE IF EXISTS `qrtz_simple_triggers`;
CREATE TABLE `qrtz_simple_triggers`  (
  `sched_name` varchar(120) CHARACTER SET utf8mb4 COLLATE utf8mb4_general_ci NOT NULL,
  `trigger_name` varchar(200) CHARACTER SET utf8mb4 COLLATE utf8mb4_general_ci NOT NULL,
  `trigger_group` varchar(200) CHARACTER SET utf8mb4 COLLATE utf8mb4_general_ci NOT NULL,
  `repeat_count` bigint(20) NOT NULL,
  `repeat_interval` bigint(20) NOT NULL,
  `times_triggered` bigint(20) NOT NULL,
  PRIMARY KEY (`sched_name`, `trigger_name`, `trigger_group`) USING BTREE,
  CONSTRAINT `QRTZ_SIMPLE_TRIGGERS_ibfk_1` FOREIGN KEY (`sched_name`, `trigger_name`, `trigger_group`) REFERENCES `qrtz_triggers` (`sched_name`, `trigger_name`, `trigger_group`) ON DELETE RESTRICT ON UPDATE RESTRICT
) ENGINE = InnoDB CHARACTER SET = utf8mb4 COLLATE = utf8mb4_general_ci ROW_FORMAT = DYNAMIC;

-- ----------------------------
-- Records of qrtz_simple_triggers
-- ----------------------------

-- ----------------------------
-- Table structure for qrtz_simprop_triggers
-- ----------------------------
DROP TABLE IF EXISTS `qrtz_simprop_triggers`;
CREATE TABLE `qrtz_simprop_triggers`  (
  `sched_name` varchar(120) CHARACTER SET utf8mb4 COLLATE utf8mb4_general_ci NOT NULL,
  `trigger_name` varchar(200) CHARACTER SET utf8mb4 COLLATE utf8mb4_general_ci NOT NULL,
  `trigger_group` varchar(200) CHARACTER SET utf8mb4 COLLATE utf8mb4_general_ci NOT NULL,
  `str_prop_1` varchar(512) CHARACTER SET utf8mb4 COLLATE utf8mb4_general_ci NULL DEFAULT NULL,
  `str_prop_2` varchar(512) CHARACTER SET utf8mb4 COLLATE utf8mb4_general_ci NULL DEFAULT NULL,
  `str_prop_3` varchar(512) CHARACTER SET utf8mb4 COLLATE utf8mb4_general_ci NULL DEFAULT NULL,
  `int_prop_1` int(11) NULL DEFAULT NULL,
  `int_prop_2` int(11) NULL DEFAULT NULL,
  `long_prop_1` bigint(20) NULL DEFAULT NULL,
  `long_prop_2` bigint(20) NULL DEFAULT NULL,
  `dec_prop_1` decimal(13, 4) NULL DEFAULT NULL,
  `dec_prop_2` decimal(13, 4) NULL DEFAULT NULL,
  `bool_prop_1` varchar(1) CHARACTER SET utf8mb4 COLLATE utf8mb4_general_ci NULL DEFAULT NULL,
  `bool_prop_2` varchar(1) CHARACTER SET utf8mb4 COLLATE utf8mb4_general_ci NULL DEFAULT NULL,
  PRIMARY KEY (`sched_name`, `trigger_name`, `trigger_group`) USING BTREE,
  CONSTRAINT `QRTZ_SIMPROP_TRIGGERS_ibfk_1` FOREIGN KEY (`sched_name`, `trigger_name`, `trigger_group`) REFERENCES `qrtz_triggers` (`sched_name`, `trigger_name`, `trigger_group`) ON DELETE RESTRICT ON UPDATE RESTRICT
) ENGINE = InnoDB CHARACTER SET = utf8mb4 COLLATE = utf8mb4_general_ci ROW_FORMAT = DYNAMIC;

-- ----------------------------
-- Records of qrtz_simprop_triggers
-- ----------------------------

-- ----------------------------
-- Table structure for qrtz_triggers
-- ----------------------------
DROP TABLE IF EXISTS `qrtz_triggers`;
CREATE TABLE `qrtz_triggers`  (
  `sched_name` varchar(120) CHARACTER SET utf8mb4 COLLATE utf8mb4_general_ci NOT NULL,
  `trigger_name` varchar(200) CHARACTER SET utf8mb4 COLLATE utf8mb4_general_ci NOT NULL,
  `trigger_group` varchar(200) CHARACTER SET utf8mb4 COLLATE utf8mb4_general_ci NOT NULL,
  `job_name` varchar(200) CHARACTER SET utf8mb4 COLLATE utf8mb4_general_ci NOT NULL,
  `job_group` varchar(200) CHARACTER SET utf8mb4 COLLATE utf8mb4_general_ci NOT NULL,
  `description` varchar(250) CHARACTER SET utf8mb4 COLLATE utf8mb4_general_ci NULL DEFAULT NULL,
  `next_fire_time` bigint(20) NULL DEFAULT NULL,
  `prev_fire_time` bigint(20) NULL DEFAULT NULL,
  `priority` int(11) NULL DEFAULT NULL,
  `trigger_state` varchar(16) CHARACTER SET utf8mb4 COLLATE utf8mb4_general_ci NOT NULL,
  `trigger_type` varchar(8) CHARACTER SET utf8mb4 COLLATE utf8mb4_general_ci NOT NULL,
  `start_time` bigint(20) NOT NULL,
  `end_time` bigint(20) NULL DEFAULT NULL,
  `calendar_name` varchar(200) CHARACTER SET utf8mb4 COLLATE utf8mb4_general_ci NULL DEFAULT NULL,
  `misfire_instr` smallint(6) NULL DEFAULT NULL,
  `job_data` blob NULL,
  PRIMARY KEY (`sched_name`, `trigger_name`, `trigger_group`) USING BTREE,
  INDEX `sched_name`(`sched_name`, `job_name`, `job_group`) USING BTREE,
  CONSTRAINT `QRTZ_TRIGGERS_ibfk_1` FOREIGN KEY (`sched_name`, `job_name`, `job_group`) REFERENCES `qrtz_job_details` (`sched_name`, `job_name`, `job_group`) ON DELETE RESTRICT ON UPDATE RESTRICT
) ENGINE = InnoDB CHARACTER SET = utf8mb4 COLLATE = utf8mb4_general_ci ROW_FORMAT = DYNAMIC;

-- ----------------------------
-- Records of qrtz_triggers
-- ----------------------------

-- ----------------------------
-- Table structure for shopping_cart
-- ----------------------------
DROP TABLE IF EXISTS `shopping_cart`;
CREATE TABLE `shopping_cart`  (
  `id` varchar(32) CHARACTER SET utf8mb4 COLLATE utf8mb4_general_ci NOT NULL COMMENT 'PK',
  `del_flag` char(2) CHARACTER SET utf8mb4 COLLATE utf8mb4_general_ci NOT NULL DEFAULT '0' COMMENT '逻辑删除标记（0：显示；1：隐藏）',
  `create_time` datetime NOT NULL DEFAULT CURRENT_TIMESTAMP COMMENT '创建时间',
  `update_time` timestamp NOT NULL DEFAULT CURRENT_TIMESTAMP ON UPDATE CURRENT_TIMESTAMP COMMENT '最后更新时间',
  `user_id` varchar(32) CHARACTER SET utf8mb4 COLLATE utf8mb4_general_ci NOT NULL COMMENT '用户编号',
  `spu_id` varchar(32) CHARACTER SET utf8mb4 COLLATE utf8mb4_general_ci NOT NULL COMMENT '商品SPU',
  `quantity` int(11) NOT NULL COMMENT '数量',
  `spu_name` varchar(200) CHARACTER SET utf8mb4 COLLATE utf8mb4_general_ci NULL DEFAULT NULL COMMENT '加入时的spu名字',
  `add_price` decimal(10, 2) NULL DEFAULT NULL COMMENT '加入时价格',
  `pic_url` varchar(500) CHARACTER SET utf8mb4 COLLATE utf8mb4_general_ci NULL DEFAULT NULL COMMENT '图片',
  PRIMARY KEY (`id`) USING BTREE
) ENGINE = InnoDB CHARACTER SET = utf8mb4 COLLATE = utf8mb4_general_ci COMMENT = '购物车' ROW_FORMAT = DYNAMIC;

-- ----------------------------
-- Records of shopping_cart
-- ----------------------------

-- ----------------------------
-- Table structure for sys_config
-- ----------------------------
DROP TABLE IF EXISTS `sys_config`;
CREATE TABLE `sys_config`  (
  `config_id` int(11) NOT NULL AUTO_INCREMENT COMMENT '参数主键',
  `config_name` varchar(100) CHARACTER SET utf8mb4 COLLATE utf8mb4_general_ci NULL DEFAULT '' COMMENT '参数名称',
  `config_key` varchar(100) CHARACTER SET utf8mb4 COLLATE utf8mb4_general_ci NULL DEFAULT '' COMMENT '参数键名',
  `config_value` varchar(500) CHARACTER SET utf8mb4 COLLATE utf8mb4_general_ci NULL DEFAULT '' COMMENT '参数键值',
  `config_type` char(1) CHARACTER SET utf8mb4 COLLATE utf8mb4_general_ci NULL DEFAULT 'N' COMMENT '系统内置（Y是 N否）',
  `create_by` varchar(64) CHARACTER SET utf8mb4 COLLATE utf8mb4_general_ci NULL DEFAULT '' COMMENT '创建者',
  `create_time` datetime NULL DEFAULT NULL COMMENT '创建时间',
  `update_by` varchar(64) CHARACTER SET utf8mb4 COLLATE utf8mb4_general_ci NULL DEFAULT '' COMMENT '更新者',
  `update_time` datetime NULL DEFAULT NULL COMMENT '更新时间',
  `remark` varchar(500) CHARACTER SET utf8mb4 COLLATE utf8mb4_general_ci NULL DEFAULT NULL COMMENT '备注',
  PRIMARY KEY (`config_id`) USING BTREE
) ENGINE = InnoDB AUTO_INCREMENT = 4 CHARACTER SET = utf8mb4 COLLATE = utf8mb4_general_ci COMMENT = '参数配置表' ROW_FORMAT = DYNAMIC;

-- ----------------------------
-- Records of sys_config
-- ----------------------------
INSERT INTO `sys_config` VALUES (1, '主框架页-默认皮肤样式名称', 'sys.index.skinName', 'skin-blue', 'Y', 'admin', '2021-01-14 15:39:13', '', NULL, '蓝色 skin-blue、绿色 skin-green、紫色 skin-purple、红色 skin-red、黄色 skin-yellow');
INSERT INTO `sys_config` VALUES (2, '用户管理-账号初始密码', 'sys.user.initPassword', '123456', 'Y', 'admin', '2021-01-14 15:39:13', '', NULL, '初始化密码 123456');
INSERT INTO `sys_config` VALUES (3, '主框架页-侧边栏主题', 'sys.index.sideTheme', 'theme-dark', 'Y', 'admin', '2021-01-14 15:39:13', '', NULL, '深色主题theme-dark，浅色主题theme-light');

-- ----------------------------
-- Table structure for sys_dept
-- ----------------------------
DROP TABLE IF EXISTS `sys_dept`;
CREATE TABLE `sys_dept`  (
  `dept_id` bigint(20) NOT NULL AUTO_INCREMENT COMMENT '部门id',
  `parent_id` bigint(20) NULL DEFAULT 0 COMMENT '父部门id',
  `ancestors` varchar(50) CHARACTER SET utf8mb4 COLLATE utf8mb4_general_ci NULL DEFAULT '' COMMENT '祖级列表',
  `dept_name` varchar(30) CHARACTER SET utf8mb4 COLLATE utf8mb4_general_ci NULL DEFAULT '' COMMENT '部门名称',
  `order_num` int(11) NULL DEFAULT 0 COMMENT '显示顺序',
  `leader` varchar(20) CHARACTER SET utf8mb4 COLLATE utf8mb4_general_ci NULL DEFAULT NULL COMMENT '负责人',
  `phone` varchar(11) CHARACTER SET utf8mb4 COLLATE utf8mb4_general_ci NULL DEFAULT NULL COMMENT '联系电话',
  `email` varchar(50) CHARACTER SET utf8mb4 COLLATE utf8mb4_general_ci NULL DEFAULT NULL COMMENT '邮箱',
  `status` char(1) CHARACTER SET utf8mb4 COLLATE utf8mb4_general_ci NULL DEFAULT '0' COMMENT '部门状态（0正常 1停用）',
  `del_flag` char(1) CHARACTER SET utf8mb4 COLLATE utf8mb4_general_ci NULL DEFAULT '0' COMMENT '删除标志（0代表存在 2代表删除）',
  `create_by` varchar(64) CHARACTER SET utf8mb4 COLLATE utf8mb4_general_ci NULL DEFAULT '' COMMENT '创建者',
  `create_time` datetime NULL DEFAULT NULL COMMENT '创建时间',
  `update_by` varchar(64) CHARACTER SET utf8mb4 COLLATE utf8mb4_general_ci NULL DEFAULT '' COMMENT '更新者',
  `update_time` datetime NULL DEFAULT NULL COMMENT '更新时间',
  PRIMARY KEY (`dept_id`) USING BTREE
) ENGINE = InnoDB AUTO_INCREMENT = 110 CHARACTER SET = utf8mb4 COLLATE = utf8mb4_general_ci COMMENT = '部门表' ROW_FORMAT = DYNAMIC;

-- ----------------------------
-- Records of sys_dept
-- ----------------------------
INSERT INTO `sys_dept` VALUES (100, 0, '0', 'admin', 0, 'admin', '15888888888', 'admin@qq.com', '0', '0', 'admin', '2021-01-14 15:39:13', 'admin', '2023-09-06 14:26:10');
INSERT INTO `sys_dept` VALUES (101, 100, '0,100', '杭州总公司', 1, 'admin', '15888888888', 'admin@qq.com', '0', '0', 'admin', '2021-01-14 15:39:13', 'admin', '2023-09-06 14:26:10');
INSERT INTO `sys_dept` VALUES (102, 100, '0,100', '长沙分公司', 2, 'JooLun', '15888888888', 'ry@qq.com', '0', '2', 'admin', '2021-01-14 15:39:13', 'admin', '2021-01-16 00:07:55');
INSERT INTO `sys_dept` VALUES (103, 101, '0,100,101', '研发部门', 1, 'admin', '15888888888', 'admin@qq.com', '0', '0', 'admin', '2021-01-14 15:39:13', 'admin', '2023-09-06 14:26:03');
INSERT INTO `sys_dept` VALUES (104, 101, '0,100,101', '市场部门', 2, 'admin', '15888888888', 'admin@qq.com', '0', '0', 'admin', '2021-01-14 15:39:13', 'admin', '2023-09-06 14:26:10');
INSERT INTO `sys_dept` VALUES (105, 101, '0,100,101', '测试部门', 3, 'JooLun', '15888888888', 'ry@qq.com', '0', '2', 'admin', '2021-01-14 15:39:13', 'admin', '2021-01-16 00:07:39');
INSERT INTO `sys_dept` VALUES (106, 101, '0,100,101', '财务部门', 4, 'JooLun', '15888888888', 'ry@qq.com', '0', '2', 'admin', '2021-01-14 15:39:13', 'admin', '2021-01-16 00:07:42');
INSERT INTO `sys_dept` VALUES (107, 101, '0,100,101', '运维部门', 5, 'JooLun', '15888888888', 'ry@qq.com', '0', '2', 'admin', '2021-01-14 15:39:13', 'admin', '2021-01-16 00:07:45');
INSERT INTO `sys_dept` VALUES (108, 102, '0,100,102', '市场部门', 1, 'JooLun', '15888888888', 'ry@qq.com', '0', '2', 'admin', '2021-01-14 15:39:13', 'admin', '2021-01-16 00:07:52');
INSERT INTO `sys_dept` VALUES (109, 102, '0,100,102', '财务部门', 2, 'JooLun', '15888888888', 'ry@qq.com', '0', '2', 'admin', '2021-01-14 15:39:13', 'admin', '2021-01-16 00:07:55');

-- ----------------------------
-- Table structure for sys_dict_data
-- ----------------------------
DROP TABLE IF EXISTS `sys_dict_data`;
CREATE TABLE `sys_dict_data`  (
  `dict_code` bigint(20) NOT NULL AUTO_INCREMENT COMMENT '字典编码',
  `dict_sort` int(11) NULL DEFAULT 0 COMMENT '字典排序',
  `dict_label` varchar(100) CHARACTER SET utf8mb4 COLLATE utf8mb4_general_ci NULL DEFAULT '' COMMENT '字典标签',
  `dict_value` varchar(100) CHARACTER SET utf8mb4 COLLATE utf8mb4_general_ci NULL DEFAULT '' COMMENT '字典键值',
  `dict_type` varchar(100) CHARACTER SET utf8mb4 COLLATE utf8mb4_general_ci NULL DEFAULT '' COMMENT '字典类型',
  `css_class` varchar(100) CHARACTER SET utf8mb4 COLLATE utf8mb4_general_ci NULL DEFAULT NULL COMMENT '样式属性（其他样式扩展）',
  `list_class` varchar(100) CHARACTER SET utf8mb4 COLLATE utf8mb4_general_ci NULL DEFAULT NULL COMMENT '表格回显样式',
  `is_default` char(1) CHARACTER SET utf8mb4 COLLATE utf8mb4_general_ci NULL DEFAULT 'N' COMMENT '是否默认（Y是 N否）',
  `status` char(1) CHARACTER SET utf8mb4 COLLATE utf8mb4_general_ci NULL DEFAULT '0' COMMENT '状态（0正常 1停用）',
  `create_by` varchar(64) CHARACTER SET utf8mb4 COLLATE utf8mb4_general_ci NULL DEFAULT '' COMMENT '创建者',
  `create_time` datetime NULL DEFAULT NULL COMMENT '创建时间',
  `update_by` varchar(64) CHARACTER SET utf8mb4 COLLATE utf8mb4_general_ci NULL DEFAULT '' COMMENT '更新者',
  `update_time` datetime NULL DEFAULT NULL COMMENT '更新时间',
  `remark` varchar(500) CHARACTER SET utf8mb4 COLLATE utf8mb4_general_ci NULL DEFAULT NULL COMMENT '备注',
  PRIMARY KEY (`dict_code`) USING BTREE
) ENGINE = InnoDB AUTO_INCREMENT = 113 CHARACTER SET = utf8mb4 COLLATE = utf8mb4_general_ci COMMENT = '字典数据表' ROW_FORMAT = DYNAMIC;

-- ----------------------------
-- Records of sys_dict_data
-- ----------------------------
INSERT INTO `sys_dict_data` VALUES (1, 1, '男', '0', 'sys_user_sex', '', '', 'Y', '0', 'admin', '2021-01-14 15:39:13', '', NULL, '性别男');
INSERT INTO `sys_dict_data` VALUES (2, 2, '女', '1', 'sys_user_sex', '', '', 'N', '0', 'admin', '2021-01-14 15:39:13', '', NULL, '性别女');
INSERT INTO `sys_dict_data` VALUES (3, 3, '未知', '2', 'sys_user_sex', '', '', 'N', '0', 'admin', '2021-01-14 15:39:13', '', NULL, '性别未知');
INSERT INTO `sys_dict_data` VALUES (4, 1, '显示', '0', 'sys_show_hide', '', 'primary', 'Y', '0', 'admin', '2021-01-14 15:39:13', '', NULL, '显示菜单');
INSERT INTO `sys_dict_data` VALUES (5, 2, '隐藏', '1', 'sys_show_hide', '', 'danger', 'N', '0', 'admin', '2021-01-14 15:39:13', '', NULL, '隐藏菜单');
INSERT INTO `sys_dict_data` VALUES (6, 1, '正常', '0', 'sys_normal_disable', '', 'primary', 'Y', '0', 'admin', '2021-01-14 15:39:13', '', NULL, '正常状态');
INSERT INTO `sys_dict_data` VALUES (7, 2, '停用', '1', 'sys_normal_disable', '', 'danger', 'N', '0', 'admin', '2021-01-14 15:39:13', '', NULL, '停用状态');
INSERT INTO `sys_dict_data` VALUES (8, 1, '正常', '0', 'sys_job_status', '', 'primary', 'Y', '0', 'admin', '2021-01-14 15:39:13', '', NULL, '正常状态');
INSERT INTO `sys_dict_data` VALUES (9, 2, '暂停', '1', 'sys_job_status', '', 'danger', 'N', '0', 'admin', '2021-01-14 15:39:13', '', NULL, '停用状态');
INSERT INTO `sys_dict_data` VALUES (10, 1, '默认', 'DEFAULT', 'sys_job_group', '', '', 'Y', '0', 'admin', '2021-01-14 15:39:13', '', NULL, '默认分组');
INSERT INTO `sys_dict_data` VALUES (11, 2, '系统', 'SYSTEM', 'sys_job_group', '', '', 'N', '0', 'admin', '2021-01-14 15:39:13', '', NULL, '系统分组');
INSERT INTO `sys_dict_data` VALUES (12, 1, '是', 'Y', 'sys_yes_no', '', 'primary', 'Y', '0', 'admin', '2021-01-14 15:39:13', '', NULL, '系统默认是');
INSERT INTO `sys_dict_data` VALUES (13, 2, '否', 'N', 'sys_yes_no', '', 'danger', 'N', '0', 'admin', '2021-01-14 15:39:13', '', NULL, '系统默认否');
INSERT INTO `sys_dict_data` VALUES (14, 1, '通知', '1', 'sys_notice_type', '', 'warning', 'Y', '0', 'admin', '2021-01-14 15:39:13', '', NULL, '通知');
INSERT INTO `sys_dict_data` VALUES (15, 2, '公告', '2', 'sys_notice_type', '', 'success', 'N', '0', 'admin', '2021-01-14 15:39:13', '', NULL, '公告');
INSERT INTO `sys_dict_data` VALUES (16, 1, '正常', '0', 'sys_notice_status', '', 'primary', 'Y', '0', 'admin', '2021-01-14 15:39:13', '', NULL, '正常状态');
INSERT INTO `sys_dict_data` VALUES (17, 2, '关闭', '1', 'sys_notice_status', '', 'danger', 'N', '0', 'admin', '2021-01-14 15:39:13', '', NULL, '关闭状态');
INSERT INTO `sys_dict_data` VALUES (18, 1, '新增', '1', 'sys_oper_type', '', 'info', 'N', '0', 'admin', '2021-01-14 15:39:13', '', NULL, '新增操作');
INSERT INTO `sys_dict_data` VALUES (19, 2, '修改', '2', 'sys_oper_type', '', 'info', 'N', '0', 'admin', '2021-01-14 15:39:13', '', NULL, '修改操作');
INSERT INTO `sys_dict_data` VALUES (20, 3, '删除', '3', 'sys_oper_type', '', 'danger', 'N', '0', 'admin', '2021-01-14 15:39:13', '', NULL, '删除操作');
INSERT INTO `sys_dict_data` VALUES (21, 4, '授权', '4', 'sys_oper_type', '', 'primary', 'N', '0', 'admin', '2021-01-14 15:39:13', '', NULL, '授权操作');
INSERT INTO `sys_dict_data` VALUES (22, 5, '导出', '5', 'sys_oper_type', '', 'warning', 'N', '0', 'admin', '2021-01-14 15:39:13', '', NULL, '导出操作');
INSERT INTO `sys_dict_data` VALUES (23, 6, '导入', '6', 'sys_oper_type', '', 'warning', 'N', '0', 'admin', '2021-01-14 15:39:13', '', NULL, '导入操作');
INSERT INTO `sys_dict_data` VALUES (24, 7, '强退', '7', 'sys_oper_type', '', 'danger', 'N', '0', 'admin', '2021-01-14 15:39:13', '', NULL, '强退操作');
INSERT INTO `sys_dict_data` VALUES (25, 8, '生成代码', '8', 'sys_oper_type', '', 'warning', 'N', '0', 'admin', '2021-01-14 15:39:13', '', NULL, '生成操作');
INSERT INTO `sys_dict_data` VALUES (26, 9, '清空数据', '9', 'sys_oper_type', '', 'danger', 'N', '0', 'admin', '2021-01-14 15:39:13', '', NULL, '清空操作');
INSERT INTO `sys_dict_data` VALUES (27, 1, '成功', '0', 'sys_common_status', '', 'primary', 'N', '0', 'admin', '2021-01-14 15:39:13', '', NULL, '正常状态');
INSERT INTO `sys_dict_data` VALUES (28, 2, '失败', '1', 'sys_common_status', '', 'danger', 'N', '0', 'admin', '2021-01-14 15:39:13', '', NULL, '停用状态');
INSERT INTO `sys_dict_data` VALUES (100, 0, '1.0.0 Alpha', '1', 'equipment_info_software_version', NULL, NULL, 'N', '0', 'admin', '2023-09-11 10:15:31', '', NULL, '1.0.0 Alpha内测版');
INSERT INTO `sys_dict_data` VALUES (101, 0, '1.0.0 Beta', '2', 'equipment_info_software_version', NULL, NULL, 'N', '0', 'admin', '2023-09-11 10:16:11', '', NULL, '1.0.0 Beta 公测版');
INSERT INTO `sys_dict_data` VALUES (102, 0, '1.0.0 General Availability', '3', 'equipment_info_software_version', NULL, NULL, 'N', '0', 'admin', '2023-09-11 10:17:02', '', NULL, '1.0.0 发行版');
INSERT INTO `sys_dict_data` VALUES (103, 0, '1.0.0 Beta', '1', 'equipment_info_hardware_version', NULL, NULL, 'N', '0', 'admin', '2023-09-11 10:18:43', '', NULL, '1.0.0 Beta公测版');
INSERT INTO `sys_dict_data` VALUES (104, 0, '1.0.0 General Availability', '2', 'equipment_info_hardware_version', NULL, NULL, 'N', '0', 'admin', '2023-09-11 10:19:17', '', NULL, '1.0.0 发行版');
INSERT INTO `sys_dict_data` VALUES (105, 0, '离线', '0', 'equipment_status', NULL, NULL, 'N', '0', 'admin', '2023-09-11 11:31:00', '', NULL, NULL);
INSERT INTO `sys_dict_data` VALUES (106, 0, '在线', '1', 'equipment_status', NULL, NULL, 'N', '0', 'admin', '2023-09-11 11:31:11', '', NULL, NULL);
INSERT INTO `sys_dict_data` VALUES (107, 0, '使用中', '2', 'equipment_status', NULL, NULL, 'N', '0', 'admin', '2023-09-11 11:31:20', '', NULL, NULL);
INSERT INTO `sys_dict_data` VALUES (108, 0, '未售出', '0', 'warehouse_status', NULL, NULL, 'N', '0', 'admin', '2023-09-11 11:31:45', '', NULL, NULL);
INSERT INTO `sys_dict_data` VALUES (109, 0, '已售出', '1', 'warehouse_status', NULL, NULL, 'N', '0', 'admin', '2023-09-11 11:31:52', '', NULL, NULL);
INSERT INTO `sys_dict_data` VALUES (110, 0, '未使用', '0', 'drug_status', NULL, NULL, 'N', '0', 'admin', '2023-09-15 16:18:07', '', NULL, NULL);
INSERT INTO `sys_dict_data` VALUES (111, 0, '使用中', '1', 'drug_status', NULL, NULL, 'N', '0', 'admin', '2023-09-15 16:18:23', '', NULL, NULL);
INSERT INTO `sys_dict_data` VALUES (112, 0, '已用完', '2', 'drug_status', NULL, NULL, 'N', '0', 'admin', '2023-09-15 16:19:42', '', NULL, NULL);

-- ----------------------------
-- Table structure for sys_dict_type
-- ----------------------------
DROP TABLE IF EXISTS `sys_dict_type`;
CREATE TABLE `sys_dict_type`  (
  `dict_id` bigint(20) NOT NULL AUTO_INCREMENT COMMENT '字典主键',
  `dict_name` varchar(100) CHARACTER SET utf8mb4 COLLATE utf8mb4_general_ci NULL DEFAULT '' COMMENT '字典名称',
  `dict_type` varchar(100) CHARACTER SET utf8mb4 COLLATE utf8mb4_general_ci NULL DEFAULT '' COMMENT '字典类型',
  `status` char(1) CHARACTER SET utf8mb4 COLLATE utf8mb4_general_ci NULL DEFAULT '0' COMMENT '状态（0正常 1停用）',
  `create_by` varchar(64) CHARACTER SET utf8mb4 COLLATE utf8mb4_general_ci NULL DEFAULT '' COMMENT '创建者',
  `create_time` datetime NULL DEFAULT NULL COMMENT '创建时间',
  `update_by` varchar(64) CHARACTER SET utf8mb4 COLLATE utf8mb4_general_ci NULL DEFAULT '' COMMENT '更新者',
  `update_time` datetime NULL DEFAULT NULL COMMENT '更新时间',
  `remark` varchar(500) CHARACTER SET utf8mb4 COLLATE utf8mb4_general_ci NULL DEFAULT NULL COMMENT '备注',
  PRIMARY KEY (`dict_id`) USING BTREE,
  UNIQUE INDEX `dict_type`(`dict_type`) USING BTREE
) ENGINE = InnoDB AUTO_INCREMENT = 105 CHARACTER SET = utf8mb4 COLLATE = utf8mb4_general_ci COMMENT = '字典类型表' ROW_FORMAT = DYNAMIC;

-- ----------------------------
-- Records of sys_dict_type
-- ----------------------------
INSERT INTO `sys_dict_type` VALUES (1, '用户性别', 'sys_user_sex', '0', 'admin', '2021-01-14 15:39:13', '', NULL, '用户性别列表');
INSERT INTO `sys_dict_type` VALUES (2, '菜单状态', 'sys_show_hide', '0', 'admin', '2021-01-14 15:39:13', '', NULL, '菜单状态列表');
INSERT INTO `sys_dict_type` VALUES (3, '系统开关', 'sys_normal_disable', '0', 'admin', '2021-01-14 15:39:13', '', NULL, '系统开关列表');
INSERT INTO `sys_dict_type` VALUES (4, '任务状态', 'sys_job_status', '0', 'admin', '2021-01-14 15:39:13', '', NULL, '任务状态列表');
INSERT INTO `sys_dict_type` VALUES (5, '任务分组', 'sys_job_group', '0', 'admin', '2021-01-14 15:39:13', '', NULL, '任务分组列表');
INSERT INTO `sys_dict_type` VALUES (6, '系统是否', 'sys_yes_no', '0', 'admin', '2021-01-14 15:39:13', '', NULL, '系统是否列表');
INSERT INTO `sys_dict_type` VALUES (7, '通知类型', 'sys_notice_type', '0', 'admin', '2021-01-14 15:39:13', '', NULL, '通知类型列表');
INSERT INTO `sys_dict_type` VALUES (8, '通知状态', 'sys_notice_status', '0', 'admin', '2021-01-14 15:39:13', '', NULL, '通知状态列表');
INSERT INTO `sys_dict_type` VALUES (9, '操作类型', 'sys_oper_type', '0', 'admin', '2021-01-14 15:39:13', '', NULL, '操作类型列表');
INSERT INTO `sys_dict_type` VALUES (10, '系统状态', 'sys_common_status', '0', 'admin', '2021-01-14 15:39:13', '', NULL, '登录状态列表');
INSERT INTO `sys_dict_type` VALUES (100, '设备软件版本', 'equipment_info_software_version', '0', 'admin', '2023-09-11 10:12:50', '', NULL, '设备软件版本列表');
INSERT INTO `sys_dict_type` VALUES (101, '设备硬件版本', 'equipment_info_hardware_version', '0', 'admin', '2023-09-11 10:13:41', '', NULL, '设备硬件版本列表');
INSERT INTO `sys_dict_type` VALUES (102, '设备状态', 'equipment_status', '0', 'admin', '2023-09-11 11:28:53', '', NULL, '设备状态列表');
INSERT INTO `sys_dict_type` VALUES (103, '存储状态', 'warehouse_status', '0', 'admin', '2023-09-11 11:30:35', '', NULL, '是否售出');
INSERT INTO `sys_dict_type` VALUES (104, '药包状态', 'drug_status', '0', 'admin', '2023-09-15 16:17:42', '', NULL, NULL);

-- ----------------------------
-- Table structure for sys_job
-- ----------------------------
DROP TABLE IF EXISTS `sys_job`;
CREATE TABLE `sys_job`  (
  `job_id` bigint(20) NOT NULL AUTO_INCREMENT COMMENT '任务ID',
  `job_name` varchar(64) CHARACTER SET utf8mb4 COLLATE utf8mb4_general_ci NOT NULL DEFAULT '' COMMENT '任务名称',
  `job_group` varchar(64) CHARACTER SET utf8mb4 COLLATE utf8mb4_general_ci NOT NULL DEFAULT 'DEFAULT' COMMENT '任务组名',
  `invoke_target` varchar(500) CHARACTER SET utf8mb4 COLLATE utf8mb4_general_ci NOT NULL COMMENT '调用目标字符串',
  `cron_expression` varchar(255) CHARACTER SET utf8mb4 COLLATE utf8mb4_general_ci NULL DEFAULT '' COMMENT 'cron执行表达式',
  `misfire_policy` varchar(20) CHARACTER SET utf8mb4 COLLATE utf8mb4_general_ci NULL DEFAULT '3' COMMENT '计划执行错误策略（1立即执行 2执行一次 3放弃执行）',
  `concurrent` char(1) CHARACTER SET utf8mb4 COLLATE utf8mb4_general_ci NULL DEFAULT '1' COMMENT '是否并发执行（0允许 1禁止）',
  `status` char(1) CHARACTER SET utf8mb4 COLLATE utf8mb4_general_ci NULL DEFAULT '0' COMMENT '状态（0正常 1暂停）',
  `create_by` varchar(64) CHARACTER SET utf8mb4 COLLATE utf8mb4_general_ci NULL DEFAULT '' COMMENT '创建者',
  `create_time` datetime NULL DEFAULT NULL COMMENT '创建时间',
  `update_by` varchar(64) CHARACTER SET utf8mb4 COLLATE utf8mb4_general_ci NULL DEFAULT '' COMMENT '更新者',
  `update_time` datetime NULL DEFAULT NULL COMMENT '更新时间',
  `remark` varchar(500) CHARACTER SET utf8mb4 COLLATE utf8mb4_general_ci NULL DEFAULT '' COMMENT '备注信息',
  PRIMARY KEY (`job_id`, `job_name`, `job_group`) USING BTREE
) ENGINE = InnoDB AUTO_INCREMENT = 1 CHARACTER SET = utf8mb4 COLLATE = utf8mb4_general_ci COMMENT = '定时任务调度表' ROW_FORMAT = DYNAMIC;

-- ----------------------------
-- Records of sys_job
-- ----------------------------

-- ----------------------------
-- Table structure for sys_job_log
-- ----------------------------
DROP TABLE IF EXISTS `sys_job_log`;
CREATE TABLE `sys_job_log`  (
  `job_log_id` bigint(20) NOT NULL AUTO_INCREMENT COMMENT '任务日志ID',
  `job_name` varchar(64) CHARACTER SET utf8mb4 COLLATE utf8mb4_general_ci NOT NULL COMMENT '任务名称',
  `job_group` varchar(64) CHARACTER SET utf8mb4 COLLATE utf8mb4_general_ci NOT NULL COMMENT '任务组名',
  `invoke_target` varchar(500) CHARACTER SET utf8mb4 COLLATE utf8mb4_general_ci NOT NULL COMMENT '调用目标字符串',
  `job_message` varchar(500) CHARACTER SET utf8mb4 COLLATE utf8mb4_general_ci NULL DEFAULT NULL COMMENT '日志信息',
  `status` char(1) CHARACTER SET utf8mb4 COLLATE utf8mb4_general_ci NULL DEFAULT '0' COMMENT '执行状态（0正常 1失败）',
  `exception_info` varchar(2000) CHARACTER SET utf8mb4 COLLATE utf8mb4_general_ci NULL DEFAULT '' COMMENT '异常信息',
  `create_time` datetime NULL DEFAULT NULL COMMENT '创建时间',
  PRIMARY KEY (`job_log_id`) USING BTREE
) ENGINE = InnoDB AUTO_INCREMENT = 1 CHARACTER SET = utf8mb4 COLLATE = utf8mb4_general_ci COMMENT = '定时任务调度日志表' ROW_FORMAT = DYNAMIC;

-- ----------------------------
-- Records of sys_job_log
-- ----------------------------

-- ----------------------------
-- Table structure for sys_logininfor
-- ----------------------------
DROP TABLE IF EXISTS `sys_logininfor`;
CREATE TABLE `sys_logininfor`  (
  `info_id` bigint(20) NOT NULL AUTO_INCREMENT COMMENT '访问ID',
  `user_name` varchar(50) CHARACTER SET utf8mb4 COLLATE utf8mb4_general_ci NULL DEFAULT '' COMMENT '用户账号',
  `ipaddr` varchar(50) CHARACTER SET utf8mb4 COLLATE utf8mb4_general_ci NULL DEFAULT '' COMMENT '登录IP地址',
  `login_location` varchar(255) CHARACTER SET utf8mb4 COLLATE utf8mb4_general_ci NULL DEFAULT '' COMMENT '登录地点',
  `browser` varchar(50) CHARACTER SET utf8mb4 COLLATE utf8mb4_general_ci NULL DEFAULT '' COMMENT '浏览器类型',
  `os` varchar(50) CHARACTER SET utf8mb4 COLLATE utf8mb4_general_ci NULL DEFAULT '' COMMENT '操作系统',
  `status` char(1) CHARACTER SET utf8mb4 COLLATE utf8mb4_general_ci NULL DEFAULT '0' COMMENT '登录状态（0成功 1失败）',
  `msg` varchar(255) CHARACTER SET utf8mb4 COLLATE utf8mb4_general_ci NULL DEFAULT '' COMMENT '提示消息',
  `login_time` datetime NULL DEFAULT NULL COMMENT '访问时间',
  PRIMARY KEY (`info_id`) USING BTREE
) ENGINE = InnoDB AUTO_INCREMENT = 659 CHARACTER SET = utf8mb4 COLLATE = utf8mb4_general_ci COMMENT = '系统访问记录' ROW_FORMAT = DYNAMIC;

-- ----------------------------
-- Records of sys_logininfor
-- ----------------------------
INSERT INTO `sys_logininfor` VALUES (100, 'admin', '127.0.0.1', '内网IP', 'Chrome 8', 'Windows 10', '1', '验证码错误', '2021-01-14 15:41:18');
INSERT INTO `sys_logininfor` VALUES (101, 'admin', '127.0.0.1', '内网IP', 'Chrome 8', 'Windows 10', '0', '登录成功', '2021-01-14 15:41:22');
INSERT INTO `sys_logininfor` VALUES (102, 'admin', '127.0.0.1', '内网IP', 'Chrome 8', 'Windows 10', '1', '验证码错误', '2021-01-14 15:43:17');
INSERT INTO `sys_logininfor` VALUES (103, 'admin', '127.0.0.1', '内网IP', 'Chrome 8', 'Windows 10', '0', '登录成功', '2021-01-14 15:43:20');
INSERT INTO `sys_logininfor` VALUES (104, 'admin', '127.0.0.1', '内网IP', 'Chrome 8', 'Windows 10', '0', '登录成功', '2021-01-14 15:46:08');
INSERT INTO `sys_logininfor` VALUES (105, 'admin', '127.0.0.1', '内网IP', 'Chrome 8', 'Windows 10', '0', '登录成功', '2021-01-14 16:50:11');
INSERT INTO `sys_logininfor` VALUES (106, 'admin', '127.0.0.1', '内网IP', 'Chrome 8', 'Windows 10', '0', '退出成功', '2021-01-14 16:50:55');
INSERT INTO `sys_logininfor` VALUES (107, 'admin', '127.0.0.1', '内网IP', 'Chrome 8', 'Windows 10', '0', '登录成功', '2021-01-14 16:50:59');
INSERT INTO `sys_logininfor` VALUES (108, 'admin', '127.0.0.1', '内网IP', 'Chrome 8', 'Windows 10', '0', '退出成功', '2021-01-14 16:51:16');
INSERT INTO `sys_logininfor` VALUES (109, 'admin', '127.0.0.1', '内网IP', 'Chrome 8', 'Windows 10', '0', '登录成功', '2021-01-14 16:51:20');
INSERT INTO `sys_logininfor` VALUES (110, 'admin', '127.0.0.1', '内网IP', 'Chrome 8', 'Windows 10', '0', '退出成功', '2021-01-14 16:51:32');
INSERT INTO `sys_logininfor` VALUES (111, 'admin', '127.0.0.1', '内网IP', 'Chrome 8', 'Windows 10', '0', '登录成功', '2021-01-14 16:51:39');
INSERT INTO `sys_logininfor` VALUES (112, 'admin', '127.0.0.1', '内网IP', 'Chrome 8', 'Windows 10', '0', '登录成功', '2021-01-14 17:44:43');
INSERT INTO `sys_logininfor` VALUES (113, 'admin', '127.0.0.1', '内网IP', 'Chrome 8', 'Windows 10', '0', '登录成功', '2021-01-14 18:25:57');
INSERT INTO `sys_logininfor` VALUES (114, 'admin', '127.0.0.1', '内网IP', 'Chrome 8', 'Windows 10', '0', '登录成功', '2021-01-14 18:26:58');
INSERT INTO `sys_logininfor` VALUES (115, 'admin', '127.0.0.1', '内网IP', 'Chrome 8', 'Windows 10', '0', '登录成功', '2021-01-14 18:30:34');
INSERT INTO `sys_logininfor` VALUES (116, 'admin', '127.0.0.1', '内网IP', 'Chrome 8', 'Windows 10', '0', '登录成功', '2021-01-14 18:43:44');
INSERT INTO `sys_logininfor` VALUES (117, 'admin', '127.0.0.1', '内网IP', 'Chrome 8', 'Windows 10', '0', '登录成功', '2021-01-14 22:05:03');
INSERT INTO `sys_logininfor` VALUES (118, 'admin', '127.0.0.1', '内网IP', 'Chrome 8', 'Windows 10', '0', '退出成功', '2021-01-14 22:45:13');
INSERT INTO `sys_logininfor` VALUES (119, 'admin', '127.0.0.1', '内网IP', 'Chrome 8', 'Windows 10', '0', '登录成功', '2021-01-14 22:45:19');
INSERT INTO `sys_logininfor` VALUES (120, 'admin', '127.0.0.1', '内网IP', 'Chrome 8', 'Windows 10', '0', '登录成功', '2021-01-15 10:40:50');
INSERT INTO `sys_logininfor` VALUES (121, 'admin', '127.0.0.1', '内网IP', 'Chrome 8', 'Windows 10', '0', '登录成功', '2021-01-15 19:45:31');
INSERT INTO `sys_logininfor` VALUES (122, 'admin', '127.0.0.1', '内网IP', 'Chrome 8', 'Windows 10', '0', '登录成功', '2021-01-15 20:51:34');
INSERT INTO `sys_logininfor` VALUES (123, 'admin', '127.0.0.1', '内网IP', 'Chrome 8', 'Windows 10', '0', '退出成功', '2021-01-15 20:52:12');
INSERT INTO `sys_logininfor` VALUES (124, 'ry', '127.0.0.1', '内网IP', 'Chrome 8', 'Windows 10', '1', '用户不存在/密码错误', '2021-01-15 20:52:20');
INSERT INTO `sys_logininfor` VALUES (125, 'admin', '127.0.0.1', '内网IP', 'Chrome 8', 'Windows 10', '1', '用户不存在/密码错误', '2021-01-15 20:52:28');
INSERT INTO `sys_logininfor` VALUES (126, 'admin', '127.0.0.1', '内网IP', 'Chrome 8', 'Windows 10', '0', '登录成功', '2021-01-15 20:52:33');
INSERT INTO `sys_logininfor` VALUES (127, 'admin', '127.0.0.1', '内网IP', 'Chrome 8', 'Windows 10', '0', '退出成功', '2021-01-15 20:53:38');
INSERT INTO `sys_logininfor` VALUES (128, 'test', '127.0.0.1', '内网IP', 'Chrome 8', 'Windows 10', '0', '登录成功', '2021-01-15 20:53:44');
INSERT INTO `sys_logininfor` VALUES (129, 'admin', '220.202.217.37', 'XX XX', 'Chrome 8', 'Windows 10', '1', '用户不存在/密码错误', '2021-01-15 22:05:36');
INSERT INTO `sys_logininfor` VALUES (130, 'admin', '220.202.217.37', 'XX XX', 'Chrome 8', 'Windows 10', '1', '验证码错误', '2021-01-15 22:05:40');
INSERT INTO `sys_logininfor` VALUES (131, 'admin', '220.202.217.37', 'XX XX', 'Chrome 8', 'Windows 10', '0', '登录成功', '2021-01-15 22:05:45');
INSERT INTO `sys_logininfor` VALUES (132, 'test', '61.145.151.235', 'XX XX', 'Chrome', 'Windows 10', '0', '登录成功', '2021-01-15 22:42:07');
INSERT INTO `sys_logininfor` VALUES (133, 'admin', '220.202.217.37', 'XX XX', 'Chrome 8', 'Windows 10', '0', '退出成功', '2021-01-15 23:17:46');
INSERT INTO `sys_logininfor` VALUES (134, 'test', '220.202.217.37', 'XX XX', 'Chrome 8', 'Windows 10', '0', '登录成功', '2021-01-15 23:17:49');
INSERT INTO `sys_logininfor` VALUES (135, 'test', '220.202.217.37', 'XX XX', 'Chrome 8', 'Windows 10', '0', '退出成功', '2021-01-15 23:19:23');
INSERT INTO `sys_logininfor` VALUES (136, 'test', '220.202.217.37', 'XX XX', 'Chrome 8', 'Windows 10', '0', '登录成功', '2021-01-15 23:19:29');
INSERT INTO `sys_logininfor` VALUES (137, 'test', '220.202.217.37', 'XX XX', 'Chrome 8', 'Windows 10', '0', '退出成功', '2021-01-15 23:19:49');
INSERT INTO `sys_logininfor` VALUES (138, 'admin', '220.202.217.37', 'XX XX', 'Chrome 8', 'Windows 10', '0', '登录成功', '2021-01-15 23:19:54');
INSERT INTO `sys_logininfor` VALUES (139, 'test', '91.74.20.206', 'XX XX', 'Chrome 8', 'Windows 10', '0', '登录成功', '2021-01-15 23:33:00');
INSERT INTO `sys_logininfor` VALUES (140, 'test', '220.202.217.37', 'XX XX', 'Chrome 8', 'Windows 10', '0', '登录成功', '2021-01-16 00:05:46');
INSERT INTO `sys_logininfor` VALUES (141, 'test', '220.202.217.37', 'XX XX', 'Chrome 8', 'Windows 10', '0', '退出成功', '2021-01-16 00:06:56');
INSERT INTO `sys_logininfor` VALUES (142, 'admin', '220.202.217.37', 'XX XX', 'Chrome 8', 'Windows 10', '0', '登录成功', '2021-01-16 00:07:01');
INSERT INTO `sys_logininfor` VALUES (143, 'test', '221.218.98.34', 'XX XX', 'Chrome 58', 'Windows 7', '0', '登录成功', '2021-01-16 01:25:39');
INSERT INTO `sys_logininfor` VALUES (144, 'test', '142.47.103.147', 'XX XX', 'Chrome 8', 'Windows 10', '0', '登录成功', '2021-01-16 08:57:19');
INSERT INTO `sys_logininfor` VALUES (145, 'test', '60.2.125.182', 'XX XX', 'Chrome 61', 'Windows 10', '0', '登录成功', '2021-01-16 10:15:53');
INSERT INTO `sys_logininfor` VALUES (146, 'test', '223.88.17.147', 'XX XX', 'Chrome 8', 'Windows 10', '0', '登录成功', '2021-01-16 10:53:10');
INSERT INTO `sys_logininfor` VALUES (147, 'test', '60.2.125.182', 'XX XX', 'Chrome 61', 'Windows 10', '1', '验证码已失效', '2021-01-16 11:07:07');
INSERT INTO `sys_logininfor` VALUES (148, 'test', '142.47.103.147', 'XX XX', 'Chrome 8', 'Windows 10', '0', '登录成功', '2021-01-16 11:09:24');
INSERT INTO `sys_logininfor` VALUES (149, 'test', '60.2.125.182', 'XX XX', 'Chrome 61', 'Windows 10', '1', '验证码已失效', '2021-01-16 11:09:43');
INSERT INTO `sys_logininfor` VALUES (150, 'test', '60.2.125.182', 'XX XX', 'Chrome 61', 'Windows 10', '1', '验证码错误', '2021-01-16 11:09:49');
INSERT INTO `sys_logininfor` VALUES (151, 'test', '60.2.125.182', 'XX XX', 'Chrome 61', 'Windows 10', '0', '登录成功', '2021-01-16 11:10:01');
INSERT INTO `sys_logininfor` VALUES (152, 'test', '1.192.246.73', 'XX XX', 'Chrome', 'Windows 10', '0', '登录成功', '2021-01-16 11:31:28');
INSERT INTO `sys_logininfor` VALUES (153, 'test', '220.202.217.37', 'XX XX', 'Chrome 8', 'Windows 10', '0', '登录成功', '2021-01-16 11:55:44');
INSERT INTO `sys_logininfor` VALUES (154, 'test', '113.246.79.30', 'XX XX', 'Chrome 8', 'Windows 10', '0', '登录成功', '2021-01-16 12:09:58');
INSERT INTO `sys_logininfor` VALUES (155, 'test', '223.72.41.225', 'XX XX', 'Chrome 8', 'Windows 10', '0', '登录成功', '2021-01-16 12:11:40');
INSERT INTO `sys_logininfor` VALUES (156, 'test', '142.47.103.147', 'XX XX', 'Chrome 8', 'Windows 10', '0', '登录成功', '2021-01-16 12:29:44');
INSERT INTO `sys_logininfor` VALUES (157, 'test', '223.72.85.86', 'XX XX', 'Chrome 8', 'Windows 10', '0', '登录成功', '2021-01-16 12:59:50');
INSERT INTO `sys_logininfor` VALUES (158, 'test', '60.2.125.182', 'XX XX', 'Chrome 61', 'Windows 10', '0', '登录成功', '2021-01-16 13:40:26');
INSERT INTO `sys_logininfor` VALUES (159, 'test', '111.20.153.212', 'XX XX', 'Chrome 8', 'Mac OS X', '0', '登录成功', '2021-01-16 14:49:17');
INSERT INTO `sys_logininfor` VALUES (160, 'test', '14.212.14.199', 'XX XX', 'Chrome 8', 'Windows 10', '0', '登录成功', '2021-01-16 15:17:47');
INSERT INTO `sys_logininfor` VALUES (161, 'test', '220.112.121.26', 'XX XX', 'Chrome 8', 'Mac OS X', '0', '登录成功', '2021-01-16 16:23:42');
INSERT INTO `sys_logininfor` VALUES (162, 'test', '183.25.125.34', 'XX XX', 'Firefox 8', 'Windows 10', '0', '登录成功', '2021-01-16 16:54:52');
INSERT INTO `sys_logininfor` VALUES (163, 'test', '120.245.112.232', 'XX XX', 'Chrome', 'Windows 10', '0', '登录成功', '2021-01-16 17:02:56');
INSERT INTO `sys_logininfor` VALUES (164, 'test', '183.14.31.241', 'XX XX', 'Chrome 8', 'Windows 10', '0', '登录成功', '2021-01-16 17:12:50');
INSERT INTO `sys_logininfor` VALUES (165, 'test', '47.96.85.57', 'XX XX', 'Chrome 8', 'Windows 10', '0', '登录成功', '2021-01-16 17:31:38');
INSERT INTO `sys_logininfor` VALUES (166, 'test', '223.73.132.192', 'XX XX', 'Chrome 8', 'Windows 10', '0', '登录成功', '2021-01-16 17:36:37');
INSERT INTO `sys_logininfor` VALUES (167, 'test', '47.96.85.57', 'XX XX', 'Chrome 8', 'Windows 10', '0', '登录成功', '2021-01-16 18:40:53');
INSERT INTO `sys_logininfor` VALUES (168, 'test', '59.175.14.204', 'XX XX', 'Chrome 8', 'Windows 10', '0', '登录成功', '2021-01-16 20:30:45');
INSERT INTO `sys_logininfor` VALUES (169, 'test', '223.78.203.183', 'XX XX', 'Chrome 8', 'Windows 10', '0', '登录成功', '2021-01-16 21:09:21');
INSERT INTO `sys_logininfor` VALUES (170, 'test', '59.175.14.204', 'XX XX', 'Chrome 8', 'Windows 10', '0', '登录成功', '2021-01-16 22:06:09');
INSERT INTO `sys_logininfor` VALUES (171, 'test', '125.210.251.204', 'XX XX', 'Chrome 8', 'Windows 10', '0', '登录成功', '2021-01-16 22:59:08');
INSERT INTO `sys_logininfor` VALUES (172, 'test', '125.210.223.184', 'XX XX', 'Chrome 8', 'Windows 10', '0', '登录成功', '2021-01-16 23:30:12');
INSERT INTO `sys_logininfor` VALUES (173, 'test', '101.224.95.230', 'XX XX', 'Chrome 8', 'Windows 10', '0', '登录成功', '2021-01-17 00:32:32');
INSERT INTO `sys_logininfor` VALUES (174, 'test', '112.0.112.224', 'XX XX', 'Chrome', 'Windows 10', '0', '登录成功', '2021-01-17 09:42:17');
INSERT INTO `sys_logininfor` VALUES (175, 'test', '111.205.43.226', 'XX XX', 'Chrome 8', 'Windows 10', '0', '登录成功', '2021-01-17 09:57:16');
INSERT INTO `sys_logininfor` VALUES (176, 'test', '223.167.21.235', 'XX XX', 'Chrome 8', 'Mac OS X', '1', '验证码已失效', '2021-01-17 10:10:28');
INSERT INTO `sys_logininfor` VALUES (177, 'test', '223.167.21.235', 'XX XX', 'Chrome 8', 'Mac OS X', '0', '登录成功', '2021-01-17 10:10:33');
INSERT INTO `sys_logininfor` VALUES (178, 'test', '112.0.112.224', 'XX XX', 'Chrome', 'Windows 10', '0', '登录成功', '2021-01-17 10:24:57');
INSERT INTO `sys_logininfor` VALUES (179, 'test', '171.44.170.121', 'XX XX', 'Chrome 59', 'Windows 10', '0', '登录成功', '2021-01-17 12:19:42');
INSERT INTO `sys_logininfor` VALUES (180, 'test', '8.210.254.1', 'XX XX', 'Chrome 8', 'Windows 10', '0', '登录成功', '2021-01-17 12:57:56');
INSERT INTO `sys_logininfor` VALUES (181, 'test', '111.75.252.92', 'XX XX', 'Chrome 8', 'Windows 10', '0', '登录成功', '2021-01-17 15:27:34');
INSERT INTO `sys_logininfor` VALUES (182, 'test', '124.202.200.82', 'XX XX', 'Chrome 8', 'Windows 10', '0', '登录成功', '2021-01-17 16:58:13');
INSERT INTO `sys_logininfor` VALUES (183, 'test', '59.109.153.189', 'XX XX', 'Chrome 8', 'Windows 10', '0', '登录成功', '2021-01-17 17:21:27');
INSERT INTO `sys_logininfor` VALUES (184, 'test', '117.136.33.225', 'XX XX', 'Chrome 8', 'Mac OS X', '0', '登录成功', '2021-01-17 21:51:57');
INSERT INTO `sys_logininfor` VALUES (185, 'test', '27.38.236.28', 'XX XX', 'Chrome 8', 'Mac OS X', '0', '登录成功', '2021-01-17 22:28:51');
INSERT INTO `sys_logininfor` VALUES (186, 'test', '125.210.251.204', 'XX XX', 'Chrome 8', 'Windows 10', '0', '登录成功', '2021-01-17 22:40:18');
INSERT INTO `sys_logininfor` VALUES (187, 'test', '101.88.58.166', 'XX XX', 'Safari', 'Mac OS X', '0', '登录成功', '2021-01-18 00:26:42');
INSERT INTO `sys_logininfor` VALUES (188, 'test', '113.66.41.106', 'XX XX', 'Chrome', 'Windows 10', '0', '登录成功', '2021-01-18 02:39:11');
INSERT INTO `sys_logininfor` VALUES (189, 'test', '140.207.90.173', 'XX XX', 'Chrome 8', 'Windows 10', '1', '验证码错误', '2021-01-18 08:59:19');
INSERT INTO `sys_logininfor` VALUES (190, 'test', '140.207.90.173', 'XX XX', 'Chrome 8', 'Windows 10', '1', '验证码已失效', '2021-01-18 09:04:16');
INSERT INTO `sys_logininfor` VALUES (191, 'test', '140.207.90.173', 'XX XX', 'Chrome 8', 'Windows 10', '0', '登录成功', '2021-01-18 09:04:21');
INSERT INTO `sys_logininfor` VALUES (192, 'test', '222.133.7.18', 'XX XX', 'Chrome', 'Windows 10', '0', '登录成功', '2021-01-18 09:12:08');
INSERT INTO `sys_logininfor` VALUES (193, 'test', '119.254.252.189', 'XX XX', 'Chrome 8', 'Windows 7', '0', '登录成功', '2021-01-18 09:43:40');
INSERT INTO `sys_logininfor` VALUES (194, 'test', '112.30.39.71', 'XX XX', 'Chrome 8', 'Windows 7', '0', '登录成功', '2021-01-18 11:52:40');
INSERT INTO `sys_logininfor` VALUES (195, 'test', '218.94.111.114', 'XX XX', 'Chrome 8', 'Windows 10', '0', '登录成功', '2021-01-18 12:56:09');
INSERT INTO `sys_logininfor` VALUES (196, 'test', '220.248.209.209', 'XX XX', 'Chrome 8', 'Windows 10', '0', '登录成功', '2021-01-18 13:21:43');
INSERT INTO `sys_logininfor` VALUES (197, 'test', '112.49.134.248', 'XX XX', 'Chrome 8', 'Windows 10', '0', '登录成功', '2021-01-18 14:05:04');
INSERT INTO `sys_logininfor` VALUES (198, 'test', '222.212.90.35', 'XX XX', 'Chrome 8', 'Windows 10', '0', '登录成功', '2021-01-18 14:48:42');
INSERT INTO `sys_logininfor` VALUES (199, 'test', '43.247.230.78', 'XX XX', 'Chrome 8', 'Windows 10', '0', '登录成功', '2021-01-18 14:53:41');
INSERT INTO `sys_logininfor` VALUES (200, 'test', '222.212.90.35', 'XX XX', 'Chrome 8', 'Windows 10', '0', '登录成功', '2021-01-18 15:04:14');
INSERT INTO `sys_logininfor` VALUES (201, 'test', '140.243.12.66', 'XX XX', 'Safari', 'Mac OS X', '0', '登录成功', '2021-01-18 15:13:51');
INSERT INTO `sys_logininfor` VALUES (202, 'test', '61.159.254.233', 'XX XX', 'Chrome 8', 'Windows 10', '0', '登录成功', '2021-01-18 15:36:47');
INSERT INTO `sys_logininfor` VALUES (203, 'test', '122.10.38.137', 'XX XX', 'Chrome 65', 'Windows 10', '0', '登录成功', '2021-01-18 15:41:25');
INSERT INTO `sys_logininfor` VALUES (204, 'test', '175.10.220.250', 'XX XX', 'Chrome 8', 'Mac OS X', '0', '登录成功', '2021-01-18 15:55:27');
INSERT INTO `sys_logininfor` VALUES (205, 'test', '175.153.195.94', 'XX XX', 'Chrome', 'Windows 10', '0', '登录成功', '2021-01-18 16:20:32');
INSERT INTO `sys_logininfor` VALUES (206, 'test', '221.205.74.216', 'XX XX', 'Chrome 8', 'Windows 10', '1', '验证码错误', '2021-01-18 16:22:17');
INSERT INTO `sys_logininfor` VALUES (207, 'test', '221.205.74.216', 'XX XX', 'Chrome 8', 'Windows 10', '0', '登录成功', '2021-01-18 16:22:21');
INSERT INTO `sys_logininfor` VALUES (208, 'test', '103.8.207.241', 'XX XX', 'Chrome 8', 'Mac OS X', '0', '登录成功', '2021-01-18 16:28:07');
INSERT INTO `sys_logininfor` VALUES (209, 'test', '223.104.213.169', 'XX XX', 'Chrome 8', 'Windows 10', '0', '登录成功', '2021-01-18 16:33:48');
INSERT INTO `sys_logininfor` VALUES (210, 'test', '103.8.207.241', 'XX XX', 'Chrome 8', 'Mac OS X', '0', '登录成功', '2021-01-18 16:34:26');
INSERT INTO `sys_logininfor` VALUES (211, 'test', '1.85.30.162', 'XX XX', 'Chrome 8', 'Windows 10', '0', '登录成功', '2021-01-18 16:47:00');
INSERT INTO `sys_logininfor` VALUES (212, 'test', '220.178.164.188', 'XX XX', 'Chrome 8', 'Windows 10', '0', '登录成功', '2021-01-18 17:01:39');
INSERT INTO `sys_logininfor` VALUES (213, 'test', '113.132.23.193', 'XX XX', 'Chrome 8', 'Windows 10', '0', '登录成功', '2021-01-18 17:06:28');
INSERT INTO `sys_logininfor` VALUES (214, 'test', '120.230.139.76', 'XX XX', 'Chrome 8', 'Windows 10', '0', '登录成功', '2021-01-18 17:17:10');
INSERT INTO `sys_logininfor` VALUES (215, 'test', '110.185.17.93', 'XX XX', 'Chrome 8', 'Windows 10', '0', '登录成功', '2021-01-18 17:19:14');
INSERT INTO `sys_logininfor` VALUES (216, 'test', '103.8.207.241', 'XX XX', 'Chrome 8', 'Mac OS X', '0', '登录成功', '2021-01-18 18:14:22');
INSERT INTO `sys_logininfor` VALUES (217, 'test', '120.230.139.76', 'XX XX', 'Chrome 8', 'Windows 10', '1', '验证码错误', '2021-01-18 18:17:19');
INSERT INTO `sys_logininfor` VALUES (218, 'test', '120.230.139.76', 'XX XX', 'Chrome 8', 'Windows 10', '0', '登录成功', '2021-01-18 18:17:24');
INSERT INTO `sys_logininfor` VALUES (219, 'test', '221.205.74.216', 'XX XX', 'Chrome 8', 'Windows 10', '0', '登录成功', '2021-01-18 18:19:06');
INSERT INTO `sys_logininfor` VALUES (220, 'test', '124.127.132.138', 'XX XX', 'Chrome 8', 'Windows 10', '1', '验证码错误', '2021-01-18 18:51:05');
INSERT INTO `sys_logininfor` VALUES (221, 'test', '124.127.132.138', 'XX XX', 'Chrome 8', 'Windows 10', '0', '登录成功', '2021-01-18 18:51:10');
INSERT INTO `sys_logininfor` VALUES (222, 'test', '223.104.6.17', 'XX XX', 'Chrome 8', 'Windows 10', '0', '登录成功', '2021-01-18 19:38:58');
INSERT INTO `sys_logininfor` VALUES (223, 'test', '218.28.24.138', 'XX XX', 'Chrome 8', 'Windows 10', '0', '登录成功', '2021-01-18 19:46:14');
INSERT INTO `sys_logininfor` VALUES (224, 'test', '125.210.251.204', 'XX XX', 'Chrome 8', 'Windows 10', '0', '登录成功', '2021-01-18 23:17:01');
INSERT INTO `sys_logininfor` VALUES (225, 'test', '61.243.41.118', 'XX XX', 'Chrome 8', 'Windows 10', '0', '登录成功', '2021-01-18 23:34:18');
INSERT INTO `sys_logininfor` VALUES (226, 'test', '36.27.39.190', 'XX XX', 'Chrome 8', 'Windows 7', '0', '登录成功', '2021-01-18 23:49:19');
INSERT INTO `sys_logininfor` VALUES (227, 'test', '114.241.237.31', 'XX XX', 'Chrome 8', 'Mac OS X', '0', '登录成功', '2021-01-19 04:56:56');
INSERT INTO `sys_logininfor` VALUES (228, 'test', '113.66.228.190', 'XX XX', 'Chrome 8', 'Windows 10', '0', '登录成功', '2021-01-19 08:37:46');
INSERT INTO `sys_logininfor` VALUES (229, 'test', '211.136.253.191', 'XX XX', 'Chrome 8', 'Windows 7', '1', '验证码错误', '2021-01-19 08:56:02');
INSERT INTO `sys_logininfor` VALUES (230, 'test', '211.136.253.191', 'XX XX', 'Chrome 8', 'Windows 7', '0', '登录成功', '2021-01-19 08:56:10');
INSERT INTO `sys_logininfor` VALUES (231, 'test', '36.57.153.64', 'XX XX', 'Chrome 8', 'Mac OS X', '0', '登录成功', '2021-01-19 09:44:27');
INSERT INTO `sys_logininfor` VALUES (232, 'test', '218.66.80.159', 'XX XX', 'Chrome 8', 'Windows 10', '0', '登录成功', '2021-01-19 11:13:15');
INSERT INTO `sys_logininfor` VALUES (233, 'test', '222.188.241.8', 'XX XX', 'Chrome 8', 'Windows 10', '0', '登录成功', '2021-01-19 11:27:51');
INSERT INTO `sys_logininfor` VALUES (234, 'test', '60.208.209.207', 'XX XX', 'Chrome 8', 'Windows 10', '0', '登录成功', '2021-01-19 11:44:07');
INSERT INTO `sys_logininfor` VALUES (235, 'test', '123.149.115.180', 'XX XX', 'Chrome 8', 'Windows 10', '0', '登录成功', '2021-01-19 12:28:42');
INSERT INTO `sys_logininfor` VALUES (236, 'test', '27.154.58.146', 'XX XX', 'Chrome 8', 'Windows 10', '0', '登录成功', '2021-01-19 13:18:22');
INSERT INTO `sys_logininfor` VALUES (237, 'test', '112.48.29.75', 'XX XX', 'Chrome 8', 'Windows 7', '0', '登录成功', '2021-01-19 13:26:34');
INSERT INTO `sys_logininfor` VALUES (238, 'test', '60.208.209.207', 'XX XX', 'Chrome 8', 'Windows 10', '1', '验证码错误', '2021-01-19 14:21:52');
INSERT INTO `sys_logininfor` VALUES (239, 'test', '60.208.209.207', 'XX XX', 'Chrome 8', 'Windows 10', '0', '登录成功', '2021-01-19 14:22:00');
INSERT INTO `sys_logininfor` VALUES (240, 'test', '27.27.235.134', 'XX XX', 'Chrome', 'Windows 10', '0', '登录成功', '2021-01-19 14:22:32');
INSERT INTO `sys_logininfor` VALUES (241, 'test', '106.117.97.117', 'XX XX', 'Chrome 8', 'Windows 10', '0', '登录成功', '2021-01-19 14:28:35');
INSERT INTO `sys_logininfor` VALUES (242, 'test', '45.76.75.125', 'XX XX', 'Chrome 8', 'Windows 10', '0', '登录成功', '2021-01-19 14:28:54');
INSERT INTO `sys_logininfor` VALUES (243, 'test', '183.238.224.138', 'XX XX', 'Chrome', 'Windows 10', '0', '登录成功', '2021-01-19 14:29:49');
INSERT INTO `sys_logininfor` VALUES (244, 'test', '106.114.180.243', 'XX XX', 'Chrome 8', 'Windows 10', '0', '登录成功', '2021-01-19 14:33:21');
INSERT INTO `sys_logininfor` VALUES (245, 'test', '106.117.97.117', 'XX XX', 'Chrome 8', 'Windows 10', '0', '退出成功', '2021-01-19 14:35:33');
INSERT INTO `sys_logininfor` VALUES (246, 'test', '221.192.178.108', 'XX XX', 'Chrome 8', 'Windows 10', '0', '登录成功', '2021-01-19 14:35:51');
INSERT INTO `sys_logininfor` VALUES (247, 'test', '123.149.115.180', 'XX XX', 'Chrome 8', 'Windows 10', '0', '登录成功', '2021-01-19 14:53:29');
INSERT INTO `sys_logininfor` VALUES (248, 'test', '27.19.120.211', 'XX XX', 'Chrome', 'Windows 10', '0', '登录成功', '2021-01-19 15:15:28');
INSERT INTO `sys_logininfor` VALUES (249, 'test', '115.214.70.4', 'XX XX', 'Chrome 8', 'Windows 10', '0', '登录成功', '2021-01-19 15:50:59');
INSERT INTO `sys_logininfor` VALUES (250, 'test', '60.2.125.182', 'XX XX', 'Chrome 61', 'Windows 10', '0', '登录成功', '2021-01-19 16:05:26');
INSERT INTO `sys_logininfor` VALUES (251, 'test', '223.11.3.53', 'XX XX', 'Chrome 8', 'Windows 10', '0', '登录成功', '2021-01-19 16:20:03');
INSERT INTO `sys_logininfor` VALUES (252, 'test', '218.200.109.70', 'XX XX', 'Chrome 55', 'Windows 10', '0', '登录成功', '2021-01-19 16:24:38');
INSERT INTO `sys_logininfor` VALUES (253, 'test', '125.76.212.101', 'XX XX', 'Chrome 8', 'Windows 10', '0', '登录成功', '2021-01-19 16:32:55');
INSERT INTO `sys_logininfor` VALUES (254, 'test', '117.14.73.96', 'XX XX', 'Chrome 8', 'Mac OS X', '0', '登录成功', '2021-01-19 16:42:52');
INSERT INTO `sys_logininfor` VALUES (255, 'test', '218.81.11.192', 'XX XX', 'Chrome 8', 'Windows 10', '0', '登录成功', '2021-01-19 17:25:11');
INSERT INTO `sys_logininfor` VALUES (256, 'test', '120.227.36.71', 'XX XX', 'Chrome 8', 'Windows 10', '0', '登录成功', '2021-01-19 17:32:10');
INSERT INTO `sys_logininfor` VALUES (257, 'test', '116.55.48.5', 'XX XX', 'Chrome 8', 'Windows 10', '0', '登录成功', '2021-01-19 17:44:43');
INSERT INTO `sys_logininfor` VALUES (258, 'test', '218.81.11.192', 'XX XX', 'Chrome 8', 'Windows 10', '0', '登录成功', '2021-01-19 18:07:22');
INSERT INTO `sys_logininfor` VALUES (259, 'test', '221.216.138.206', 'XX XX', 'Chrome 8', 'Windows 10', '0', '登录成功', '2021-01-19 19:09:05');
INSERT INTO `sys_logininfor` VALUES (260, 'test', '218.81.11.192', 'XX XX', 'Chrome 8', 'Windows 10', '0', '登录成功', '2021-01-19 19:19:11');
INSERT INTO `sys_logininfor` VALUES (261, 'test', '125.116.132.238', 'XX XX', 'Chrome 8', 'Windows 10', '0', '登录成功', '2021-01-19 19:35:12');
INSERT INTO `sys_logininfor` VALUES (262, 'test', '222.76.36.97', 'XX XX', 'Chrome 8', 'Windows 10', '0', '登录成功', '2021-01-19 20:06:59');
INSERT INTO `sys_logininfor` VALUES (263, 'test', '122.247.153.194', 'XX XX', 'Chrome 8', 'Windows 10', '0', '登录成功', '2021-01-19 20:11:54');
INSERT INTO `sys_logininfor` VALUES (264, 'test', '222.76.36.97', 'XX XX', 'Chrome 8', 'Windows 10', '0', '登录成功', '2021-01-19 21:01:39');
INSERT INTO `sys_logininfor` VALUES (265, 'test', '127.0.0.1', '内网IP', 'Chrome 8', 'Mac OS X', '0', '登录成功', '2021-01-19 22:28:16');
INSERT INTO `sys_logininfor` VALUES (266, 'admin', '127.0.0.1', '内网IP', 'Chrome 8', 'Windows 10', '0', '登录成功', '2021-01-21 15:20:36');
INSERT INTO `sys_logininfor` VALUES (267, 'admin', '127.0.0.1', '内网IP', 'Chrome 8', 'Windows 10', '0', '登录成功', '2021-01-21 17:43:05');
INSERT INTO `sys_logininfor` VALUES (268, 'admin', '127.0.0.1', '内网IP', 'Chrome 8', 'Windows 10', '0', '退出成功', '2021-01-21 17:49:53');
INSERT INTO `sys_logininfor` VALUES (269, 'admin', '127.0.0.1', '内网IP', 'Chrome 8', 'Windows 10', '0', '登录成功', '2021-01-21 17:50:03');
INSERT INTO `sys_logininfor` VALUES (270, 'admin', '127.0.0.1', '内网IP', 'Chrome 8', 'Windows 10', '0', '登录成功', '2021-01-21 19:29:40');
INSERT INTO `sys_logininfor` VALUES (271, 'test', '127.0.0.1', '内网IP', 'Chrome 8', 'Mac OS X', '0', '登录成功', '2021-01-21 20:14:16');
INSERT INTO `sys_logininfor` VALUES (272, 'test', '127.0.0.1', '内网IP', 'Chrome 8', 'Mac OS X', '0', '退出成功', '2021-01-21 20:15:05');
INSERT INTO `sys_logininfor` VALUES (273, 'admin', '127.0.0.1', '内网IP', 'Chrome 8', 'Mac OS X', '1', '验证码错误', '2021-01-21 20:15:11');
INSERT INTO `sys_logininfor` VALUES (274, 'admin', '127.0.0.1', '内网IP', 'Chrome 8', 'Mac OS X', '1', '用户不存在/密码错误', '2021-01-21 20:15:15');
INSERT INTO `sys_logininfor` VALUES (275, 'admin', '127.0.0.1', '内网IP', 'Chrome 8', 'Mac OS X', '1', '验证码错误', '2021-01-21 20:15:24');
INSERT INTO `sys_logininfor` VALUES (276, 'admin', '127.0.0.1', '内网IP', 'Chrome 8', 'Mac OS X', '1', '用户不存在/密码错误', '2021-01-21 20:15:26');
INSERT INTO `sys_logininfor` VALUES (277, 'test', '127.0.0.1', '内网IP', 'Chrome 8', 'Mac OS X', '0', '登录成功', '2021-01-21 20:15:33');
INSERT INTO `sys_logininfor` VALUES (278, 'admin', '127.0.0.1', '内网IP', 'Chrome 8', 'Windows 10', '0', '登录成功', '2021-01-22 10:44:57');
INSERT INTO `sys_logininfor` VALUES (279, 'admin', '127.0.0.1', '内网IP', 'Chrome 8', 'Windows 10', '0', '登录成功', '2021-01-22 12:06:10');
INSERT INTO `sys_logininfor` VALUES (280, 'test', '127.0.0.1', '内网IP', 'Chrome 8', 'Mac OS X', '0', '登录成功', '2021-01-22 19:12:47');
INSERT INTO `sys_logininfor` VALUES (281, 'test', '127.0.0.1', '内网IP', 'Chrome 8', 'Mac OS X', '0', '退出成功', '2021-01-22 19:13:05');
INSERT INTO `sys_logininfor` VALUES (282, 'admin', '127.0.0.1', '内网IP', 'Chrome 8', 'Mac OS X', '0', '登录成功', '2021-01-22 19:13:31');
INSERT INTO `sys_logininfor` VALUES (283, 'admin', '127.0.0.1', '内网IP', 'Chrome 8', 'Mac OS X', '1', '验证码错误', '2021-01-25 21:36:22');
INSERT INTO `sys_logininfor` VALUES (284, 'admin', '127.0.0.1', '内网IP', 'Chrome 8', 'Mac OS X', '1', '用户不存在/密码错误', '2021-01-25 21:36:25');
INSERT INTO `sys_logininfor` VALUES (285, 'admin', '127.0.0.1', '内网IP', 'Chrome 8', 'Mac OS X', '0', '登录成功', '2021-01-25 21:37:03');
INSERT INTO `sys_logininfor` VALUES (286, 'admin', '127.0.0.1', '内网IP', 'Chrome 8', 'Mac OS X', '0', '退出成功', '2021-01-25 22:16:06');
INSERT INTO `sys_logininfor` VALUES (287, 'admin', '127.0.0.1', '内网IP', 'Chrome 8', 'Mac OS X', '0', '登录成功', '2021-01-25 22:16:12');
INSERT INTO `sys_logininfor` VALUES (288, 'admin', '127.0.0.1', '内网IP', 'Chrome 8', 'Mac OS X', '0', '登录成功', '2021-01-25 23:03:30');
INSERT INTO `sys_logininfor` VALUES (289, 'test', '192.168.0.101', '内网IP', 'Chrome 8', 'Mac OS X', '1', '验证码错误', '2021-01-26 01:23:53');
INSERT INTO `sys_logininfor` VALUES (290, 'test', '192.168.0.101', '内网IP', 'Chrome 8', 'Mac OS X', '0', '登录成功', '2021-01-26 01:23:56');
INSERT INTO `sys_logininfor` VALUES (291, 'admin', '127.0.0.1', '内网IP', 'Chrome 8', 'Mac OS X', '0', '登录成功', '2021-01-26 01:24:14');
INSERT INTO `sys_logininfor` VALUES (292, 'admin', '127.0.0.1', '内网IP', 'Chrome 8', 'Windows 10', '0', '登录成功', '2021-01-26 21:55:38');
INSERT INTO `sys_logininfor` VALUES (293, 'admin', '127.0.0.1', '内网IP', 'Chrome 8', 'Mac OS X', '0', '登录成功', '2021-01-26 22:36:07');
INSERT INTO `sys_logininfor` VALUES (294, 'admin', '127.0.0.1', '内网IP', 'Chrome 8', 'Mac OS X', '0', '登录成功', '2021-01-27 00:06:16');
INSERT INTO `sys_logininfor` VALUES (295, 'admin', '127.0.0.1', '内网IP', 'Chrome 8', 'Windows 10', '1', '验证码已失效', '2021-01-28 22:28:35');
INSERT INTO `sys_logininfor` VALUES (296, 'admin', '127.0.0.1', '内网IP', 'Chrome 8', 'Windows 10', '0', '登录成功', '2021-01-28 22:28:39');
INSERT INTO `sys_logininfor` VALUES (297, 'admin', '127.0.0.1', '内网IP', 'Chrome 8', 'Windows 10', '0', '退出成功', '2021-01-28 22:39:52');
INSERT INTO `sys_logininfor` VALUES (298, 'admin', '127.0.0.1', '内网IP', 'Chrome 8', 'Windows 10', '0', '登录成功', '2021-01-28 22:40:03');
INSERT INTO `sys_logininfor` VALUES (299, 'admin', '127.0.0.1', '内网IP', 'Chrome 8', 'Mac OS X', '0', '登录成功', '2021-01-30 14:36:28');
INSERT INTO `sys_logininfor` VALUES (300, 'admin', '127.0.0.1', '内网IP', 'Chrome 8', 'Mac OS X', '0', '登录成功', '2021-01-30 16:06:11');
INSERT INTO `sys_logininfor` VALUES (301, 'admin', '127.0.0.1', '内网IP', 'Chrome 8', 'Mac OS X', '0', '登录成功', '2021-01-30 16:58:26');
INSERT INTO `sys_logininfor` VALUES (302, 'test', '127.0.0.1, 111.22.249.94', '内网IP', 'Chrome 8', 'Mac OS X', '0', '登录成功', '2021-02-01 18:03:38');
INSERT INTO `sys_logininfor` VALUES (303, 'test', '127.0.0.1, 111.22.249.94', '内网IP', 'Chrome 56', 'Mac OS X', '1', '验证码已失效', '2021-02-01 18:07:33');
INSERT INTO `sys_logininfor` VALUES (304, 'test', '127.0.0.1, 111.22.249.94', '内网IP', 'Chrome 56', 'Mac OS X', '0', '登录成功', '2021-02-01 18:07:40');
INSERT INTO `sys_logininfor` VALUES (305, 'test', '192.168.0.100, 111.22.249.94', '内网IP', 'Chrome 8', 'Mac OS X', '0', '登录成功', '2021-02-01 18:28:32');
INSERT INTO `sys_logininfor` VALUES (306, 'test', '192.168.0.100, 111.22.249.94', '内网IP', 'Chrome 8', 'Mac OS X', '0', '登录成功', '2021-02-01 21:47:31');
INSERT INTO `sys_logininfor` VALUES (307, 'test', '192.168.0.100, 111.22.249.94', '内网IP', 'Chrome 8', 'Mac OS X', '0', '退出成功', '2021-02-01 22:00:42');
INSERT INTO `sys_logininfor` VALUES (308, 'admin', '192.168.0.100, 111.22.249.94', '内网IP', 'Chrome 8', 'Mac OS X', '1', '用户不存在/密码错误', '2021-02-01 22:00:51');
INSERT INTO `sys_logininfor` VALUES (309, 'admin', '192.168.0.100, 111.22.249.94', '内网IP', 'Chrome 8', 'Mac OS X', '0', '登录成功', '2021-02-01 22:01:15');
INSERT INTO `sys_logininfor` VALUES (310, 'test', '192.168.0.100, 111.22.249.94', '内网IP', 'Chrome 8', 'Mac OS X', '0', '登录成功', '2021-02-01 23:26:26');
INSERT INTO `sys_logininfor` VALUES (311, 'test', '192.168.0.100, 111.22.249.94', '内网IP', 'Chrome 8', 'Mac OS X', '0', '退出成功', '2021-02-01 23:26:42');
INSERT INTO `sys_logininfor` VALUES (312, 'admin', '192.168.0.100, 111.22.249.94', '内网IP', 'Chrome 8', 'Mac OS X', '0', '登录成功', '2021-02-01 23:26:51');
INSERT INTO `sys_logininfor` VALUES (313, 'admin', '127.0.0.1, 111.22.249.94', '内网IP', 'Chrome 8', 'Mac OS X', '0', '登录成功', '2021-02-02 15:13:42');
INSERT INTO `sys_logininfor` VALUES (314, 'admin', '127.0.0.1, 111.22.249.94', '内网IP', 'Chrome 8', 'Mac OS X', '0', '登录成功', '2021-02-02 18:23:56');
INSERT INTO `sys_logininfor` VALUES (315, 'admin', '127.0.0.1, 111.22.249.94', '内网IP', 'Chrome 8', 'Mac OS X', '1', '验证码错误', '2021-02-03 18:28:32');
INSERT INTO `sys_logininfor` VALUES (316, 'admin', '127.0.0.1, 111.22.249.94', '内网IP', 'Chrome 8', 'Mac OS X', '0', '登录成功', '2021-02-03 18:28:36');
INSERT INTO `sys_logininfor` VALUES (317, 'admin', '127.0.0.1, 111.22.249.94', '内网IP', 'Chrome 8', 'Mac OS X', '0', '登录成功', '2021-02-03 19:36:37');
INSERT INTO `sys_logininfor` VALUES (318, 'admin', '192.168.0.100, 111.22.249.94', '内网IP', 'Chrome 8', 'Mac OS X', '0', '登录成功', '2021-02-03 20:55:51');
INSERT INTO `sys_logininfor` VALUES (319, 'admin', '192.168.0.100, 111.22.249.94', '内网IP', 'Chrome 8', 'Mac OS X', '0', '登录成功', '2021-02-03 22:12:00');
INSERT INTO `sys_logininfor` VALUES (320, 'admin', '127.0.0.1, 111.22.249.94', '内网IP', 'Chrome 8', 'Mac OS X', '1', '验证码已失效', '2021-02-04 16:41:37');
INSERT INTO `sys_logininfor` VALUES (321, 'admin', '127.0.0.1, 111.22.249.94', '内网IP', 'Chrome 8', 'Mac OS X', '0', '登录成功', '2021-02-04 16:41:41');
INSERT INTO `sys_logininfor` VALUES (322, 'admin', '127.0.0.1', '内网IP', 'Chrome 8', 'Windows 10', '0', '登录成功', '2021-02-05 20:51:44');
INSERT INTO `sys_logininfor` VALUES (323, 'admin', '127.0.0.1', '内网IP', 'Chrome 8', 'Windows 10', '0', '登录成功', '2021-02-05 21:32:46');
INSERT INTO `sys_logininfor` VALUES (324, 'admin', '127.0.0.1', '内网IP', 'Chrome 8', 'Windows 10', '0', '登录成功', '2021-02-06 10:16:24');
INSERT INTO `sys_logininfor` VALUES (325, 'test', '127.0.0.1', '内网IP', 'Chrome 8', 'Windows 10', '0', '登录成功', '2021-02-21 09:33:45');
INSERT INTO `sys_logininfor` VALUES (326, 'test', '127.0.0.1', '内网IP', 'Chrome 8', 'Windows 10', '0', '退出成功', '2021-02-21 09:34:06');
INSERT INTO `sys_logininfor` VALUES (327, 'admin', '127.0.0.1', '内网IP', 'Chrome 8', 'Windows 10', '0', '登录成功', '2021-02-21 09:34:14');
INSERT INTO `sys_logininfor` VALUES (328, 'admin', '127.0.0.1', '内网IP', 'Chrome 8', 'Windows 10', '0', '退出成功', '2021-02-21 09:34:32');
INSERT INTO `sys_logininfor` VALUES (329, 'test', '127.0.0.1', '内网IP', 'Chrome 8', 'Windows 10', '1', '验证码错误', '2021-02-21 09:34:36');
INSERT INTO `sys_logininfor` VALUES (330, 'test', '127.0.0.1', '内网IP', 'Chrome 8', 'Windows 10', '0', '登录成功', '2021-02-21 09:34:39');
INSERT INTO `sys_logininfor` VALUES (331, 'admin', '127.0.0.1', '内网IP', 'Chrome 9', 'Windows 10', '0', '登录成功', '2021-11-01 12:03:57');
INSERT INTO `sys_logininfor` VALUES (332, 'admin', '127.0.0.1', '内网IP', 'Chrome 9', 'Windows 10', '0', '退出成功', '2021-11-01 12:04:02');
INSERT INTO `sys_logininfor` VALUES (333, 'admin', '127.0.0.1', '内网IP', 'Chrome 9', 'Windows 10', '0', '登录成功', '2021-11-01 12:04:15');
INSERT INTO `sys_logininfor` VALUES (334, 'test', '127.0.0.1', '内网IP', 'Chrome 9', 'Windows 10', '0', '登录成功', '2022-03-29 14:42:04');
INSERT INTO `sys_logininfor` VALUES (335, 'test', '127.0.0.1', '内网IP', 'Chrome 9', 'Windows 10', '0', '退出成功', '2022-03-29 14:48:08');
INSERT INTO `sys_logininfor` VALUES (336, 'admin', '127.0.0.1', '内网IP', 'Chrome 9', 'Windows 10', '1', '用户不存在/密码错误', '2022-03-29 14:48:18');
INSERT INTO `sys_logininfor` VALUES (337, 'admin', '127.0.0.1', '内网IP', 'Chrome 9', 'Windows 10', '0', '登录成功', '2022-03-29 14:48:37');
INSERT INTO `sys_logininfor` VALUES (338, 'admin', '127.0.0.1', '内网IP', 'Chrome 9', 'Windows 10', '0', '退出成功', '2022-03-29 14:53:01');
INSERT INTO `sys_logininfor` VALUES (339, 'admin', '127.0.0.1', '内网IP', 'Chrome 9', 'Windows 10', '0', '登录成功', '2022-03-29 14:53:08');
INSERT INTO `sys_logininfor` VALUES (340, 'admin', '127.0.0.1', '内网IP', 'Chrome 9', 'Windows 10', '0', '登录成功', '2022-03-29 16:49:18');
INSERT INTO `sys_logininfor` VALUES (341, 'test', '127.0.0.1', '内网IP', 'Chrome 9', 'Windows 10', '0', '登录成功', '2022-03-31 16:52:11');
INSERT INTO `sys_logininfor` VALUES (342, 'test', '127.0.0.1', '内网IP', 'Chrome 9', 'Windows 10', '0', '退出成功', '2022-03-31 16:52:32');
INSERT INTO `sys_logininfor` VALUES (343, 'admin', '127.0.0.1', '内网IP', 'Chrome 9', 'Windows 10', '0', '登录成功', '2022-03-31 16:52:42');
INSERT INTO `sys_logininfor` VALUES (344, 'admin', '127.0.0.1', '内网IP', 'Chrome 9', 'Windows 10', '0', '退出成功', '2022-03-31 16:52:55');
INSERT INTO `sys_logininfor` VALUES (345, 'test', '127.0.0.1', '内网IP', 'Chrome 9', 'Windows 10', '0', '登录成功', '2022-03-31 16:52:59');
INSERT INTO `sys_logininfor` VALUES (346, 'admin', '127.0.0.1', '内网IP', 'Chrome 11', 'Windows 10', '1', '用户不存在/密码错误', '2023-03-03 10:34:57');
INSERT INTO `sys_logininfor` VALUES (347, 'admin', '127.0.0.1', '内网IP', 'Chrome 11', 'Windows 10', '0', '登录成功', '2023-03-03 10:35:08');
INSERT INTO `sys_logininfor` VALUES (348, 'admin', '127.0.0.1', '内网IP', 'Chrome 11', 'Windows 10', '0', '登录成功', '2023-03-05 10:54:14');
INSERT INTO `sys_logininfor` VALUES (349, 'admin', '127.0.0.1', '内网IP', 'Chrome 11', 'Windows 10', '1', '用户不存在/密码错误', '2023-03-05 14:45:49');
INSERT INTO `sys_logininfor` VALUES (350, 'admin', '127.0.0.1', '内网IP', 'Chrome 11', 'Windows 10', '1', '用户不存在/密码错误', '2023-03-05 14:45:56');
INSERT INTO `sys_logininfor` VALUES (351, 'admin', '127.0.0.1', '内网IP', 'Chrome 11', 'Windows 10', '0', '登录成功', '2023-03-05 14:46:03');
INSERT INTO `sys_logininfor` VALUES (352, 'test', '111.121.45.186,127.0.0.1', '内网IP', 'Chrome 55', 'Windows 10', '0', '登录成功', '2023-03-06 15:02:03');
INSERT INTO `sys_logininfor` VALUES (353, 'admin', '127.0.0.1', '内网IP', 'Chrome 11', 'Windows 10', '1', '用户不存在/密码错误', '2023-03-07 14:36:11');
INSERT INTO `sys_logininfor` VALUES (354, 'admin', '127.0.0.1', '内网IP', 'Chrome 11', 'Windows 10', '0', '登录成功', '2023-03-07 14:36:17');
INSERT INTO `sys_logininfor` VALUES (355, 'test', '61.140.125.199,127.0.0.1', '内网IP', 'Chrome 10', 'Windows 10', '0', '登录成功', '2023-03-09 13:41:30');
INSERT INTO `sys_logininfor` VALUES (356, 'test', '61.140.125.199,127.0.0.1', '内网IP', 'Chrome 10', 'Windows 10', '0', '登录成功', '2023-03-09 15:13:16');
INSERT INTO `sys_logininfor` VALUES (357, 'test', '61.140.125.199,127.0.0.1', '内网IP', 'Chrome 10', 'Windows 10', '0', '登录成功', '2023-03-09 16:05:51');
INSERT INTO `sys_logininfor` VALUES (358, 'admin', '127.0.0.1', '内网IP', 'Chrome 11', 'Windows 10', '0', '登录成功', '2023-03-22 09:38:39');
INSERT INTO `sys_logininfor` VALUES (359, 'admin', '127.0.0.1', '内网IP', 'Chrome 11', 'Windows 10', '0', '退出成功', '2023-03-22 10:06:37');
INSERT INTO `sys_logininfor` VALUES (360, 'test', '127.0.0.1', '内网IP', 'Chrome 11', 'Windows 10', '0', '登录成功', '2023-03-22 10:06:44');
INSERT INTO `sys_logininfor` VALUES (361, 'test', '127.0.0.1', '内网IP', 'Chrome 11', 'Windows 10', '0', '退出成功', '2023-03-22 10:10:29');
INSERT INTO `sys_logininfor` VALUES (362, 'admin', '127.0.0.1', '内网IP', 'Chrome 11', 'Windows 10', '0', '登录成功', '2023-03-22 10:10:37');
INSERT INTO `sys_logininfor` VALUES (363, 'admin', '127.0.0.1', '内网IP', 'Chrome 11', 'Windows 10', '1', '验证码已失效', '2023-04-07 15:31:48');
INSERT INTO `sys_logininfor` VALUES (364, 'admin', '127.0.0.1', '内网IP', 'Chrome 11', 'Windows 10', '0', '登录成功', '2023-04-07 15:31:51');
INSERT INTO `sys_logininfor` VALUES (365, 'admin', '127.0.0.1', '内网IP', 'Chrome 11', 'Windows 10', '0', '登录成功', '2023-04-11 09:34:22');
INSERT INTO `sys_logininfor` VALUES (366, 'admin', '127.0.0.1', '内网IP', 'Chrome 11', 'Windows 10', '0', '登录成功', '2023-04-11 11:21:46');
INSERT INTO `sys_logininfor` VALUES (367, 'test', '127.0.0.1', '内网IP', 'Chrome 11', 'Windows 10', '1', '验证码已失效', '2023-09-04 15:59:28');
INSERT INTO `sys_logininfor` VALUES (368, 'test', '127.0.0.1', '内网IP', 'Chrome 11', 'Windows 10', '0', '登录成功', '2023-09-04 15:59:34');
INSERT INTO `sys_logininfor` VALUES (369, 'test', '127.0.0.1', '内网IP', 'Chrome 11', 'Windows 10', '0', '退出成功', '2023-09-04 16:18:55');
INSERT INTO `sys_logininfor` VALUES (370, 'test', '127.0.0.1', '内网IP', 'Chrome 11', 'Windows 10', '1', '验证码已失效', '2023-09-04 16:24:38');
INSERT INTO `sys_logininfor` VALUES (371, 'test', '127.0.0.1', '内网IP', 'Chrome 11', 'Windows 10', '1', '验证码错误', '2023-09-04 16:24:42');
INSERT INTO `sys_logininfor` VALUES (372, 'test', '127.0.0.1', '内网IP', 'Chrome 11', 'Windows 10', '0', '登录成功', '2023-09-04 16:25:08');
INSERT INTO `sys_logininfor` VALUES (373, 'test', '127.0.0.1', '内网IP', 'Chrome 11', 'Windows 10', '1', '验证码错误', '2023-09-04 18:04:56');
INSERT INTO `sys_logininfor` VALUES (374, 'test', '127.0.0.1', '内网IP', 'Chrome 11', 'Windows 10', '0', '登录成功', '2023-09-04 18:05:05');
INSERT INTO `sys_logininfor` VALUES (375, 'test', '127.0.0.1', '内网IP', 'Chrome 11', 'Windows 10', '0', '退出成功', '2023-09-04 18:07:43');
INSERT INTO `sys_logininfor` VALUES (376, 'admin', '127.0.0.1', '内网IP', 'Chrome 11', 'Windows 10', '1', '验证码错误', '2023-09-04 18:07:53');
INSERT INTO `sys_logininfor` VALUES (377, 'admin', '127.0.0.1', '内网IP', 'Chrome 11', 'Windows 10', '1', '用户不存在/密码错误', '2023-09-04 18:07:57');
INSERT INTO `sys_logininfor` VALUES (378, 'root', '127.0.0.1', '内网IP', 'Chrome 11', 'Windows 10', '1', '用户不存在/密码错误', '2023-09-04 18:08:36');
INSERT INTO `sys_logininfor` VALUES (379, 'root', '127.0.0.1', '内网IP', 'Chrome 11', 'Windows 10', '1', '用户不存在/密码错误', '2023-09-04 18:08:57');
INSERT INTO `sys_logininfor` VALUES (380, 'root', '127.0.0.1', '内网IP', 'Chrome 11', 'Windows 10', '1', '用户不存在/密码错误', '2023-09-04 18:09:27');
INSERT INTO `sys_logininfor` VALUES (381, 'admin', '127.0.0.1', '内网IP', 'Chrome 11', 'Windows 10', '0', '登录成功', '2023-09-04 18:09:35');
INSERT INTO `sys_logininfor` VALUES (382, 'admin', '127.0.0.1', '内网IP', 'Chrome 11', 'Windows 10', '0', '登录成功', '2023-09-06 14:19:09');
INSERT INTO `sys_logininfor` VALUES (383, 'admin', '127.0.0.1', '内网IP', 'Chrome 11', 'Windows 10', '1', '验证码已失效', '2023-09-06 14:36:44');
INSERT INTO `sys_logininfor` VALUES (384, 'admin', '127.0.0.1', '内网IP', 'Chrome 11', 'Windows 10', '0', '登录成功', '2023-09-06 14:36:49');
INSERT INTO `sys_logininfor` VALUES (385, 'admin', '127.0.0.1', '内网IP', 'Chrome 11', 'Windows 10', '0', '登录成功', '2023-09-06 15:13:52');
INSERT INTO `sys_logininfor` VALUES (386, 'admin', '127.0.0.1', '内网IP', 'Chrome 11', 'Windows 10', '0', '登录成功', '2023-09-06 16:06:10');
INSERT INTO `sys_logininfor` VALUES (387, 'admin', '127.0.0.1', '内网IP', 'Chrome 11', 'Windows 10', '1', '验证码已失效', '2023-09-06 17:01:41');
INSERT INTO `sys_logininfor` VALUES (388, 'admin', '127.0.0.1', '内网IP', 'Chrome 11', 'Windows 10', '0', '登录成功', '2023-09-06 17:01:44');
INSERT INTO `sys_logininfor` VALUES (389, 'admin', '127.0.0.1', '内网IP', 'Chrome 11', 'Windows 10', '0', '退出成功', '2023-09-06 17:04:33');
INSERT INTO `sys_logininfor` VALUES (390, 'admin', '127.0.0.1', '内网IP', 'Chrome 11', 'Windows 10', '0', '登录成功', '2023-09-06 17:04:38');
INSERT INTO `sys_logininfor` VALUES (391, 'admin', '127.0.0.1', '内网IP', 'Chrome 11', 'Windows 10', '0', '退出成功', '2023-09-06 17:27:14');
INSERT INTO `sys_logininfor` VALUES (392, 'admin', '127.0.0.1', '内网IP', 'Chrome 11', 'Windows 10', '0', '登录成功', '2023-09-06 17:27:18');
INSERT INTO `sys_logininfor` VALUES (393, 'admin', '127.0.0.1', '内网IP', 'Chrome 11', 'Windows 10', '0', '登录成功', '2023-09-06 17:32:31');
INSERT INTO `sys_logininfor` VALUES (394, 'admin', '127.0.0.1', '内网IP', 'Chrome 11', 'Windows 10', '0', '退出成功', '2023-09-06 17:33:51');
INSERT INTO `sys_logininfor` VALUES (395, 'admin', '127.0.0.1', '内网IP', 'Chrome 11', 'Windows 10', '0', '登录成功', '2023-09-06 17:33:55');
INSERT INTO `sys_logininfor` VALUES (396, 'admin', '127.0.0.1', '内网IP', 'Chrome 11', 'Windows 10', '0', '退出成功', '2023-09-06 17:34:26');
INSERT INTO `sys_logininfor` VALUES (397, 'admin', '127.0.0.1', '内网IP', 'Chrome 11', 'Windows 10', '0', '登录成功', '2023-09-06 17:34:31');
INSERT INTO `sys_logininfor` VALUES (398, 'admin', '127.0.0.1', '内网IP', 'Chrome 11', 'Windows 10', '0', '退出成功', '2023-09-06 17:52:41');
INSERT INTO `sys_logininfor` VALUES (399, 'admin', '127.0.0.1', '内网IP', 'Chrome 11', 'Windows 10', '0', '登录成功', '2023-09-06 17:52:46');
INSERT INTO `sys_logininfor` VALUES (400, 'admin', '127.0.0.1', '内网IP', 'Chrome 11', 'Windows 10', '0', '登录成功', '2023-09-06 19:28:36');
INSERT INTO `sys_logininfor` VALUES (401, 'admin', '127.0.0.1', '内网IP', 'Chrome 11', 'Windows 10', '0', '登录成功', '2023-09-07 10:59:11');
INSERT INTO `sys_logininfor` VALUES (402, 'admin', '127.0.0.1', '内网IP', 'Chrome 11', 'Windows 10', '0', '登录成功', '2023-09-07 11:44:01');
INSERT INTO `sys_logininfor` VALUES (403, 'admin', '127.0.0.1', '内网IP', 'Chrome 11', 'Windows 10', '0', '退出成功', '2023-09-07 11:45:00');
INSERT INTO `sys_logininfor` VALUES (404, 'admin', '127.0.0.1', '内网IP', 'Chrome 11', 'Windows 10', '0', '登录成功', '2023-09-07 11:45:22');
INSERT INTO `sys_logininfor` VALUES (405, 'admin', '127.0.0.1', '内网IP', 'Chrome 11', 'Windows 10', '1', '验证码已失效', '2023-09-07 16:35:58');
INSERT INTO `sys_logininfor` VALUES (406, 'admin', '127.0.0.1', '内网IP', 'Chrome 11', 'Windows 10', '0', '登录成功', '2023-09-07 16:36:02');
INSERT INTO `sys_logininfor` VALUES (407, 'admin', '127.0.0.1', '内网IP', 'Chrome 11', 'Windows 10', '0', '登录成功', '2023-09-07 17:25:54');
INSERT INTO `sys_logininfor` VALUES (408, 'admin', '127.0.0.1', '内网IP', 'Chrome 11', 'Windows 10', '1', '验证码已失效', '2023-09-11 10:08:38');
INSERT INTO `sys_logininfor` VALUES (409, 'admin', '127.0.0.1', '内网IP', 'Chrome 11', 'Windows 10', '0', '登录成功', '2023-09-11 10:08:43');
INSERT INTO `sys_logininfor` VALUES (410, 'admin', '127.0.0.1', '内网IP', 'Chrome 11', 'Windows 10', '0', '登录成功', '2023-09-11 10:31:05');
INSERT INTO `sys_logininfor` VALUES (411, 'admin', '127.0.0.1', '内网IP', 'Chrome 11', 'Windows 10', '0', '登录成功', '2023-09-11 14:06:35');
INSERT INTO `sys_logininfor` VALUES (412, 'admin', '127.0.0.1', '内网IP', 'Chrome 11', 'Windows 10', '0', '登录成功', '2023-09-11 14:51:44');
INSERT INTO `sys_logininfor` VALUES (413, 'admin', '127.0.0.1', '内网IP', 'Chrome 11', 'Windows 10', '0', '登录成功', '2023-09-11 15:33:30');
INSERT INTO `sys_logininfor` VALUES (414, 'admin', '127.0.0.1', '内网IP', 'Chrome 11', 'Windows 10', '1', '验证码已失效', '2023-09-12 10:00:55');
INSERT INTO `sys_logininfor` VALUES (415, 'admin', '127.0.0.1', '内网IP', 'Chrome 11', 'Windows 10', '0', '登录成功', '2023-09-12 10:00:58');
INSERT INTO `sys_logininfor` VALUES (416, 'admin', '127.0.0.1', '内网IP', 'Chrome 11', 'Windows 10', '0', '登录成功', '2023-09-12 11:34:47');
INSERT INTO `sys_logininfor` VALUES (417, 'test', '127.0.0.1', '内网IP', 'Chrome 11', 'Windows 10', '1', '验证码错误', '2023-09-12 15:24:03');
INSERT INTO `sys_logininfor` VALUES (418, 'test', '127.0.0.1', '内网IP', 'Chrome 11', 'Windows 10', '1', '用户不存在/密码错误', '2023-09-12 15:24:08');
INSERT INTO `sys_logininfor` VALUES (419, 'admin', '127.0.0.1', '内网IP', 'Chrome 11', 'Windows 10', '0', '登录成功', '2023-09-12 15:24:14');
INSERT INTO `sys_logininfor` VALUES (420, 'admin', '127.0.0.1', '内网IP', 'Chrome 11', 'Windows 10', '0', '登录成功', '2023-09-12 15:37:19');
INSERT INTO `sys_logininfor` VALUES (421, 'test', '127.0.0.1', '内网IP', 'Chrome 11', 'Windows 10', '1', '用户不存在/密码错误', '2023-09-12 15:43:11');
INSERT INTO `sys_logininfor` VALUES (422, 'admin', '127.0.0.1', '内网IP', 'Chrome 11', 'Windows 10', '0', '登录成功', '2023-09-12 15:43:19');
INSERT INTO `sys_logininfor` VALUES (423, 'admin', '127.0.0.1', '内网IP', 'Chrome 11', 'Windows 10', '0', '退出成功', '2023-09-12 16:26:39');
INSERT INTO `sys_logininfor` VALUES (424, 'admin', '127.0.0.1', '内网IP', 'Chrome 11', 'Windows 10', '0', '登录成功', '2023-09-12 16:26:44');
INSERT INTO `sys_logininfor` VALUES (425, 'admin', '127.0.0.1', '内网IP', 'Chrome 11', 'Windows 10', '0', '退出成功', '2023-09-12 16:38:26');
INSERT INTO `sys_logininfor` VALUES (426, 'admin', '127.0.0.1', '内网IP', 'Chrome 11', 'Windows 10', '0', '登录成功', '2023-09-12 16:38:31');
INSERT INTO `sys_logininfor` VALUES (427, 'admin', '127.0.0.1', '内网IP', 'Chrome 11', 'Windows 10', '0', '登录成功', '2023-09-13 10:23:31');
INSERT INTO `sys_logininfor` VALUES (428, 'admin', '127.0.0.1', '内网IP', 'Chrome 11', 'Windows 10', '0', '退出成功', '2023-09-13 10:26:21');
INSERT INTO `sys_logininfor` VALUES (429, 'admin', '127.0.0.1', '内网IP', 'Chrome 11', 'Windows 10', '0', '登录成功', '2023-09-13 10:26:26');
INSERT INTO `sys_logininfor` VALUES (430, 'admin', '127.0.0.1', '内网IP', 'Chrome 11', 'Windows 10', '0', '退出成功', '2023-09-13 10:27:36');
INSERT INTO `sys_logininfor` VALUES (431, 'admin', '127.0.0.1', '内网IP', 'Chrome 11', 'Windows 10', '1', '验证码错误', '2023-09-13 10:27:42');
INSERT INTO `sys_logininfor` VALUES (432, 'admin', '127.0.0.1', '内网IP', 'Chrome 11', 'Windows 10', '0', '登录成功', '2023-09-13 10:27:46');
INSERT INTO `sys_logininfor` VALUES (433, 'admin', '127.0.0.1', '内网IP', 'Chrome 11', 'Windows 10', '0', '退出成功', '2023-09-13 10:30:53');
INSERT INTO `sys_logininfor` VALUES (434, 'admin', '127.0.0.1', '内网IP', 'Chrome 11', 'Windows 10', '0', '登录成功', '2023-09-13 10:30:58');
INSERT INTO `sys_logininfor` VALUES (435, 'admin', '127.0.0.1', '内网IP', 'Chrome 11', 'Windows 10', '0', '登录成功', '2023-09-13 10:41:58');
INSERT INTO `sys_logininfor` VALUES (436, 'admin', '127.0.0.1', '内网IP', 'Chrome 11', 'Windows 10', '0', '退出成功', '2023-09-13 10:42:46');
INSERT INTO `sys_logininfor` VALUES (437, 'admin', '127.0.0.1', '内网IP', 'Chrome 11', 'Windows 10', '0', '登录成功', '2023-09-13 10:42:51');
INSERT INTO `sys_logininfor` VALUES (438, 'admin', '127.0.0.1', '内网IP', 'Chrome 11', 'Windows 10', '0', '登录成功', '2023-09-13 11:19:01');
INSERT INTO `sys_logininfor` VALUES (439, 'admin', '127.0.0.1', '内网IP', 'Chrome 11', 'Windows 10', '0', '登录成功', '2023-09-13 14:22:18');
INSERT INTO `sys_logininfor` VALUES (440, 'admin', '127.0.0.1', '内网IP', 'Chrome 11', 'Windows 10', '0', '登录成功', '2023-09-13 15:42:44');
INSERT INTO `sys_logininfor` VALUES (441, 'admin', '127.0.0.1', '内网IP', 'Chrome 11', 'Windows 10', '1', '验证码错误', '2023-09-13 16:47:32');
INSERT INTO `sys_logininfor` VALUES (442, 'admin', '127.0.0.1', '内网IP', 'Chrome 11', 'Windows 10', '0', '登录成功', '2023-09-13 16:47:41');
INSERT INTO `sys_logininfor` VALUES (443, 'admin', '127.0.0.1', '内网IP', 'Chrome 11', 'Windows 10', '0', '登录成功', '2023-09-13 17:41:08');
INSERT INTO `sys_logininfor` VALUES (444, 'admin', '127.0.0.1', '内网IP', 'Chrome 11', 'Windows 10', '1', '验证码已失效', '2023-09-14 10:22:38');
INSERT INTO `sys_logininfor` VALUES (445, 'admin', '127.0.0.1', '内网IP', 'Chrome 11', 'Windows 10', '1', '验证码错误', '2023-09-14 10:22:41');
INSERT INTO `sys_logininfor` VALUES (446, 'admin', '127.0.0.1', '内网IP', 'Chrome 11', 'Windows 10', '0', '登录成功', '2023-09-14 10:22:45');
INSERT INTO `sys_logininfor` VALUES (447, 'admin', '127.0.0.1', '内网IP', 'Chrome 11', 'Windows 10', '1', '验证码已失效', '2023-09-14 14:34:48');
INSERT INTO `sys_logininfor` VALUES (448, 'admin', '127.0.0.1', '内网IP', 'Chrome 11', 'Windows 10', '0', '登录成功', '2023-09-14 14:34:52');
INSERT INTO `sys_logininfor` VALUES (449, 'admin', '127.0.0.1', '内网IP', 'Chrome 11', 'Windows 10', '0', '登录成功', '2023-09-14 16:39:37');
INSERT INTO `sys_logininfor` VALUES (450, 'admin', '127.0.0.1', '内网IP', 'Chrome 11', 'Windows 10', '0', '退出成功', '2023-09-14 16:40:07');
INSERT INTO `sys_logininfor` VALUES (451, 'admin', '127.0.0.1', '内网IP', 'Chrome 11', 'Windows 10', '0', '登录成功', '2023-09-14 16:40:12');
INSERT INTO `sys_logininfor` VALUES (452, 'admin', '127.0.0.1', '内网IP', 'Chrome 11', 'Windows 10', '0', '登录成功', '2023-09-14 16:41:57');
INSERT INTO `sys_logininfor` VALUES (453, 'admin', '127.0.0.1', '内网IP', 'Chrome 11', 'Windows 10', '0', '退出成功', '2023-09-14 16:50:58');
INSERT INTO `sys_logininfor` VALUES (454, 'admin', '127.0.0.1', '内网IP', 'Chrome 11', 'Windows 10', '0', '登录成功', '2023-09-14 18:19:16');
INSERT INTO `sys_logininfor` VALUES (455, 'admin', '127.0.0.1', '内网IP', 'Chrome 11', 'Windows 10', '0', '登录成功', '2023-09-15 10:29:24');
INSERT INTO `sys_logininfor` VALUES (456, 'admin', '127.0.0.1', '内网IP', 'Chrome 11', 'Windows 10', '0', '登录成功', '2023-09-15 11:29:18');
INSERT INTO `sys_logininfor` VALUES (457, 'admin', '127.0.0.1', '内网IP', 'Chrome 11', 'Windows 10', '0', '登录成功', '2023-09-15 14:31:49');
INSERT INTO `sys_logininfor` VALUES (458, 'admin', '127.0.0.1', '内网IP', 'Chrome 11', 'Windows 10', '1', '验证码错误', '2023-09-15 15:54:44');
INSERT INTO `sys_logininfor` VALUES (459, 'admin', '127.0.0.1', '内网IP', 'Chrome 11', 'Windows 10', '0', '登录成功', '2023-09-15 15:54:49');
INSERT INTO `sys_logininfor` VALUES (460, 'admin', '127.0.0.1', '内网IP', 'Chrome 11', 'Windows 10', '0', '登录成功', '2023-09-15 17:05:36');
INSERT INTO `sys_logininfor` VALUES (461, 'admin', '127.0.0.1', '内网IP', 'Chrome 11', 'Windows 10', '0', '退出成功', '2023-09-15 17:09:45');
INSERT INTO `sys_logininfor` VALUES (462, 'admin', '127.0.0.1', '内网IP', 'Chrome 11', 'Windows 10', '1', '验证码错误', '2023-09-15 17:09:49');
INSERT INTO `sys_logininfor` VALUES (463, 'admin', '127.0.0.1', '内网IP', 'Chrome 11', 'Windows 10', '0', '登录成功', '2023-09-15 17:09:54');
INSERT INTO `sys_logininfor` VALUES (464, 'admin', '127.0.0.1', '内网IP', 'Chrome 11', 'Windows 10', '0', '登录成功', '2023-09-18 09:52:26');
INSERT INTO `sys_logininfor` VALUES (465, 'admin', '127.0.0.1', '内网IP', 'Chrome 11', 'Windows 10', '0', '登录成功', '2023-09-18 14:06:42');
INSERT INTO `sys_logininfor` VALUES (466, 'admin', '127.0.0.1', '内网IP', 'Chrome 11', 'Windows 10', '0', '登录成功', '2023-09-22 09:45:33');
INSERT INTO `sys_logininfor` VALUES (467, 'admin', '127.0.0.1', '内网IP', 'Chrome 11', 'Windows 10', '0', '退出成功', '2023-09-22 09:49:35');
INSERT INTO `sys_logininfor` VALUES (468, 'admin', '127.0.0.1', '内网IP', 'Chrome 11', 'Windows 10', '1', '验证码已失效', '2023-09-22 09:52:17');
INSERT INTO `sys_logininfor` VALUES (469, 'admin', '127.0.0.1', '内网IP', 'Chrome 11', 'Windows 10', '0', '登录成功', '2023-09-22 09:52:21');
INSERT INTO `sys_logininfor` VALUES (470, 'test', '183.156.65.48', 'XX XX', 'Chrome 11', 'Windows 10', '1', '用户不存在/密码错误', '2023-09-22 11:40:09');
INSERT INTO `sys_logininfor` VALUES (471, 'admin', '183.156.65.48', 'XX XX', 'Chrome 11', 'Windows 10', '1', '用户不存在/密码错误', '2023-09-22 11:40:19');
INSERT INTO `sys_logininfor` VALUES (472, 'admin', '183.156.65.48', 'XX XX', 'Chrome 11', 'Windows 10', '0', '登录成功', '2023-09-22 11:40:30');
INSERT INTO `sys_logininfor` VALUES (473, 'admin', '115.220.218.113', 'XX XX', 'Chrome 11', 'Windows 10', '0', '登录成功', '2023-09-25 09:43:45');
INSERT INTO `sys_logininfor` VALUES (474, 'admin', '115.220.218.113', 'XX XX', 'Chrome 11', 'Windows 10', '0', '退出成功', '2023-09-25 10:38:14');
INSERT INTO `sys_logininfor` VALUES (475, 'admin', '115.220.218.113', 'XX XX', 'Chrome 11', 'Windows 10', '0', '登录成功', '2023-09-25 10:39:25');
INSERT INTO `sys_logininfor` VALUES (476, 'admin', '115.220.218.113', 'XX XX', 'Chrome 11', 'Windows 10', '0', '退出成功', '2023-09-25 10:44:18');
INSERT INTO `sys_logininfor` VALUES (477, 'admin', '115.220.218.113', 'XX XX', 'Chrome 11', 'Windows 10', '0', '登录成功', '2023-09-25 16:09:56');
INSERT INTO `sys_logininfor` VALUES (478, 'admin', '127.0.0.1', '内网IP', 'Chrome 11', 'Windows 10', '0', '登录成功', '2023-10-07 11:31:48');
INSERT INTO `sys_logininfor` VALUES (479, 'admin', '127.0.0.1', '内网IP', 'Chrome 11', 'Windows 10', '0', '退出成功', '2023-10-07 11:37:54');
INSERT INTO `sys_logininfor` VALUES (480, 'admin', '127.0.0.1', '内网IP', 'Chrome 11', 'Windows 10', '0', '登录成功', '2023-10-07 11:38:05');
INSERT INTO `sys_logininfor` VALUES (481, 'admin', '183.128.178.148', 'XX XX', 'Chrome 11', 'Windows 10', '0', '登录成功', '2023-10-07 16:26:24');
INSERT INTO `sys_logininfor` VALUES (482, 'admin', '183.128.178.148', 'XX XX', 'Chrome 11', 'Windows 10', '0', '登录成功', '2023-10-08 14:45:24');
INSERT INTO `sys_logininfor` VALUES (483, 'admin', '183.128.178.148', 'XX XX', 'Chrome 11', 'Windows 10', '0', '登录成功', '2023-10-08 16:33:07');
INSERT INTO `sys_logininfor` VALUES (484, 'admin', '183.128.178.148', 'XX XX', 'Chrome 11', 'Windows 10', '0', '登录成功', '2023-10-08 17:19:06');
INSERT INTO `sys_logininfor` VALUES (485, 'admin', '122.235.167.148', 'XX XX', 'Chrome 11', 'Windows 10', '1', '用户不存在/密码错误', '2023-10-12 17:25:19');
INSERT INTO `sys_logininfor` VALUES (486, 'admin', '122.235.167.148', 'XX XX', 'Chrome 11', 'Windows 10', '0', '登录成功', '2023-10-12 17:25:26');
INSERT INTO `sys_logininfor` VALUES (487, 'admin', '122.235.167.148', 'XX XX', 'Chrome 11', 'Windows 10', '0', '登录成功', '2023-10-13 11:12:17');
INSERT INTO `sys_logininfor` VALUES (488, 'admin', '122.235.167.148', 'XX XX', 'Chrome 11', 'Windows 10', '0', '登录成功', '2023-10-13 14:21:08');
INSERT INTO `sys_logininfor` VALUES (489, 'admin', '122.235.167.148', 'XX XX', 'Chrome 11', 'Windows 10', '0', '登录成功', '2023-10-13 15:02:34');
INSERT INTO `sys_logininfor` VALUES (490, 'admin', '125.120.41.199', 'XX XX', 'Chrome 11', 'Windows 10', '0', '登录成功', '2023-10-16 09:49:12');
INSERT INTO `sys_logininfor` VALUES (491, 'test', '125.120.41.199', 'XX XX', 'Chrome 11', 'Windows 10', '1', '用户不存在/密码错误', '2023-10-17 10:28:15');
INSERT INTO `sys_logininfor` VALUES (492, 'admin', '125.120.41.199', 'XX XX', 'Chrome 11', 'Windows 10', '0', '登录成功', '2023-10-17 10:28:22');
INSERT INTO `sys_logininfor` VALUES (493, 'admin', '127.0.0.1', '内网IP', 'Chrome 11', 'Windows 10', '0', '登录成功', '2023-10-17 10:34:39');
INSERT INTO `sys_logininfor` VALUES (494, 'admin', '127.0.0.1', '内网IP', 'Chrome 11', 'Windows 10', '0', '登录成功', '2023-10-17 11:37:10');
INSERT INTO `sys_logininfor` VALUES (495, 'admin', '125.120.41.199', 'XX XX', 'Chrome 11', 'Windows 10', '0', '登录成功', '2023-10-17 11:51:22');
INSERT INTO `sys_logininfor` VALUES (496, 'admin', '125.120.41.199', 'XX XX', 'Chrome 11', 'Windows 10', '0', '登录成功', '2023-10-17 14:52:05');
INSERT INTO `sys_logininfor` VALUES (497, 'admin', '115.192.95.98', 'XX XX', 'Chrome 11', 'Windows 10', '0', '登录成功', '2023-10-18 09:57:55');
INSERT INTO `sys_logininfor` VALUES (498, 'admin', '122.233.155.249', 'XX XX', 'Chrome 11', 'Windows 10', '0', '登录成功', '2023-10-24 10:15:38');
INSERT INTO `sys_logininfor` VALUES (499, 'admin', '122.233.155.249', 'XX XX', 'Chrome 9', 'Windows 10', '0', '登录成功', '2023-10-24 10:17:49');
INSERT INTO `sys_logininfor` VALUES (500, 'admin', '122.233.155.249', 'XX XX', 'Chrome 11', 'Windows 10', '0', '登录成功', '2023-10-24 10:38:42');
INSERT INTO `sys_logininfor` VALUES (501, 'admin', '122.233.155.249', 'XX XX', 'Chrome 9', 'Windows 10', '0', '退出成功', '2023-10-24 11:03:33');
INSERT INTO `sys_logininfor` VALUES (502, 'admin', '122.233.155.249', 'XX XX', 'Chrome 9', 'Windows 10', '0', '登录成功', '2023-10-24 11:03:44');
INSERT INTO `sys_logininfor` VALUES (503, 'admin', '122.233.155.249', 'XX XX', 'Chrome 9', 'Windows 10', '0', '退出成功', '2023-10-24 11:03:50');
INSERT INTO `sys_logininfor` VALUES (504, 'agency', '122.233.155.249', 'XX XX', 'Chrome 9', 'Windows 10', '0', '登录成功', '2023-10-24 11:05:09');
INSERT INTO `sys_logininfor` VALUES (505, 'admin', '122.233.155.249', 'XX XX', 'Chrome 11', 'Windows 10', '0', '退出成功', '2023-10-24 11:05:57');
INSERT INTO `sys_logininfor` VALUES (506, 'agency', '122.233.155.249', 'XX XX', 'Chrome 9', 'Windows 10', '0', '退出成功', '2023-10-24 11:19:46');
INSERT INTO `sys_logininfor` VALUES (507, '叶乐乐', '122.233.155.249', 'XX XX', 'Chrome 9', 'Windows 10', '1', '验证码错误', '2023-10-24 11:26:32');
INSERT INTO `sys_logininfor` VALUES (508, '叶乐乐', '122.233.155.249', 'XX XX', 'Chrome 9', 'Windows 10', '1', '用户不存在/密码错误', '2023-10-24 11:26:38');
INSERT INTO `sys_logininfor` VALUES (509, '叶乐乐', '122.233.155.249', 'XX XX', 'Chrome 9', 'Windows 10', '1', '用户不存在/密码错误', '2023-10-24 11:26:50');
INSERT INTO `sys_logininfor` VALUES (510, 'admin', '122.233.155.249', 'XX XX', 'Chrome 9', 'Windows 10', '0', '登录成功', '2023-10-24 11:26:57');
INSERT INTO `sys_logininfor` VALUES (511, 'admin', '122.233.155.249', 'XX XX', 'Chrome 11', 'Windows 10', '0', '登录成功', '2023-10-24 11:28:42');
INSERT INTO `sys_logininfor` VALUES (512, 'admin', '122.233.155.249', 'XX XX', 'Chrome 11', 'Windows 10', '0', '退出成功', '2023-10-24 11:29:08');
INSERT INTO `sys_logininfor` VALUES (513, 'admin', '122.233.155.249', 'XX XX', 'Chrome 11', 'Windows 10', '0', '登录成功', '2023-10-24 11:29:18');
INSERT INTO `sys_logininfor` VALUES (514, 'admin', '122.233.155.249', 'XX XX', 'Chrome 11', 'Windows 10', '0', '登录成功', '2023-10-24 11:33:05');
INSERT INTO `sys_logininfor` VALUES (515, 'admin', '122.233.155.249', 'XX XX', 'Chrome 11', 'Windows 10', '0', '退出成功', '2023-10-24 11:38:34');
INSERT INTO `sys_logininfor` VALUES (516, 'admin', '122.233.155.249', 'XX XX', 'Chrome 11', 'Windows 10', '0', '退出成功', '2023-10-24 11:38:45');
INSERT INTO `sys_logininfor` VALUES (517, 'admin', '122.233.155.249', 'XX XX', 'Chrome 11', 'Windows 10', '0', '登录成功', '2023-10-24 11:39:19');
INSERT INTO `sys_logininfor` VALUES (518, 'admin', '122.233.155.249', 'XX XX', 'Chrome 11', 'Windows 10', '0', '退出成功', '2023-10-24 11:39:38');
INSERT INTO `sys_logininfor` VALUES (519, 'admin', '122.233.155.249', 'XX XX', 'Chrome 11', 'Windows 10', '0', '登录成功', '2023-10-24 11:41:08');
INSERT INTO `sys_logininfor` VALUES (520, 'admin', '122.233.155.249', 'XX XX', 'Chrome 11', 'Windows 10', '0', '退出成功', '2023-10-24 11:50:45');
INSERT INTO `sys_logininfor` VALUES (521, 'admin', '122.233.155.249', 'XX XX', 'Chrome 11', 'Windows 10', '1', '验证码错误', '2023-10-24 15:08:34');
INSERT INTO `sys_logininfor` VALUES (522, 'admin', '122.233.155.249', 'XX XX', 'Chrome 11', 'Windows 10', '0', '登录成功', '2023-10-24 15:08:38');
INSERT INTO `sys_logininfor` VALUES (523, 'admin', '122.233.155.249', 'XX XX', 'Chrome 11', 'Windows 10', '0', '登录成功', '2023-10-24 15:08:59');
INSERT INTO `sys_logininfor` VALUES (524, 'admin', '122.233.155.249', 'XX XX', 'Chrome 11', 'Windows 10', '0', '退出成功', '2023-10-24 15:09:06');
INSERT INTO `sys_logininfor` VALUES (525, 'admin', '122.233.155.249', 'XX XX', 'Chrome 11', 'Windows 10', '0', '登录成功', '2023-10-24 15:09:13');
INSERT INTO `sys_logininfor` VALUES (526, 'admin', '223.104.165.151', 'XX XX', 'Chrome 9', 'Windows 10', '0', '登录成功', '2023-10-24 17:47:12');
INSERT INTO `sys_logininfor` VALUES (527, 'admin', '122.233.155.249', 'XX XX', 'Chrome 11', 'Windows 10', '0', '登录成功', '2023-10-24 18:09:30');
INSERT INTO `sys_logininfor` VALUES (528, 'admin', '122.233.155.249', 'XX XX', 'Chrome 11', 'Windows 10', '0', '登录成功', '2023-10-25 08:45:03');
INSERT INTO `sys_logininfor` VALUES (529, 'admin', '122.233.155.249', 'XX XX', 'Chrome 11', 'Windows 10', '0', '登录成功', '2023-10-25 09:26:27');
INSERT INTO `sys_logininfor` VALUES (530, 'admin', '122.233.155.249', 'XX XX', 'Chrome 11', 'Windows 10', '0', '登录成功', '2023-10-25 11:04:36');
INSERT INTO `sys_logininfor` VALUES (531, 'admin', '122.233.155.249', 'XX XX', 'Chrome 11', 'Windows 10', '0', '登录成功', '2023-10-25 11:13:53');
INSERT INTO `sys_logininfor` VALUES (532, 'admin', '122.233.155.249', 'XX XX', 'Chrome 11', 'Windows 10', '0', '退出成功', '2023-10-25 11:15:16');
INSERT INTO `sys_logininfor` VALUES (533, 'admin', '125.118.59.189', 'XX XX', 'Chrome 11', 'Windows 10', '1', '验证码已失效', '2023-11-13 16:24:47');
INSERT INTO `sys_logininfor` VALUES (534, 'admin', '125.118.59.189', 'XX XX', 'Chrome 11', 'Windows 10', '1', '用户不存在/密码错误', '2023-11-13 16:24:50');
INSERT INTO `sys_logininfor` VALUES (535, 'admin', '125.118.59.189', 'XX XX', 'Chrome 11', 'Windows 10', '0', '登录成功', '2023-11-13 16:24:58');
INSERT INTO `sys_logininfor` VALUES (536, 'admin', '125.118.59.189', 'XX XX', 'Chrome 11', 'Windows 10', '0', '退出成功', '2023-11-13 16:27:57');
INSERT INTO `sys_logininfor` VALUES (537, 'admin', '125.118.59.189', 'XX XX', 'Chrome 11', 'Windows 10', '1', '验证码已失效', '2023-11-13 16:36:59');
INSERT INTO `sys_logininfor` VALUES (538, 'admin', '125.118.59.189', 'XX XX', 'Chrome 11', 'Windows 10', '0', '登录成功', '2023-11-13 16:37:03');
INSERT INTO `sys_logininfor` VALUES (539, 'admin', '125.118.59.189', 'XX XX', 'Chrome 11', 'Windows 10', '0', '登录成功', '2023-11-14 16:27:54');
INSERT INTO `sys_logininfor` VALUES (540, 'admin', '125.118.59.96', 'XX XX', 'Chrome 11', 'Windows 10', '0', '登录成功', '2023-11-16 10:16:35');
INSERT INTO `sys_logininfor` VALUES (541, 'admin', '125.118.59.96', 'XX XX', 'Chrome 11', 'Windows 10', '0', '退出成功', '2023-11-16 10:20:00');
INSERT INTO `sys_logininfor` VALUES (542, '叶乐乐007', '125.118.59.96', 'XX XX', 'Chrome 11', 'Windows 10', '0', '登录成功', '2023-11-16 10:20:06');
INSERT INTO `sys_logininfor` VALUES (543, '叶乐乐007', '125.118.59.96', 'XX XX', 'Chrome 11', 'Windows 10', '0', '退出成功', '2023-11-16 10:36:31');
INSERT INTO `sys_logininfor` VALUES (544, 'admin', '125.118.59.96', 'XX XX', 'Chrome 11', 'Windows 10', '0', '登录成功', '2023-11-16 10:36:38');
INSERT INTO `sys_logininfor` VALUES (545, 'admin', '125.118.59.96', 'XX XX', 'Chrome 11', 'Windows 10', '0', '退出成功', '2023-11-16 11:00:20');
INSERT INTO `sys_logininfor` VALUES (546, 'admin', '125.118.59.96', 'XX XX', 'Chrome 11', 'Windows 10', '0', '登录成功', '2023-11-16 11:00:26');
INSERT INTO `sys_logininfor` VALUES (547, 'admin', '125.118.59.96', 'XX XX', 'Chrome 11', 'Windows 10', '0', '登录成功', '2023-11-17 11:31:38');
INSERT INTO `sys_logininfor` VALUES (548, 'admin', '125.118.59.96', 'XX XX', 'Chrome 11', 'Windows 10', '0', '退出成功', '2023-11-17 11:54:59');
INSERT INTO `sys_logininfor` VALUES (549, 'admin', '125.118.59.96', 'XX XX', 'Chrome 11', 'Windows 10', '0', '登录成功', '2023-11-17 11:55:02');
INSERT INTO `sys_logininfor` VALUES (550, 'admin', '125.118.59.96', 'XX XX', 'Chrome 11', 'Windows 10', '0', '登录成功', '2023-11-17 13:46:47');
INSERT INTO `sys_logininfor` VALUES (551, 'admin', '125.118.59.96', 'XX XX', 'Chrome 11', 'Windows 10', '0', '登录成功', '2023-11-17 14:24:55');
INSERT INTO `sys_logininfor` VALUES (552, 'admin', '125.118.59.96', 'XX XX', 'Chrome 11', 'Windows 10', '0', '登录成功', '2023-11-17 15:46:23');
INSERT INTO `sys_logininfor` VALUES (553, 'admin', '125.118.59.96', 'XX XX', 'Chrome 11', 'Windows 10', '0', '登录成功', '2023-11-17 16:09:53');
INSERT INTO `sys_logininfor` VALUES (554, 'admin', '125.118.59.96', 'XX XX', 'Chrome 11', 'Windows 10', '0', '登录成功', '2023-11-17 17:19:31');
INSERT INTO `sys_logininfor` VALUES (555, 'admin', '125.118.58.234', 'XX XX', 'Chrome 11', 'Windows 10', '0', '登录成功', '2023-11-20 09:55:54');
INSERT INTO `sys_logininfor` VALUES (556, 'admin', '125.118.58.234', 'XX XX', 'Chrome 11', 'Windows 10', '0', '登录成功', '2023-11-20 11:10:04');
INSERT INTO `sys_logininfor` VALUES (557, 'admin', '125.118.58.234', 'XX XX', 'Chrome 11', 'Windows 10', '0', '登录成功', '2023-11-20 11:52:03');
INSERT INTO `sys_logininfor` VALUES (558, 'admin', '125.118.58.234', 'XX XX', 'Chrome 11', 'Windows 10', '0', '登录成功', '2023-11-20 15:34:06');
INSERT INTO `sys_logininfor` VALUES (559, 'admin', '125.118.58.234', 'XX XX', 'Chrome 11', 'Windows 10', '1', '验证码错误', '2023-11-21 10:36:34');
INSERT INTO `sys_logininfor` VALUES (560, 'admin', '125.118.58.234', 'XX XX', 'Chrome 11', 'Windows 10', '0', '登录成功', '2023-11-21 10:36:38');
INSERT INTO `sys_logininfor` VALUES (561, 'admin', '125.118.58.234', 'XX XX', 'Chrome 11', 'Windows 10', '0', '退出成功', '2023-11-21 10:57:35');
INSERT INTO `sys_logininfor` VALUES (562, 'agency', '125.118.58.234', 'XX XX', 'Chrome 11', 'Windows 10', '0', '登录成功', '2023-11-21 10:57:40');
INSERT INTO `sys_logininfor` VALUES (563, 'agency', '125.118.58.234', 'XX XX', 'Chrome 11', 'Windows 10', '0', '退出成功', '2023-11-21 10:57:46');
INSERT INTO `sys_logininfor` VALUES (564, 'admin', '125.118.58.234', 'XX XX', 'Chrome 11', 'Windows 10', '0', '登录成功', '2023-11-21 10:57:51');
INSERT INTO `sys_logininfor` VALUES (565, 'admin', '125.118.58.234', 'XX XX', 'Chrome 11', 'Windows 10', '0', '退出成功', '2023-11-21 11:10:48');
INSERT INTO `sys_logininfor` VALUES (566, 'agency', '125.118.58.234', 'XX XX', 'Chrome 11', 'Windows 10', '0', '登录成功', '2023-11-21 11:10:55');
INSERT INTO `sys_logininfor` VALUES (567, 'admin', '115.192.120.191', 'XX XX', 'Chrome 11', 'Windows 10', '0', '登录成功', '2023-12-05 16:43:57');
INSERT INTO `sys_logininfor` VALUES (568, 'admin', '115.192.120.191', 'XX XX', 'Chrome 11', 'Windows 10', '0', '退出成功', '2023-12-05 16:46:08');
INSERT INTO `sys_logininfor` VALUES (569, 'admin', '115.192.120.191', 'XX XX', 'Chrome 11', 'Windows 10', '0', '登录成功', '2023-12-05 16:48:41');
INSERT INTO `sys_logininfor` VALUES (570, 'admin', '115.192.120.191', 'XX XX', 'Chrome 11', 'Windows 10', '0', '退出成功', '2023-12-05 16:48:45');
INSERT INTO `sys_logininfor` VALUES (571, 'admin', '115.192.120.191', 'XX XX', 'Chrome 11', 'Windows 10', '0', '登录成功', '2023-12-05 16:48:58');
INSERT INTO `sys_logininfor` VALUES (572, 'admin', '115.192.120.191', 'XX XX', 'Chrome 11', 'Windows 10', '0', '退出成功', '2023-12-05 16:49:04');
INSERT INTO `sys_logininfor` VALUES (573, 'admin', '115.192.120.191', 'XX XX', 'Chrome 11', 'Windows 10', '0', '登录成功', '2023-12-05 16:49:12');
INSERT INTO `sys_logininfor` VALUES (574, 'admin', '115.192.120.191', 'XX XX', 'Chrome 11', 'Windows 10', '0', '登录成功', '2023-12-06 10:22:37');
INSERT INTO `sys_logininfor` VALUES (575, 'agency', '115.192.120.191', 'XX XX', 'Chrome 11', 'Windows 10', '0', '登录成功', '2023-12-06 17:41:32');
INSERT INTO `sys_logininfor` VALUES (576, 'admin', '125.120.42.144', 'XX XX', 'Chrome 12', 'Windows 10', '0', '登录成功', '2023-12-20 15:57:28');
INSERT INTO `sys_logininfor` VALUES (577, 'admin', '125.120.42.144', 'XX XX', 'Chrome 12', 'Windows 10', '0', '登录成功', '2023-12-21 11:54:19');
INSERT INTO `sys_logininfor` VALUES (578, 'admin', '125.120.42.144', 'XX XX', 'Chrome 12', 'Windows 10', '0', '登录成功', '2023-12-22 15:34:21');
INSERT INTO `sys_logininfor` VALUES (579, 'admin', '115.220.189.255', 'XX XX', 'Chrome 12', 'Windows 10', '0', '登录成功', '2024-01-03 10:01:05');
INSERT INTO `sys_logininfor` VALUES (580, 'admin', '104.168.94.39', 'XX XX', 'Chrome 12', 'Windows 10', '0', '登录成功', '2024-01-03 15:51:33');
INSERT INTO `sys_logininfor` VALUES (581, 'admin', '115.220.189.255', 'XX XX', 'Chrome 12', 'Windows 10', '0', '登录成功', '2024-01-03 17:18:30');
INSERT INTO `sys_logininfor` VALUES (582, 'admin', '115.204.76.201', 'XX XX', 'Chrome 12', 'Windows 10', '0', '登录成功', '2024-01-04 16:55:09');
INSERT INTO `sys_logininfor` VALUES (583, 'admin', '115.204.76.201', 'XX XX', 'Chrome 12', 'Windows 10', '0', '登录成功', '2024-01-05 15:35:09');
INSERT INTO `sys_logininfor` VALUES (584, 'admin', '115.204.76.201', 'XX XX', 'Chrome 12', 'Windows 10', '0', '登录成功', '2024-01-05 16:14:56');
INSERT INTO `sys_logininfor` VALUES (585, 'admin', '115.195.34.226', 'XX XX', 'Chrome 12', 'Windows 10', '0', '登录成功', '2024-01-08 09:44:14');
INSERT INTO `sys_logininfor` VALUES (586, 'admin', '115.195.34.226', 'XX XX', 'Chrome 12', 'Windows 10', '0', '登录成功', '2024-01-08 10:30:53');
INSERT INTO `sys_logininfor` VALUES (587, 'admin', '115.195.34.226', 'XX XX', 'Chrome 12', 'Windows 10', '0', '登录成功', '2024-01-08 14:36:07');
INSERT INTO `sys_logininfor` VALUES (588, 'admin', '115.195.34.226', 'XX XX', 'Chrome 12', 'Windows 10', '0', '登录成功', '2024-01-08 14:46:05');
INSERT INTO `sys_logininfor` VALUES (589, 'admin', '115.195.34.226', 'XX XX', 'Chrome 12', 'Windows 10', '0', '登录成功', '2024-01-08 16:11:58');
INSERT INTO `sys_logininfor` VALUES (590, 'admin', '122.231.47.146', 'XX XX', 'Chrome 12', 'Windows 10', '0', '登录成功', '2024-02-02 11:01:45');
INSERT INTO `sys_logininfor` VALUES (591, 'admin', '122.231.47.146', 'XX XX', 'Chrome 12', 'Windows 10', '0', '登录成功', '2024-02-02 15:21:35');
INSERT INTO `sys_logininfor` VALUES (592, 'admin', '122.231.47.146', 'XX XX', 'Chrome 12', 'Windows 10', '0', '登录成功', '2024-02-02 15:24:51');
INSERT INTO `sys_logininfor` VALUES (593, 'admin', '183.128.183.70', 'XX XX', 'Chrome 12', 'Windows 10', '0', '登录成功', '2024-02-19 14:33:32');
INSERT INTO `sys_logininfor` VALUES (594, 'admin', '183.128.183.70', 'XX XX', 'Chrome 12', 'Windows 10', '0', '登录成功', '2024-02-19 15:48:15');
INSERT INTO `sys_logininfor` VALUES (595, 'admin', '183.128.183.70', 'XX XX', 'Chrome 12', 'Windows 10', '0', '登录成功', '2024-02-19 16:27:24');
INSERT INTO `sys_logininfor` VALUES (596, 'admin', '115.195.52.246', 'XX XX', 'Chrome 12', 'Windows 10', '0', '登录成功', '2024-03-08 18:12:27');
INSERT INTO `sys_logininfor` VALUES (597, 'root', '124.90.224.134', 'XX XX', 'Chrome 12', 'Windows 10', '1', '用户不存在/密码错误', '2024-03-10 20:16:11');
INSERT INTO `sys_logininfor` VALUES (598, 'root', '124.90.224.134', 'XX XX', 'Chrome 12', 'Windows 10', '1', '用户不存在/密码错误', '2024-03-10 20:16:22');
INSERT INTO `sys_logininfor` VALUES (599, 'root', '124.90.224.134', 'XX XX', 'Chrome 12', 'Windows 10', '1', '用户不存在/密码错误', '2024-03-10 20:16:42');
INSERT INTO `sys_logininfor` VALUES (600, 'admin', '124.90.224.134', 'XX XX', 'Chrome 12', 'Windows 10', '1', '用户不存在/密码错误', '2024-03-10 20:16:53');
INSERT INTO `sys_logininfor` VALUES (601, 'admin', '183.156.68.145', 'XX XX', 'Chrome 12', 'Windows 10', '0', '登录成功', '2024-03-12 17:21:13');
INSERT INTO `sys_logininfor` VALUES (602, 'admin', '115.196.223.109', 'XX XX', 'Chrome 12', 'Windows 10', '1', '验证码已失效', '2024-03-29 10:18:48');
INSERT INTO `sys_logininfor` VALUES (603, 'admin', '115.196.223.109', 'XX XX', 'Chrome 12', 'Windows 10', '0', '登录成功', '2024-03-29 10:18:52');
INSERT INTO `sys_logininfor` VALUES (604, 'admin', '115.196.223.109', 'XX XX', 'Chrome 12', 'Windows 10', '0', '退出成功', '2024-03-29 10:22:02');
INSERT INTO `sys_logininfor` VALUES (605, 'admin', '115.196.223.109', 'XX XX', 'Chrome 12', 'Windows 10', '0', '登录成功', '2024-03-29 10:22:12');
INSERT INTO `sys_logininfor` VALUES (606, 'admin', '115.196.223.109', 'XX XX', 'Chrome 12', 'Windows 10', '0', '登录成功', '2024-03-29 15:07:49');
INSERT INTO `sys_logininfor` VALUES (607, 'admin', '115.196.223.109', 'XX XX', 'Chrome 12', 'Windows 10', '0', '登录成功', '2024-03-29 16:34:08');
INSERT INTO `sys_logininfor` VALUES (608, 'admin', '115.196.223.109', 'XX XX', 'Chrome 12', 'Windows 10', '0', '登录成功', '2024-03-29 16:39:16');
INSERT INTO `sys_logininfor` VALUES (609, 'admin', '74.48.86.58', 'XX XX', 'Chrome 12', 'Windows 10', '0', '登录成功', '2024-04-02 17:23:36');
INSERT INTO `sys_logininfor` VALUES (610, 'admin', '115.192.95.45', 'XX XX', 'Chrome 12', 'Windows 10', '0', '登录成功', '2024-04-09 17:49:29');
INSERT INTO `sys_logininfor` VALUES (611, 'admin', '115.192.95.45', 'XX XX', 'Chrome 12', 'Windows 10', '0', '登录成功', '2024-04-10 10:33:19');
INSERT INTO `sys_logininfor` VALUES (612, 'test', '115.192.95.45', 'XX XX', 'Chrome 12', 'Windows 10', '1', '用户不存在/密码错误', '2024-04-10 16:04:03');
INSERT INTO `sys_logininfor` VALUES (613, 'admin', '115.192.95.45', 'XX XX', 'Chrome 12', 'Windows 10', '0', '登录成功', '2024-04-10 16:04:11');
INSERT INTO `sys_logininfor` VALUES (614, 'admin', '115.192.95.45', 'XX XX', 'Chrome 12', 'Windows 10', '0', '登录成功', '2024-04-11 09:53:30');
INSERT INTO `sys_logininfor` VALUES (615, 'admin', '115.192.95.45', 'XX XX', 'Chrome 12', 'Windows 10', '0', '登录成功', '2024-04-11 10:52:05');
INSERT INTO `sys_logininfor` VALUES (616, 'admin', '115.192.95.45', 'XX XX', 'Chrome 12', 'Windows 10', '0', '登录成功', '2024-04-11 11:38:22');
INSERT INTO `sys_logininfor` VALUES (617, 'admin', '115.192.95.45', 'XX XX', 'Chrome 12', 'Windows 10', '0', '登录成功', '2024-04-11 14:29:02');
INSERT INTO `sys_logininfor` VALUES (618, 'admin', '115.192.95.45', 'XX XX', 'Chrome 12', 'Windows 10', '0', '登录成功', '2024-04-11 17:12:23');
INSERT INTO `sys_logininfor` VALUES (619, 'admin', '115.206.122.152', 'XX XX', 'Chrome 12', 'Windows 10', '0', '登录成功', '2024-04-12 15:35:15');
INSERT INTO `sys_logininfor` VALUES (620, 'admin', '115.206.122.152', 'XX XX', 'Chrome 12', 'Windows 10', '0', '登录成功', '2024-04-12 16:53:13');
INSERT INTO `sys_logininfor` VALUES (621, 'admin', '115.197.175.183', 'XX XX', 'Chrome 12', 'Windows 10', '0', '登录成功', '2024-04-22 10:10:21');
INSERT INTO `sys_logininfor` VALUES (622, 'admin', '115.197.175.183', 'XX XX', 'Chrome 12', 'Windows 10', '0', '登录成功', '2024-04-23 18:20:25');
INSERT INTO `sys_logininfor` VALUES (623, 'admin', '115.206.119.37', 'XX XX', 'Chrome 12', 'Windows 10', '0', '登录成功', '2024-04-24 15:23:10');
INSERT INTO `sys_logininfor` VALUES (624, 'admin', '122.239.76.179', 'XX XX', 'Chrome 12', 'Windows 10', '1', '用户不存在/密码错误', '2024-04-28 15:43:54');
INSERT INTO `sys_logininfor` VALUES (625, 'admin', '122.239.76.179', 'XX XX', 'Chrome 12', 'Windows 10', '1', '用户不存在/密码错误', '2024-04-28 15:44:03');
INSERT INTO `sys_logininfor` VALUES (626, 'admin', '122.239.76.179', 'XX XX', 'Chrome 12', 'Windows 10', '0', '登录成功', '2024-04-28 15:44:14');
INSERT INTO `sys_logininfor` VALUES (627, 'admin', '183.128.178.174', 'XX XX', 'Chrome 12', 'Windows 10', '0', '登录成功', '2024-04-28 15:46:10');
INSERT INTO `sys_logininfor` VALUES (628, 'admin', '183.128.178.174', 'XX XX', 'Chrome 12', 'Windows 10', '0', '登录成功', '2024-04-28 16:33:39');
INSERT INTO `sys_logininfor` VALUES (629, 'admin', '183.128.178.174', 'XX XX', 'Chrome 12', 'Windows 10', '0', '登录成功', '2024-04-29 09:23:05');
INSERT INTO `sys_logininfor` VALUES (630, 'admin', '122.239.76.179', 'XX XX', 'Chrome 12', 'Windows 10', '0', '登录成功', '2024-04-29 09:25:42');
INSERT INTO `sys_logininfor` VALUES (631, 'admin', '183.128.178.174', 'XX XX', 'Chrome 12', 'Windows 10', '0', '登录成功', '2024-04-29 11:33:54');
INSERT INTO `sys_logininfor` VALUES (632, 'admin', '183.128.178.174', 'XX XX', 'Chrome 12', 'Windows 10', '0', '登录成功', '2024-04-29 14:27:23');
INSERT INTO `sys_logininfor` VALUES (633, 'admin', '175.143.94.136', 'XX XX', 'Chrome 12', 'Windows 10', '0', '登录成功', '2024-04-30 11:00:46');
INSERT INTO `sys_logininfor` VALUES (634, 'admin', '183.138.138.45', 'XX XX', 'Chrome 12', 'Windows 10', '0', '登录成功', '2024-04-30 16:55:50');
INSERT INTO `sys_logininfor` VALUES (635, 'admin', '122.233.159.21', 'XX XX', 'Chrome 12', 'Windows 10', '0', '登录成功', '2024-05-06 09:49:40');
INSERT INTO `sys_logininfor` VALUES (636, 'admin', '122.233.159.21', 'XX XX', 'Chrome 12', 'Windows 10', '0', '登录成功', '2024-05-06 17:34:35');
INSERT INTO `sys_logininfor` VALUES (637, 'test', '122.239.79.198', 'XX XX', 'Chrome 12', 'Windows 10', '1', '用户不存在/密码错误', '2024-05-11 11:16:17');
INSERT INTO `sys_logininfor` VALUES (638, 'admin', '122.239.79.198', 'XX XX', 'Chrome 12', 'Windows 10', '0', '登录成功', '2024-05-11 11:16:28');
INSERT INTO `sys_logininfor` VALUES (639, 'test', '122.239.79.198', 'XX XX', 'Chrome 11', 'Windows 10', '1', '用户不存在/密码错误', '2024-05-11 11:16:30');
INSERT INTO `sys_logininfor` VALUES (640, 'admin', '122.239.79.198', 'XX XX', 'Chrome 11', 'Windows 10', '0', '登录成功', '2024-05-11 11:18:01');
INSERT INTO `sys_logininfor` VALUES (641, 'admin', '122.239.79.198', 'XX XX', 'Chrome 11', 'Windows 10', '0', '登录成功', '2024-05-11 12:28:16');
INSERT INTO `sys_logininfor` VALUES (642, 'admin', '122.239.82.246', 'XX XX', 'Chrome 11', 'Windows 10', '0', '登录成功', '2024-05-16 13:58:39');
INSERT INTO `sys_logininfor` VALUES (643, 'admin', '115.192.76.153', 'XX XX', 'Chrome 11', 'Windows 10', '1', '用户不存在/密码错误', '2024-06-30 14:12:43');
INSERT INTO `sys_logininfor` VALUES (644, 'admin', '115.192.76.153', 'XX XX', 'Chrome 11', 'Windows 10', '0', '登录成功', '2024-06-30 14:13:08');
INSERT INTO `sys_logininfor` VALUES (645, 'admin', '115.192.1.165', 'XX XX', 'Chrome 12', 'Windows 10', '1', '验证码已失效', '2024-07-05 23:38:17');
INSERT INTO `sys_logininfor` VALUES (646, 'admin', '115.192.1.165', 'XX XX', 'Chrome 12', 'Windows 10', '0', '登录成功', '2024-07-05 23:38:20');
INSERT INTO `sys_logininfor` VALUES (647, 'admin', '36.21.149.255', 'XX XX', 'Chrome 12', 'Windows 10', '0', '登录成功', '2024-07-08 14:29:30');
INSERT INTO `sys_logininfor` VALUES (648, 'admin', '36.21.149.255', 'XX XX', 'Chrome 12', 'Windows 10', '0', '登录成功', '2024-07-08 16:37:03');
INSERT INTO `sys_logininfor` VALUES (649, 'admin', '122.239.86.123', 'XX XX', 'Chrome 12', 'Windows 10', '0', '登录成功', '2024-07-09 09:21:20');
INSERT INTO `sys_logininfor` VALUES (650, 'admin', '115.204.76.91', 'XX XX', 'Chrome 12', 'Windows 10', '0', '登录成功', '2024-07-12 00:25:30');
INSERT INTO `sys_logininfor` VALUES (651, 'admin', '115.204.76.91', 'XX XX', 'Chrome 12', 'Windows 10', '0', '退出成功', '2024-07-12 00:26:51');
INSERT INTO `sys_logininfor` VALUES (652, 'admin', '183.165.122.181', 'XX XX', 'Chrome 12', 'Mac OS X', '1', '验证码错误', '2024-07-12 00:28:05');
INSERT INTO `sys_logininfor` VALUES (653, 'admin', '183.165.122.181', 'XX XX', 'Chrome 12', 'Mac OS X', '0', '登录成功', '2024-07-12 00:28:11');
INSERT INTO `sys_logininfor` VALUES (654, 'admin', '36.21.4.36', 'XX XX', 'Chrome 12', 'Windows 10', '1', '验证码已失效', '2024-07-12 09:41:51');
INSERT INTO `sys_logininfor` VALUES (655, 'admin', '36.21.4.36', 'XX XX', 'Chrome 12', 'Windows 10', '0', '登录成功', '2024-07-12 09:41:55');
INSERT INTO `sys_logininfor` VALUES (656, 'admin', '36.28.89.188', 'XX XX', 'Chrome 12', 'Windows 10', '0', '登录成功', '2024-07-12 16:38:05');
INSERT INTO `sys_logininfor` VALUES (657, 'admin', '36.20.12.96', 'XX XX', 'Chrome 12', 'Windows 10', '0', '登录成功', '2024-07-15 10:08:09');
INSERT INTO `sys_logininfor` VALUES (658, 'admin', '115.220.216.213', 'XX XX', 'Chrome 12', 'Windows 10', '0', '登录成功', '2024-07-23 16:25:43');

-- ----------------------------
-- Table structure for sys_menu
-- ----------------------------
DROP TABLE IF EXISTS `sys_menu`;
CREATE TABLE `sys_menu`  (
  `menu_id` bigint(20) NOT NULL AUTO_INCREMENT COMMENT '菜单ID',
  `menu_name` varchar(50) CHARACTER SET utf8mb4 COLLATE utf8mb4_general_ci NOT NULL COMMENT '菜单名称',
  `parent_id` bigint(20) NULL DEFAULT 0 COMMENT '父菜单ID',
  `order_num` int(11) NULL DEFAULT 0 COMMENT '显示顺序',
  `path` varchar(200) CHARACTER SET utf8mb4 COLLATE utf8mb4_general_ci NULL DEFAULT '' COMMENT '路由地址',
  `component` varchar(255) CHARACTER SET utf8mb4 COLLATE utf8mb4_general_ci NULL DEFAULT NULL COMMENT '组件路径',
  `is_frame` int(11) NULL DEFAULT 1 COMMENT '是否为外链（0是 1否）',
  `is_cache` int(11) NULL DEFAULT 0 COMMENT '是否缓存（0缓存 1不缓存）',
  `menu_type` char(1) CHARACTER SET utf8mb4 COLLATE utf8mb4_general_ci NULL DEFAULT '' COMMENT '菜单类型（M目录 C菜单 F按钮）',
  `visible` char(1) CHARACTER SET utf8mb4 COLLATE utf8mb4_general_ci NULL DEFAULT '0' COMMENT '菜单状态（0显示 1隐藏）',
  `status` char(1) CHARACTER SET utf8mb4 COLLATE utf8mb4_general_ci NULL DEFAULT '0' COMMENT '菜单状态（0正常 1停用）',
  `perms` varchar(100) CHARACTER SET utf8mb4 COLLATE utf8mb4_general_ci NULL DEFAULT NULL COMMENT '权限标识',
  `icon` varchar(100) CHARACTER SET utf8mb4 COLLATE utf8mb4_general_ci NULL DEFAULT '#' COMMENT '菜单图标',
  `create_by` varchar(64) CHARACTER SET utf8mb4 COLLATE utf8mb4_general_ci NULL DEFAULT '' COMMENT '创建者',
  `create_time` datetime NULL DEFAULT NULL COMMENT '创建时间',
  `update_by` varchar(64) CHARACTER SET utf8mb4 COLLATE utf8mb4_general_ci NULL DEFAULT '' COMMENT '更新者',
  `update_time` datetime NULL DEFAULT NULL COMMENT '更新时间',
  `remark` varchar(500) CHARACTER SET utf8mb4 COLLATE utf8mb4_general_ci NULL DEFAULT '' COMMENT '备注',
  PRIMARY KEY (`menu_id`) USING BTREE
) ENGINE = InnoDB AUTO_INCREMENT = 2078 CHARACTER SET = utf8mb4 COLLATE = utf8mb4_general_ci COMMENT = '菜单权限表' ROW_FORMAT = DYNAMIC;

-- ----------------------------
-- Records of sys_menu
-- ----------------------------
INSERT INTO `sys_menu` VALUES (1, '系统管理', 0, 10, 'system', NULL, 1, 0, 'M', '0', '0', '', 'system', 'admin', '2021-01-14 15:39:13', 'admin', '2021-01-21 17:43:31', '系统管理目录');
INSERT INTO `sys_menu` VALUES (2, '系统监控', 0, 20, 'monitor', NULL, 1, 0, 'M', '0', '0', '', 'monitor', 'admin', '2021-01-14 15:39:13', 'admin', '2021-01-21 17:43:38', '系统监控目录');
INSERT INTO `sys_menu` VALUES (3, '系统工具', 0, 30, 'tool', NULL, 1, 0, 'M', '1', '1', '', 'tool', 'admin', '2021-01-14 15:39:13', 'admin', '2023-09-22 09:49:25', '系统工具目录');
INSERT INTO `sys_menu` VALUES (100, '用户管理', 2060, 1, 'user', 'system/user/index', 1, 0, 'C', '0', '0', 'system:user:list', 'user', 'admin', '2021-01-14 15:39:13', 'admin', '2023-09-06 17:23:57', '用户管理菜单');
INSERT INTO `sys_menu` VALUES (101, '角色管理', 2060, 2, 'role', 'system/role/index', 1, 0, 'C', '0', '0', 'system:role:list', 'peoples', 'admin', '2021-01-14 15:39:13', 'admin', '2023-09-06 17:25:14', '角色管理菜单');
INSERT INTO `sys_menu` VALUES (102, '菜单管理', 2060, 3, 'menu', 'system/menu/index', 1, 0, 'C', '0', '0', 'system:menu:list', 'tree-table', 'admin', '2021-01-14 15:39:13', 'admin', '2023-09-06 17:25:23', '菜单管理菜单');
INSERT INTO `sys_menu` VALUES (103, '部门管理', 2060, 4, 'dept', 'system/dept/index', 1, 0, 'C', '0', '0', 'system:dept:list', 'tree', 'admin', '2021-01-14 15:39:13', 'admin', '2023-09-06 17:25:38', '部门管理菜单');
INSERT INTO `sys_menu` VALUES (104, '岗位管理', 2060, 5, 'post', 'system/post/index', 1, 0, 'C', '0', '0', 'system:post:list', 'post', 'admin', '2021-01-14 15:39:13', 'admin', '2023-09-06 17:25:46', '岗位管理菜单');
INSERT INTO `sys_menu` VALUES (105, '字典管理', 1, 6, 'dict', 'system/dict/index', 1, 0, 'C', '0', '0', 'system:dict:list', 'dict', 'admin', '2021-01-14 15:39:13', '', NULL, '字典管理菜单');
INSERT INTO `sys_menu` VALUES (106, '参数设置', 1, 7, 'config', 'system/config/index', 1, 0, 'C', '0', '0', 'system:config:list', 'edit', 'admin', '2021-01-14 15:39:13', '', NULL, '参数设置菜单');
INSERT INTO `sys_menu` VALUES (107, '通知公告', 1, 8, 'notice', 'system/notice/index', 1, 0, 'C', '0', '0', 'system:notice:list', 'message', 'admin', '2021-01-14 15:39:13', '', NULL, '通知公告菜单');
INSERT INTO `sys_menu` VALUES (108, '日志管理', 1, 9, 'log', '', 1, 0, 'M', '0', '0', '', 'log', 'admin', '2021-01-14 15:39:13', '', NULL, '日志管理菜单');
INSERT INTO `sys_menu` VALUES (109, '在线用户', 2, 1, 'online', 'monitor/online/index', 1, 0, 'C', '0', '0', 'monitor:online:list', 'online', 'admin', '2021-01-14 15:39:13', '', NULL, '在线用户菜单');
INSERT INTO `sys_menu` VALUES (110, '定时任务', 2, 2, 'job', 'monitor/job/index', 1, 0, 'C', '0', '0', 'monitor:job:list', 'job', 'admin', '2021-01-14 15:39:13', '', NULL, '定时任务菜单');
INSERT INTO `sys_menu` VALUES (111, '数据监控', 2, 3, 'druid', 'monitor/druid/index', 1, 0, 'C', '0', '0', 'monitor:druid:list', 'druid', 'admin', '2021-01-14 15:39:13', '', NULL, '数据监控菜单');
INSERT INTO `sys_menu` VALUES (112, '服务监控', 2, 4, 'server', 'monitor/server/index', 1, 0, 'C', '0', '0', 'monitor:server:list', 'server', 'admin', '2021-01-14 15:39:13', '', NULL, '服务监控菜单');
INSERT INTO `sys_menu` VALUES (113, '缓存监控', 2, 5, 'cache', 'monitor/cache/index', 1, 0, 'C', '0', '0', 'monitor:cache:list', 'redis', 'admin', '2021-01-14 15:39:13', '', NULL, '缓存监控菜单');
INSERT INTO `sys_menu` VALUES (114, '表单构建', 3, 1, 'build', 'tool/build/index', 1, 0, 'C', '0', '0', 'tool:build:list', 'build', 'admin', '2021-01-14 15:39:13', '', NULL, '表单构建菜单');
INSERT INTO `sys_menu` VALUES (115, '代码生成', 3, 2, 'gen', 'tool/gen/index', 1, 0, 'C', '0', '0', 'tool:gen:list', 'code', 'admin', '2021-01-14 15:39:13', '', NULL, '代码生成菜单');
INSERT INTO `sys_menu` VALUES (116, '系统接口', 3, 3, 'swagger', 'tool/swagger/index', 1, 0, 'C', '0', '0', 'tool:swagger:list', 'swagger', 'admin', '2021-01-14 15:39:13', '', NULL, '系统接口菜单');
INSERT INTO `sys_menu` VALUES (500, '操作日志', 108, 1, 'operlog', 'monitor/operlog/index', 1, 0, 'C', '0', '0', 'monitor:operlog:list', 'form', 'admin', '2021-01-14 15:39:13', '', NULL, '操作日志菜单');
INSERT INTO `sys_menu` VALUES (501, '登录日志', 108, 2, 'logininfor', 'monitor/logininfor/index', 1, 0, 'C', '0', '0', 'monitor:logininfor:list', 'logininfor', 'admin', '2021-01-14 15:39:13', '', NULL, '登录日志菜单');
INSERT INTO `sys_menu` VALUES (1001, '用户查询', 100, 1, '', '', 1, 0, 'F', '0', '0', 'system:user:query', '#', 'admin', '2021-01-14 15:39:13', '', NULL, '');
INSERT INTO `sys_menu` VALUES (1002, '用户新增', 100, 2, '', '', 1, 0, 'F', '0', '0', 'system:user:add', '#', 'admin', '2021-01-14 15:39:13', '', NULL, '');
INSERT INTO `sys_menu` VALUES (1003, '用户修改', 100, 3, '', '', 1, 0, 'F', '0', '0', 'system:user:edit', '#', 'admin', '2021-01-14 15:39:13', '', NULL, '');
INSERT INTO `sys_menu` VALUES (1004, '用户删除', 100, 4, '', '', 1, 0, 'F', '0', '0', 'system:user:remove', '#', 'admin', '2021-01-14 15:39:13', '', NULL, '');
INSERT INTO `sys_menu` VALUES (1005, '用户导出', 100, 5, '', '', 1, 0, 'F', '0', '0', 'system:user:export', '#', 'admin', '2021-01-14 15:39:13', '', NULL, '');
INSERT INTO `sys_menu` VALUES (1006, '用户导入', 100, 6, '', '', 1, 0, 'F', '0', '0', 'system:user:import', '#', 'admin', '2021-01-14 15:39:13', '', NULL, '');
INSERT INTO `sys_menu` VALUES (1007, '重置密码', 100, 7, '', '', 1, 0, 'F', '0', '0', 'system:user:resetPwd', '#', 'admin', '2021-01-14 15:39:13', '', NULL, '');
INSERT INTO `sys_menu` VALUES (1008, '角色查询', 101, 1, '', '', 1, 0, 'F', '0', '0', 'system:role:query', '#', 'admin', '2021-01-14 15:39:13', '', NULL, '');
INSERT INTO `sys_menu` VALUES (1009, '角色新增', 101, 2, '', '', 1, 0, 'F', '0', '0', 'system:role:add', '#', 'admin', '2021-01-14 15:39:13', '', NULL, '');
INSERT INTO `sys_menu` VALUES (1010, '角色修改', 101, 3, '', '', 1, 0, 'F', '0', '0', 'system:role:edit', '#', 'admin', '2021-01-14 15:39:13', '', NULL, '');
INSERT INTO `sys_menu` VALUES (1011, '角色删除', 101, 4, '', '', 1, 0, 'F', '0', '0', 'system:role:remove', '#', 'admin', '2021-01-14 15:39:13', '', NULL, '');
INSERT INTO `sys_menu` VALUES (1012, '角色导出', 101, 5, '', '', 1, 0, 'F', '0', '0', 'system:role:export', '#', 'admin', '2021-01-14 15:39:13', '', NULL, '');
INSERT INTO `sys_menu` VALUES (1013, '菜单查询', 102, 1, '', '', 1, 0, 'F', '0', '0', 'system:menu:query', '#', 'admin', '2021-01-14 15:39:13', '', NULL, '');
INSERT INTO `sys_menu` VALUES (1014, '菜单新增', 102, 2, '', '', 1, 0, 'F', '0', '0', 'system:menu:add', '#', 'admin', '2021-01-14 15:39:13', '', NULL, '');
INSERT INTO `sys_menu` VALUES (1015, '菜单修改', 102, 3, '', '', 1, 0, 'F', '0', '0', 'system:menu:edit', '#', 'admin', '2021-01-14 15:39:13', '', NULL, '');
INSERT INTO `sys_menu` VALUES (1016, '菜单删除', 102, 4, '', '', 1, 0, 'F', '0', '0', 'system:menu:remove', '#', 'admin', '2021-01-14 15:39:13', '', NULL, '');
INSERT INTO `sys_menu` VALUES (1017, '部门查询', 103, 1, '', '', 1, 0, 'F', '0', '0', 'system:dept:query', '#', 'admin', '2021-01-14 15:39:13', '', NULL, '');
INSERT INTO `sys_menu` VALUES (1018, '部门新增', 103, 2, '', '', 1, 0, 'F', '0', '0', 'system:dept:add', '#', 'admin', '2021-01-14 15:39:13', '', NULL, '');
INSERT INTO `sys_menu` VALUES (1019, '部门修改', 103, 3, '', '', 1, 0, 'F', '0', '0', 'system:dept:edit', '#', 'admin', '2021-01-14 15:39:13', '', NULL, '');
INSERT INTO `sys_menu` VALUES (1020, '部门删除', 103, 4, '', '', 1, 0, 'F', '0', '0', 'system:dept:remove', '#', 'admin', '2021-01-14 15:39:13', '', NULL, '');
INSERT INTO `sys_menu` VALUES (1021, '岗位查询', 104, 1, '', '', 1, 0, 'F', '0', '0', 'system:post:query', '#', 'admin', '2021-01-14 15:39:13', '', NULL, '');
INSERT INTO `sys_menu` VALUES (1022, '岗位新增', 104, 2, '', '', 1, 0, 'F', '0', '0', 'system:post:add', '#', 'admin', '2021-01-14 15:39:13', '', NULL, '');
INSERT INTO `sys_menu` VALUES (1023, '岗位修改', 104, 3, '', '', 1, 0, 'F', '0', '0', 'system:post:edit', '#', 'admin', '2021-01-14 15:39:13', '', NULL, '');
INSERT INTO `sys_menu` VALUES (1024, '岗位删除', 104, 4, '', '', 1, 0, 'F', '0', '0', 'system:post:remove', '#', 'admin', '2021-01-14 15:39:13', '', NULL, '');
INSERT INTO `sys_menu` VALUES (1025, '岗位导出', 104, 5, '', '', 1, 0, 'F', '0', '0', 'system:post:export', '#', 'admin', '2021-01-14 15:39:13', '', NULL, '');
INSERT INTO `sys_menu` VALUES (1026, '字典查询', 105, 1, '#', '', 1, 0, 'F', '0', '0', 'system:dict:query', '#', 'admin', '2021-01-14 15:39:13', '', NULL, '');
INSERT INTO `sys_menu` VALUES (1027, '字典新增', 105, 2, '#', '', 1, 0, 'F', '0', '0', 'system:dict:add', '#', 'admin', '2021-01-14 15:39:13', '', NULL, '');
INSERT INTO `sys_menu` VALUES (1028, '字典修改', 105, 3, '#', '', 1, 0, 'F', '0', '0', 'system:dict:edit', '#', 'admin', '2021-01-14 15:39:13', '', NULL, '');
INSERT INTO `sys_menu` VALUES (1029, '字典删除', 105, 4, '#', '', 1, 0, 'F', '0', '0', 'system:dict:remove', '#', 'admin', '2021-01-14 15:39:13', '', NULL, '');
INSERT INTO `sys_menu` VALUES (1030, '字典导出', 105, 5, '#', '', 1, 0, 'F', '0', '0', 'system:dict:export', '#', 'admin', '2021-01-14 15:39:13', '', NULL, '');
INSERT INTO `sys_menu` VALUES (1031, '参数查询', 106, 1, '#', '', 1, 0, 'F', '0', '0', 'system:config:query', '#', 'admin', '2021-01-14 15:39:13', '', NULL, '');
INSERT INTO `sys_menu` VALUES (1032, '参数新增', 106, 2, '#', '', 1, 0, 'F', '0', '0', 'system:config:add', '#', 'admin', '2021-01-14 15:39:13', '', NULL, '');
INSERT INTO `sys_menu` VALUES (1033, '参数修改', 106, 3, '#', '', 1, 0, 'F', '0', '0', 'system:config:edit', '#', 'admin', '2021-01-14 15:39:13', '', NULL, '');
INSERT INTO `sys_menu` VALUES (1034, '参数删除', 106, 4, '#', '', 1, 0, 'F', '0', '0', 'system:config:remove', '#', 'admin', '2021-01-14 15:39:13', '', NULL, '');
INSERT INTO `sys_menu` VALUES (1035, '参数导出', 106, 5, '#', '', 1, 0, 'F', '0', '0', 'system:config:export', '#', 'admin', '2021-01-14 15:39:13', '', NULL, '');
INSERT INTO `sys_menu` VALUES (1036, '公告查询', 107, 1, '#', '', 1, 0, 'F', '0', '0', 'system:notice:query', '#', 'admin', '2021-01-14 15:39:13', '', NULL, '');
INSERT INTO `sys_menu` VALUES (1037, '公告新增', 107, 2, '#', '', 1, 0, 'F', '0', '0', 'system:notice:add', '#', 'admin', '2021-01-14 15:39:13', '', NULL, '');
INSERT INTO `sys_menu` VALUES (1038, '公告修改', 107, 3, '#', '', 1, 0, 'F', '0', '0', 'system:notice:edit', '#', 'admin', '2021-01-14 15:39:13', '', NULL, '');
INSERT INTO `sys_menu` VALUES (1039, '公告删除', 107, 4, '#', '', 1, 0, 'F', '0', '0', 'system:notice:remove', '#', 'admin', '2021-01-14 15:39:13', '', NULL, '');
INSERT INTO `sys_menu` VALUES (1040, '操作查询', 500, 1, '#', '', 1, 0, 'F', '0', '0', 'monitor:operlog:query', '#', 'admin', '2021-01-14 15:39:13', '', NULL, '');
INSERT INTO `sys_menu` VALUES (1041, '操作删除', 500, 2, '#', '', 1, 0, 'F', '0', '0', 'monitor:operlog:remove', '#', 'admin', '2021-01-14 15:39:13', '', NULL, '');
INSERT INTO `sys_menu` VALUES (1042, '日志导出', 500, 4, '#', '', 1, 0, 'F', '0', '0', 'monitor:operlog:export', '#', 'admin', '2021-01-14 15:39:13', '', NULL, '');
INSERT INTO `sys_menu` VALUES (1043, '登录查询', 501, 1, '#', '', 1, 0, 'F', '0', '0', 'monitor:logininfor:query', '#', 'admin', '2021-01-14 15:39:13', '', NULL, '');
INSERT INTO `sys_menu` VALUES (1044, '登录删除', 501, 2, '#', '', 1, 0, 'F', '0', '0', 'monitor:logininfor:remove', '#', 'admin', '2021-01-14 15:39:13', '', NULL, '');
INSERT INTO `sys_menu` VALUES (1045, '日志导出', 501, 3, '#', '', 1, 0, 'F', '0', '0', 'monitor:logininfor:export', '#', 'admin', '2021-01-14 15:39:13', '', NULL, '');
INSERT INTO `sys_menu` VALUES (1046, '在线查询', 109, 1, '#', '', 1, 0, 'F', '0', '0', 'monitor:online:query', '#', 'admin', '2021-01-14 15:39:13', '', NULL, '');
INSERT INTO `sys_menu` VALUES (1047, '批量强退', 109, 2, '#', '', 1, 0, 'F', '0', '0', 'monitor:online:batchLogout', '#', 'admin', '2021-01-14 15:39:13', '', NULL, '');
INSERT INTO `sys_menu` VALUES (1048, '单条强退', 109, 3, '#', '', 1, 0, 'F', '0', '0', 'monitor:online:forceLogout', '#', 'admin', '2021-01-14 15:39:13', '', NULL, '');
INSERT INTO `sys_menu` VALUES (1049, '任务查询', 110, 1, '#', '', 1, 0, 'F', '0', '0', 'monitor:job:query', '#', 'admin', '2021-01-14 15:39:13', '', NULL, '');
INSERT INTO `sys_menu` VALUES (1050, '任务新增', 110, 2, '#', '', 1, 0, 'F', '0', '0', 'monitor:job:add', '#', 'admin', '2021-01-14 15:39:13', '', NULL, '');
INSERT INTO `sys_menu` VALUES (1051, '任务修改', 110, 3, '#', '', 1, 0, 'F', '0', '0', 'monitor:job:edit', '#', 'admin', '2021-01-14 15:39:13', '', NULL, '');
INSERT INTO `sys_menu` VALUES (1052, '任务删除', 110, 4, '#', '', 1, 0, 'F', '0', '0', 'monitor:job:remove', '#', 'admin', '2021-01-14 15:39:13', '', NULL, '');
INSERT INTO `sys_menu` VALUES (1053, '状态修改', 110, 5, '#', '', 1, 0, 'F', '0', '0', 'monitor:job:changeStatus', '#', 'admin', '2021-01-14 15:39:13', '', NULL, '');
INSERT INTO `sys_menu` VALUES (1054, '任务导出', 110, 7, '#', '', 1, 0, 'F', '0', '0', 'monitor:job:export', '#', 'admin', '2021-01-14 15:39:13', '', NULL, '');
INSERT INTO `sys_menu` VALUES (1055, '生成查询', 115, 1, '#', '', 1, 0, 'F', '0', '0', 'tool:gen:query', '#', 'admin', '2021-01-14 15:39:13', '', NULL, '');
INSERT INTO `sys_menu` VALUES (1056, '生成修改', 115, 2, '#', '', 1, 0, 'F', '0', '0', 'tool:gen:edit', '#', 'admin', '2021-01-14 15:39:13', '', NULL, '');
INSERT INTO `sys_menu` VALUES (1057, '生成删除', 115, 3, '#', '', 1, 0, 'F', '0', '0', 'tool:gen:remove', '#', 'admin', '2021-01-14 15:39:13', '', NULL, '');
INSERT INTO `sys_menu` VALUES (1058, '导入代码', 115, 2, '#', '', 1, 0, 'F', '0', '0', 'tool:gen:import', '#', 'admin', '2021-01-14 15:39:13', '', NULL, '');
INSERT INTO `sys_menu` VALUES (1059, '预览代码', 115, 4, '#', '', 1, 0, 'F', '0', '0', 'tool:gen:preview', '#', 'admin', '2021-01-14 15:39:13', '', NULL, '');
INSERT INTO `sys_menu` VALUES (1060, '生成代码', 115, 5, '#', '', 1, 0, 'F', '0', '0', 'tool:gen:code', '#', 'admin', '2021-01-14 15:39:13', '', NULL, '');
INSERT INTO `sys_menu` VALUES (2033, '仓储管理', 0, 5, 'mall', NULL, 1, 0, 'M', '0', '0', '', 'shopping', 'admin', '2021-01-21 17:44:55', 'admin', '2023-09-06 17:35:56', '');
INSERT INTO `sys_menu` VALUES (2034, '货物分类', 2033, 10, 'goodscategory', 'mall/goodscategory/index', 1, 0, 'C', '0', '0', 'mall:goodscategory:index', 'build', 'admin', '2021-01-21 17:47:43', 'admin', '2023-09-06 17:36:48', '');
INSERT INTO `sys_menu` VALUES (2035, '商品类目查询', 2034, 0, '', NULL, 1, 0, 'F', '0', '0', 'mall:goodscategory:get', '#', 'admin', '2021-01-21 17:48:23', '', NULL, '');
INSERT INTO `sys_menu` VALUES (2036, '新增商品类目', 2034, 0, '', NULL, 1, 0, 'F', '0', '0', 'mall:goodscategory:add', '#', 'admin', '2021-01-21 17:48:51', '', NULL, '');
INSERT INTO `sys_menu` VALUES (2037, '修改商品类目', 2034, 0, '', NULL, 1, 0, 'F', '0', '0', 'mall:goodscategory:edit', '#', 'admin', '2021-01-21 17:49:11', '', NULL, '');
INSERT INTO `sys_menu` VALUES (2038, '删除商品类目', 2034, 0, '', NULL, 1, 0, 'F', '0', '0', 'mall:goodscategory:del', '#', 'admin', '2021-01-21 17:49:31', '', NULL, '');
INSERT INTO `sys_menu` VALUES (2044, '订单管理', 2049, 10, 'orderinfo', 'mall/orderinfo/index', 1, 0, 'C', '0', '0', 'mall:orderinfo:index', 'form', 'admin', '2021-01-27 00:07:14', 'admin', '2023-09-12 16:37:49', '');
INSERT INTO `sys_menu` VALUES (2045, '订单查询', 2044, 0, '', NULL, 1, 0, 'F', '0', '0', 'mall:orderinfo:get', '#', 'admin', '2021-01-27 00:08:28', '', NULL, '');
INSERT INTO `sys_menu` VALUES (2046, '商城订单修改', 2044, 0, '', NULL, 1, 0, 'F', '0', '0', 'mall:orderinfo:edit', '#', 'admin', '2021-01-28 22:38:58', '', NULL, '');
INSERT INTO `sys_menu` VALUES (2047, '商城订单新增', 2044, 0, '', NULL, 1, 0, 'F', '0', '0', 'mall:orderinfo:add', '#', 'admin', '2021-01-28 22:39:21', '', NULL, '');
INSERT INTO `sys_menu` VALUES (2048, '商城订单删除', 2044, 0, '', NULL, 1, 0, 'F', '0', '0', 'mall:orderinfo:del', '#', 'admin', '2021-01-28 22:39:41', '', NULL, '');
INSERT INTO `sys_menu` VALUES (2049, '用户管理', 0, 3, 'wxma', NULL, 1, 0, 'M', '0', '0', '', 'people', 'admin', '2021-01-28 23:45:03', 'admin', '2023-09-12 16:36:39', '');
INSERT INTO `sys_menu` VALUES (2050, '小程序用户', 2049, 10, 'wxuser-ma', 'wxma/wxuser/index', 1, 0, 'C', '0', '0', 'wxmp:wxuser:index', 'wechat', 'admin', '2021-01-28 23:54:34', 'admin', '2023-09-12 16:39:50', '');
INSERT INTO `sys_menu` VALUES (2051, '小程序用户查询', 2050, 0, '', NULL, 1, 0, 'F', '0', '0', 'wxmp:wxuser:get', '#', 'admin', '2021-01-28 23:57:07', '', NULL, '');
INSERT INTO `sys_menu` VALUES (2060, '权限管理', 0, 6, 'purview', NULL, 1, 0, 'M', '0', '0', '', 'nested', 'admin', '2023-09-06 17:23:33', 'admin', '2023-09-13 10:26:14', '');
INSERT INTO `sys_menu` VALUES (2073, '小程序用户修改', 2050, 1, '', NULL, 1, 0, 'F', '0', '0', 'wxmp:wxuser:edit', '#', 'admin', '2023-10-07 11:36:57', 'admin', '2023-10-07 11:37:20', '');

-- ----------------------------
-- Table structure for sys_notice
-- ----------------------------
DROP TABLE IF EXISTS `sys_notice`;
CREATE TABLE `sys_notice`  (
  `notice_id` int(11) NOT NULL AUTO_INCREMENT COMMENT '公告ID',
  `notice_title` varchar(50) CHARACTER SET utf8mb4 COLLATE utf8mb4_general_ci NOT NULL COMMENT '公告标题',
  `notice_type` char(1) CHARACTER SET utf8mb4 COLLATE utf8mb4_general_ci NOT NULL COMMENT '公告类型（1通知 2公告）',
  `notice_content` longblob NULL COMMENT '公告内容',
  `status` char(1) CHARACTER SET utf8mb4 COLLATE utf8mb4_general_ci NULL DEFAULT '0' COMMENT '公告状态（0正常 1关闭）',
  `create_by` varchar(64) CHARACTER SET utf8mb4 COLLATE utf8mb4_general_ci NULL DEFAULT '' COMMENT '创建者',
  `create_time` datetime NULL DEFAULT NULL COMMENT '创建时间',
  `update_by` varchar(64) CHARACTER SET utf8mb4 COLLATE utf8mb4_general_ci NULL DEFAULT '' COMMENT '更新者',
  `update_time` datetime NULL DEFAULT NULL COMMENT '更新时间',
  `remark` varchar(255) CHARACTER SET utf8mb4 COLLATE utf8mb4_general_ci NULL DEFAULT NULL COMMENT '备注',
  PRIMARY KEY (`notice_id`) USING BTREE
) ENGINE = InnoDB AUTO_INCREMENT = 12 CHARACTER SET = utf8mb4 COLLATE = utf8mb4_general_ci COMMENT = '通知公告表' ROW_FORMAT = DYNAMIC;

-- ----------------------------
-- Records of sys_notice
-- ----------------------------
INSERT INTO `sys_notice` VALUES (1, '本次为初次版本', '2', 0x3C703EE69CACE6ACA1E4B8BAE5889DE6ACA1E78988E69CAC3C2F703E, '0', 'admin', '2021-01-14 15:39:14', 'admin', '2023-09-18 10:00:51', '管理员');
INSERT INTO `sys_notice` VALUES (11, '2024年11月15号9：00至15：00更新', '1', 0x3C703E32303234E5B9B43131E69C883135E58FB739EFBC9A3030E887B33135EFBC9A3030E69BB4E696B03C2F703E, '0', 'admin', '2021-01-14 17:45:06', 'admin', '2023-09-18 10:01:15', NULL);

-- ----------------------------
-- Table structure for sys_oper_log
-- ----------------------------
DROP TABLE IF EXISTS `sys_oper_log`;
CREATE TABLE `sys_oper_log`  (
  `oper_id` bigint(20) NOT NULL AUTO_INCREMENT COMMENT '日志主键',
  `title` varchar(50) CHARACTER SET utf8mb4 COLLATE utf8mb4_general_ci NULL DEFAULT '' COMMENT '模块标题',
  `business_type` int(11) NULL DEFAULT 0 COMMENT '业务类型（0其它 1新增 2修改 3删除）',
  `method` varchar(100) CHARACTER SET utf8mb4 COLLATE utf8mb4_general_ci NULL DEFAULT '' COMMENT '方法名称',
  `request_method` varchar(10) CHARACTER SET utf8mb4 COLLATE utf8mb4_general_ci NULL DEFAULT '' COMMENT '请求方式',
  `operator_type` int(11) NULL DEFAULT 0 COMMENT '操作类别（0其它 1后台用户 2手机端用户）',
  `oper_name` varchar(50) CHARACTER SET utf8mb4 COLLATE utf8mb4_general_ci NULL DEFAULT '' COMMENT '操作人员',
  `dept_name` varchar(50) CHARACTER SET utf8mb4 COLLATE utf8mb4_general_ci NULL DEFAULT '' COMMENT '部门名称',
  `oper_url` varchar(255) CHARACTER SET utf8mb4 COLLATE utf8mb4_general_ci NULL DEFAULT '' COMMENT '请求URL',
  `oper_ip` varchar(50) CHARACTER SET utf8mb4 COLLATE utf8mb4_general_ci NULL DEFAULT '' COMMENT '主机地址',
  `oper_location` varchar(255) CHARACTER SET utf8mb4 COLLATE utf8mb4_general_ci NULL DEFAULT '' COMMENT '操作地点',
  `oper_param` varchar(2000) CHARACTER SET utf8mb4 COLLATE utf8mb4_general_ci NULL DEFAULT '' COMMENT '请求参数',
  `json_result` varchar(2000) CHARACTER SET utf8mb4 COLLATE utf8mb4_general_ci NULL DEFAULT '' COMMENT '返回参数',
  `status` int(11) NULL DEFAULT 0 COMMENT '操作状态（0正常 1异常）',
  `error_msg` varchar(2000) CHARACTER SET utf8mb4 COLLATE utf8mb4_general_ci NULL DEFAULT '' COMMENT '错误消息',
  `oper_time` datetime NULL DEFAULT NULL COMMENT '操作时间',
  PRIMARY KEY (`oper_id`) USING BTREE
) ENGINE = InnoDB AUTO_INCREMENT = 413 CHARACTER SET = utf8mb4 COLLATE = utf8mb4_general_ci COMMENT = '操作日志记录' ROW_FORMAT = DYNAMIC;

-- ----------------------------
-- Records of sys_oper_log
-- ----------------------------
INSERT INTO `sys_oper_log` VALUES (100, '用户管理', 2, 'com.ruoyi.web.controller.system.SysUserController.edit()', 'PUT', 1, 'admin', NULL, '/system/user', '127.0.0.1', '内网IP', '{\"roles\":[{\"flag\":false,\"roleId\":2,\"admin\":false,\"dataScope\":\"2\",\"params\":{},\"roleSort\":\"2\",\"deptCheckStrictly\":false,\"menuCheckStrictly\":false,\"roleKey\":\"common\",\"roleName\":\"普通角色\",\"status\":\"0\"}],\"phonenumber\":\"15666666666\",\"admin\":false,\"loginDate\":1610609953000,\"remark\":\"测试员\",\"delFlag\":\"0\",\"password\":\"\",\"updateBy\":\"admin\",\"postIds\":[2],\"loginIp\":\"127.0.0.1\",\"email\":\"ry@qq.com\",\"nickName\":\"若依\",\"sex\":\"1\",\"deptId\":105,\"avatar\":\"\",\"dept\":{\"deptName\":\"测试部门\",\"leader\":\"若依\",\"deptId\":105,\"orderNum\":\"3\",\"params\":{},\"parentId\":101,\"children\":[],\"status\":\"0\"},\"params\":{},\"userName\":\"ry\",\"userId\":2,\"createBy\":\"admin\",\"roleIds\":[2],\"createTime\":1610609953000,\"status\":\"0\"}', '{\"msg\":\"操作成功\",\"code\":200}', 0, NULL, '2021-01-14 17:08:45');
INSERT INTO `sys_oper_log` VALUES (101, '通知公告', 2, 'com.ruoyi.web.controller.system.SysNoticeController.edit()', 'PUT', 1, 'admin', NULL, '/system/notice', '127.0.0.1', '内网IP', '{\"noticeContent\":\"维护内容\",\"createBy\":\"admin\",\"createTime\":1610609954000,\"updateBy\":\"admin\",\"noticeType\":\"1\",\"remark\":\"管理员\",\"params\":{},\"noticeId\":2,\"noticeTitle\":\"维护通知：2018-07-01 若依系统凌晨维护\",\"status\":\"0\"}', '{\"msg\":\"操作成功\",\"code\":200}', 0, NULL, '2021-01-14 17:08:57');
INSERT INTO `sys_oper_log` VALUES (102, '通知公告', 3, 'com.ruoyi.web.controller.system.SysNoticeController.remove()', 'DELETE', 1, 'admin', NULL, '/system/notice/2', '127.0.0.1', '内网IP', '{noticeIds=2}', '{\"msg\":\"操作成功\",\"code\":200}', 0, NULL, '2021-01-14 17:08:59');
INSERT INTO `sys_oper_log` VALUES (103, '通知公告', 1, 'com.ruoyi.web.controller.system.SysNoticeController.add()', 'POST', 1, 'admin', NULL, '/system/notice', '127.0.0.1', '内网IP', '{\"noticeContent\":\"<p><br></p>\",\"createBy\":\"admin\",\"noticeType\":\"1\",\"params\":{},\"noticeTitle\":\"rwes\",\"status\":\"0\"}', '{\"msg\":\"操作成功\",\"code\":200}', 0, NULL, '2021-01-14 17:09:04');
INSERT INTO `sys_oper_log` VALUES (104, '代码生成', 6, 'com.ruoyi.generator.controller.GenController.importTableSave()', 'POST', 1, 'admin', NULL, '/tool/gen/importTable', '127.0.0.1', '内网IP', 'sys_config,sys_dept,sys_dict_data,sys_dict_type,sys_job,sys_job_log,sys_logininfor,sys_menu,sys_notice,sys_oper_log', '{\"msg\":\"操作成功\",\"code\":200}', 0, NULL, '2021-01-14 17:10:34');
INSERT INTO `sys_oper_log` VALUES (105, '通知公告', 2, 'com.joolun.web.controller.system.SysNoticeController.edit()', 'PUT', 1, 'admin', NULL, '/system/notice', '127.0.0.1', '内网IP', '{\"noticeContent\":\"<p><br></p>\",\"createBy\":\"admin\",\"createTime\":1610615344000,\"updateBy\":\"admin\",\"noticeType\":\"1\",\"params\":{},\"noticeId\":10,\"noticeTitle\":\"rwes\",\"status\":\"0\"}', '{\"msg\":\"操作成功\",\"code\":200}', 0, NULL, '2021-01-14 17:44:58');
INSERT INTO `sys_oper_log` VALUES (106, '通知公告', 3, 'com.joolun.web.controller.system.SysNoticeController.remove()', 'DELETE', 1, 'admin', NULL, '/system/notice/10', '127.0.0.1', '内网IP', '{noticeIds=10}', '{\"msg\":\"操作成功\",\"code\":200}', 0, NULL, '2021-01-14 17:45:01');
INSERT INTO `sys_oper_log` VALUES (107, '通知公告', 1, 'com.joolun.web.controller.system.SysNoticeController.add()', 'POST', 1, 'admin', NULL, '/system/notice', '127.0.0.1', '内网IP', '{\"createBy\":\"admin\",\"noticeType\":\"1\",\"params\":{},\"noticeTitle\":\"ewtwet\",\"status\":\"0\"}', '{\"msg\":\"操作成功\",\"code\":200}', 0, NULL, '2021-01-14 17:45:06');
INSERT INTO `sys_oper_log` VALUES (108, '菜单管理', 1, 'com.joolun.web.controller.system.SysMenuController.add()', 'POST', 1, 'admin', NULL, '/system/menu', '127.0.0.1', '内网IP', '{\"visible\":\"0\",\"orderNum\":\"0\",\"menuName\":\"公众号用户2\",\"params\":{},\"parentId\":1,\"isCache\":\"0\",\"path\":\"wxuser\",\"component\":\"wxmp/wxuser/index\",\"createBy\":\"admin\",\"children\":[],\"isFrame\":\"1\",\"menuType\":\"C\",\"perms\":\"wxmp:wxuser:index\",\"status\":\"0\"}', '{\"msg\":\"操作成功\",\"code\":200}', 0, NULL, '2021-01-14 22:45:08');
INSERT INTO `sys_oper_log` VALUES (109, '菜单管理', 3, 'com.joolun.web.controller.system.SysMenuController.remove()', 'DELETE', 1, 'admin', NULL, '/system/menu/2030', '127.0.0.1', '内网IP', '{menuId=2030}', '{\"msg\":\"操作成功\",\"code\":200}', 0, NULL, '2021-01-14 22:46:21');
INSERT INTO `sys_oper_log` VALUES (110, '菜单管理', 1, 'com.joolun.web.controller.system.SysMenuController.add()', 'POST', 1, 'admin', NULL, '/system/menu', '127.0.0.1', '内网IP', '{\"visible\":\"0\",\"icon\":\"bug\",\"orderNum\":\"0\",\"menuName\":\"用户管理2\",\"params\":{},\"parentId\":1,\"isCache\":\"0\",\"path\":\"user2\",\"component\":\"system/user/index\",\"createBy\":\"admin\",\"children\":[],\"isFrame\":\"1\",\"menuType\":\"C\",\"perms\":\"system:user:list\",\"status\":\"0\"}', '{\"msg\":\"操作成功\",\"code\":200}', 0, NULL, '2021-01-14 22:48:32');
INSERT INTO `sys_oper_log` VALUES (111, '菜单管理', 2, 'com.joolun.web.controller.system.SysMenuController.edit()', 'PUT', 1, 'admin', NULL, '/system/menu', '127.0.0.1', '内网IP', '{\"visible\":\"0\",\"icon\":\"bug\",\"orderNum\":\"0\",\"menuName\":\"用户管理2\",\"params\":{},\"parentId\":1,\"isCache\":\"0\",\"path\":\"user2\",\"component\":\"wxmp/wxuser/index\",\"children\":[],\"createTime\":1610635712000,\"updateBy\":\"admin\",\"isFrame\":\"1\",\"menuId\":2031,\"menuType\":\"C\",\"perms\":\"system:user:list\",\"status\":\"0\"}', '{\"msg\":\"操作成功\",\"code\":200}', 0, NULL, '2021-01-14 22:48:59');
INSERT INTO `sys_oper_log` VALUES (112, '菜单管理', 3, 'com.joolun.web.controller.system.SysMenuController.remove()', 'DELETE', 1, 'admin', NULL, '/system/menu/2031', '127.0.0.1', '内网IP', '{menuId=2031}', '{\"msg\":\"操作成功\",\"code\":200}', 0, NULL, '2021-01-14 22:49:08');
INSERT INTO `sys_oper_log` VALUES (113, '菜单管理', 1, 'com.joolun.web.controller.system.SysMenuController.add()', 'POST', 1, 'admin', NULL, '/system/menu', '127.0.0.1', '内网IP', '{\"visible\":\"0\",\"icon\":\"chart\",\"orderNum\":\"0\",\"menuName\":\"sdgsgwe\",\"params\":{},\"parentId\":1,\"isCache\":\"0\",\"path\":\"role2\",\"component\":\"system/role2/index\",\"createBy\":\"admin\",\"children\":[],\"isFrame\":\"1\",\"menuType\":\"C\",\"perms\":\"system:role:list\",\"status\":\"0\"}', '{\"msg\":\"操作成功\",\"code\":200}', 0, NULL, '2021-01-14 22:54:42');
INSERT INTO `sys_oper_log` VALUES (114, '菜单管理', 3, 'com.joolun.web.controller.system.SysMenuController.remove()', 'DELETE', 1, 'admin', NULL, '/system/menu/2032', '127.0.0.1', '内网IP', '{menuId=2032}', '{\"msg\":\"操作成功\",\"code\":200}', 0, NULL, '2021-01-15 20:22:31');
INSERT INTO `sys_oper_log` VALUES (115, '用户管理', 2, 'com.joolun.web.controller.system.SysUserController.edit()', 'PUT', 1, 'admin', NULL, '/system/user', '127.0.0.1', '内网IP', '{\"roles\":[{\"flag\":false,\"roleId\":2,\"admin\":false,\"dataScope\":\"2\",\"params\":{},\"roleSort\":\"2\",\"deptCheckStrictly\":false,\"menuCheckStrictly\":false,\"roleKey\":\"common\",\"roleName\":\"普通角色\",\"status\":\"0\"}],\"phonenumber\":\"15666666666\",\"admin\":false,\"loginDate\":1610609953000,\"remark\":\"测试员\",\"delFlag\":\"0\",\"password\":\"\",\"updateBy\":\"admin\",\"postIds\":[2],\"loginIp\":\"127.0.0.1\",\"email\":\"ry@qq.com\",\"nickName\":\"若依\",\"sex\":\"1\",\"deptId\":105,\"avatar\":\"\",\"dept\":{\"deptName\":\"测试部门\",\"leader\":\"若依\",\"deptId\":105,\"orderNum\":\"3\",\"params\":{},\"parentId\":101,\"children\":[],\"status\":\"0\"},\"params\":{},\"userName\":\"ry\",\"userId\":2,\"createBy\":\"admin\",\"roleIds\":[2],\"createTime\":1610609953000,\"status\":\"0\"}', '{\"msg\":\"操作成功\",\"code\":200}', 0, NULL, '2021-01-15 20:23:11');
INSERT INTO `sys_oper_log` VALUES (116, '用户管理', 2, 'com.joolun.web.controller.system.SysUserController.edit()', 'PUT', 1, 'admin', NULL, '/system/user', '127.0.0.1', '内网IP', '{\"roles\":[{\"flag\":false,\"roleId\":2,\"admin\":false,\"dataScope\":\"2\",\"params\":{},\"roleSort\":\"2\",\"deptCheckStrictly\":false,\"menuCheckStrictly\":false,\"roleKey\":\"common\",\"roleName\":\"普通角色\",\"status\":\"0\"}],\"phonenumber\":\"15666666666\",\"admin\":false,\"loginDate\":1610609953000,\"remark\":\"测试员\",\"delFlag\":\"0\",\"password\":\"\",\"updateBy\":\"admin\",\"postIds\":[2],\"loginIp\":\"127.0.0.1\",\"email\":\"ry@qq.com\",\"nickName\":\"若依\",\"sex\":\"1\",\"deptId\":105,\"avatar\":\"\",\"dept\":{\"deptName\":\"测试部门\",\"leader\":\"若依\",\"deptId\":105,\"orderNum\":\"3\",\"params\":{},\"parentId\":101,\"children\":[],\"status\":\"0\"},\"params\":{},\"userName\":\"ry\",\"userId\":2,\"createBy\":\"admin\",\"roleIds\":[2],\"createTime\":1610609953000,\"status\":\"0\"}', '{\"msg\":\"操作成功\",\"code\":200}', 0, NULL, '2021-01-15 20:52:07');
INSERT INTO `sys_oper_log` VALUES (117, '用户管理', 3, 'com.joolun.web.controller.system.SysUserController.remove()', 'DELETE', 1, 'admin', NULL, '/system/user/2', '127.0.0.1', '内网IP', '{userIds=2}', '{\"msg\":\"操作成功\",\"code\":200}', 0, NULL, '2021-01-15 20:52:42');
INSERT INTO `sys_oper_log` VALUES (118, '用户管理', 1, 'com.joolun.web.controller.system.SysUserController.add()', 'POST', 1, 'admin', NULL, '/system/user', '127.0.0.1', '内网IP', '{\"admin\":false,\"password\":\"$2a$10$KTBu09ed743F.IS1Y5TCluX8Jg17xnef5VBwDHjoi.MsgpU.fsQQa\",\"postIds\":[],\"nickName\":\"test\",\"sex\":\"0\",\"deptId\":100,\"params\":{},\"userName\":\"test\",\"userId\":100,\"createBy\":\"admin\",\"roleIds\":[],\"status\":\"0\"}', '{\"msg\":\"操作成功\",\"code\":200}', 0, NULL, '2021-01-15 20:52:55');
INSERT INTO `sys_oper_log` VALUES (119, '用户管理', 2, 'com.joolun.web.controller.system.SysUserController.edit()', 'PUT', 1, 'admin', NULL, '/system/user', '127.0.0.1', '内网IP', '{\"roles\":[],\"phonenumber\":\"\",\"admin\":false,\"delFlag\":\"0\",\"password\":\"\",\"updateBy\":\"admin\",\"postIds\":[],\"loginIp\":\"\",\"email\":\"\",\"nickName\":\"test\",\"sex\":\"0\",\"deptId\":100,\"avatar\":\"\",\"dept\":{\"deptName\":\"若依科技\",\"leader\":\"若依\",\"deptId\":100,\"orderNum\":\"0\",\"params\":{},\"parentId\":0,\"children\":[],\"status\":\"0\"},\"params\":{},\"userName\":\"test\",\"userId\":100,\"createBy\":\"admin\",\"roleIds\":[2],\"createTime\":1610715175000,\"status\":\"0\"}', '{\"msg\":\"操作成功\",\"code\":200}', 0, NULL, '2021-01-15 20:53:33');
INSERT INTO `sys_oper_log` VALUES (120, '角色管理', 2, 'com.joolun.web.controller.system.SysRoleController.edit()', 'PUT', 1, 'admin', NULL, '/system/role', '220.202.217.37', 'XX XX', '{\"flag\":false,\"roleId\":2,\"admin\":false,\"remark\":\"普通角色\",\"dataScope\":\"2\",\"delFlag\":\"0\",\"params\":{},\"roleSort\":\"2\",\"deptCheckStrictly\":true,\"createTime\":1610609953000,\"updateBy\":\"admin\",\"menuCheckStrictly\":true,\"roleKey\":\"common\",\"roleName\":\"普通角色\",\"menuIds\":[4,2000,2008,2009,2001,2002,2010,2011,2012,2013,2014,2015,2016,2003,2017,2018,2019,2020,2004,2021,2022,2023,2024,2005,2025,2006,2026,2027,2028,2029,2007,1,100,1001,1002,1003,1004,1005,1006,1007,101,1008,1009,1010,1011,1012,102,1013,1014,1015,1016,103,1017,1018,1019,1020,104,1021,1022,1023,1024,1025,105,1026,1027,1028,1029,1030,106,1031,1032,1033,1034,1035,107,1036,1037,1038,1039,108,500,1040,1041,1042,501,1043,1044,1045,2,109,1046,1047,1048,110,1049,1050,1051,1052,1053,1054,111,112,113,3,114,115,1055,1056,1058,1057,1059,1060,116],\"status\":\"0\"}', '{\"msg\":\"操作成功\",\"code\":200}', 0, NULL, '2021-01-15 23:17:30');
INSERT INTO `sys_oper_log` VALUES (121, '用户管理', 2, 'com.joolun.web.controller.system.SysUserController.edit()', 'PUT', 1, 'admin', NULL, '/system/user', '220.202.217.37', 'XX XX', '{\"roles\":[{\"flag\":false,\"roleId\":2,\"admin\":false,\"dataScope\":\"2\",\"params\":{},\"roleSort\":\"2\",\"deptCheckStrictly\":false,\"menuCheckStrictly\":false,\"roleKey\":\"common\",\"roleName\":\"普通角色\",\"status\":\"0\"}],\"phonenumber\":\"18608549631\",\"admin\":false,\"remark\":\"111\",\"delFlag\":\"0\",\"password\":\"\",\"updateBy\":\"admin\",\"postIds\":[],\"loginIp\":\"\",\"email\":\"1023536325@qq.com\",\"nickName\":\"test\",\"sex\":\"0\",\"deptId\":100,\"avatar\":\"\",\"dept\":{\"deptName\":\"若依科技\",\"leader\":\"若依\",\"deptId\":100,\"orderNum\":\"0\",\"params\":{},\"parentId\":0,\"children\":[],\"status\":\"0\"},\"params\":{},\"userName\":\"test\",\"userId\":100,\"createBy\":\"admin\",\"roleIds\":[2],\"createTime\":1583312549000,\"status\":\"0\"}', '{\"msg\":\"操作成功\",\"code\":200}', 0, NULL, '2021-01-15 23:17:40');
INSERT INTO `sys_oper_log` VALUES (122, '用户管理', 2, 'com.joolun.web.controller.system.SysUserController.edit()', 'PUT', 1, 'admin', NULL, '/system/user', '220.202.217.37', 'XX XX', '{\"roles\":[{\"flag\":false,\"roleId\":1,\"admin\":true,\"dataScope\":\"1\",\"params\":{},\"roleSort\":\"1\",\"deptCheckStrictly\":false,\"menuCheckStrictly\":false,\"roleKey\":\"admin\",\"roleName\":\"超级管理员\",\"status\":\"0\"}],\"phonenumber\":\"15888888888\",\"admin\":true,\"loginDate\":1521171180000,\"remark\":\"管理员\",\"delFlag\":\"0\",\"password\":\"\",\"postIds\":[1],\"loginIp\":\"127.0.0.1\",\"email\":\"ry@163.com\",\"nickName\":\"JooLun\",\"sex\":\"1\",\"deptId\":103,\"avatar\":\"\",\"dept\":{\"deptName\":\"研发部门\",\"leader\":\"若依\",\"deptId\":103,\"orderNum\":\"1\",\"params\":{},\"parentId\":101,\"children\":[],\"status\":\"0\"},\"params\":{},\"userName\":\"admin\",\"userId\":1,\"createBy\":\"admin\",\"roleIds\":[1],\"createTime\":1521171180000,\"status\":\"0\"}', 'null', 1, '不允许操作超级管理员用户', '2021-01-16 00:07:15');
INSERT INTO `sys_oper_log` VALUES (123, '部门管理', 2, 'com.joolun.web.controller.system.SysDeptController.edit()', 'PUT', 1, 'admin', NULL, '/system/dept', '220.202.217.37', 'XX XX', '{\"deptName\":\"JooLun\",\"leader\":\"JooLun\",\"deptId\":100,\"orderNum\":\"0\",\"delFlag\":\"0\",\"params\":{},\"parentId\":0,\"createBy\":\"admin\",\"children\":[],\"createTime\":1610609953000,\"phone\":\"15888888888\",\"updateBy\":\"admin\",\"ancestors\":\"0\",\"email\":\"ry@qq.com\",\"status\":\"0\"}', '{\"msg\":\"操作成功\",\"code\":200}', 0, NULL, '2021-01-16 00:07:28');
INSERT INTO `sys_oper_log` VALUES (124, '部门管理', 2, 'com.joolun.web.controller.system.SysDeptController.edit()', 'PUT', 1, 'admin', NULL, '/system/dept', '220.202.217.37', 'XX XX', '{\"deptName\":\"深圳总公司\",\"leader\":\"JooLun\",\"deptId\":101,\"orderNum\":\"1\",\"delFlag\":\"0\",\"params\":{},\"parentId\":100,\"createBy\":\"admin\",\"children\":[],\"createTime\":1610609953000,\"phone\":\"15888888888\",\"updateBy\":\"admin\",\"ancestors\":\"0,100\",\"email\":\"ry@qq.com\",\"status\":\"0\"}', '{\"msg\":\"操作成功\",\"code\":200}', 0, NULL, '2021-01-16 00:07:32');
INSERT INTO `sys_oper_log` VALUES (125, '部门管理', 2, 'com.joolun.web.controller.system.SysDeptController.edit()', 'PUT', 1, 'admin', NULL, '/system/dept', '220.202.217.37', 'XX XX', '{\"deptName\":\"研发部门\",\"leader\":\"JooLun\",\"deptId\":103,\"orderNum\":\"1\",\"delFlag\":\"0\",\"params\":{},\"parentId\":101,\"createBy\":\"admin\",\"children\":[],\"createTime\":1610609953000,\"phone\":\"15888888888\",\"updateBy\":\"admin\",\"ancestors\":\"0,100,101\",\"email\":\"ry@qq.com\",\"status\":\"0\"}', '{\"msg\":\"操作成功\",\"code\":200}', 0, NULL, '2021-01-16 00:07:34');
INSERT INTO `sys_oper_log` VALUES (126, '部门管理', 2, 'com.joolun.web.controller.system.SysDeptController.edit()', 'PUT', 1, 'admin', NULL, '/system/dept', '220.202.217.37', 'XX XX', '{\"deptName\":\"市场部门\",\"leader\":\"JooLun\",\"deptId\":104,\"orderNum\":\"2\",\"delFlag\":\"0\",\"params\":{},\"parentId\":101,\"createBy\":\"admin\",\"children\":[],\"createTime\":1610609953000,\"phone\":\"15888888888\",\"updateBy\":\"admin\",\"ancestors\":\"0,100,101\",\"email\":\"ry@qq.com\",\"status\":\"0\"}', '{\"msg\":\"操作成功\",\"code\":200}', 0, NULL, '2021-01-16 00:07:37');
INSERT INTO `sys_oper_log` VALUES (127, '部门管理', 2, 'com.joolun.web.controller.system.SysDeptController.edit()', 'PUT', 1, 'admin', NULL, '/system/dept', '220.202.217.37', 'XX XX', '{\"deptName\":\"测试部门\",\"leader\":\"JooLun\",\"deptId\":105,\"orderNum\":\"3\",\"delFlag\":\"0\",\"params\":{},\"parentId\":101,\"createBy\":\"admin\",\"children\":[],\"createTime\":1610609953000,\"phone\":\"15888888888\",\"updateBy\":\"admin\",\"ancestors\":\"0,100,101\",\"email\":\"ry@qq.com\",\"status\":\"0\"}', '{\"msg\":\"操作成功\",\"code\":200}', 0, NULL, '2021-01-16 00:07:39');
INSERT INTO `sys_oper_log` VALUES (128, '部门管理', 2, 'com.joolun.web.controller.system.SysDeptController.edit()', 'PUT', 1, 'admin', NULL, '/system/dept', '220.202.217.37', 'XX XX', '{\"deptName\":\"财务部门\",\"leader\":\"JooLun\",\"deptId\":106,\"orderNum\":\"4\",\"delFlag\":\"0\",\"params\":{},\"parentId\":101,\"createBy\":\"admin\",\"children\":[],\"createTime\":1610609953000,\"phone\":\"15888888888\",\"updateBy\":\"admin\",\"ancestors\":\"0,100,101\",\"email\":\"ry@qq.com\",\"status\":\"0\"}', '{\"msg\":\"操作成功\",\"code\":200}', 0, NULL, '2021-01-16 00:07:42');
INSERT INTO `sys_oper_log` VALUES (129, '部门管理', 2, 'com.joolun.web.controller.system.SysDeptController.edit()', 'PUT', 1, 'admin', NULL, '/system/dept', '220.202.217.37', 'XX XX', '{\"deptName\":\"运维部门\",\"leader\":\"JooLun\",\"deptId\":107,\"orderNum\":\"5\",\"delFlag\":\"0\",\"params\":{},\"parentId\":101,\"createBy\":\"admin\",\"children\":[],\"createTime\":1610609953000,\"phone\":\"15888888888\",\"updateBy\":\"admin\",\"ancestors\":\"0,100,101\",\"email\":\"ry@qq.com\",\"status\":\"0\"}', '{\"msg\":\"操作成功\",\"code\":200}', 0, NULL, '2021-01-16 00:07:45');
INSERT INTO `sys_oper_log` VALUES (130, '部门管理', 2, 'com.joolun.web.controller.system.SysDeptController.edit()', 'PUT', 1, 'admin', NULL, '/system/dept', '220.202.217.37', 'XX XX', '{\"deptName\":\"长沙分公司\",\"leader\":\"JooLun\",\"deptId\":102,\"orderNum\":\"2\",\"delFlag\":\"0\",\"params\":{},\"parentId\":100,\"createBy\":\"admin\",\"children\":[],\"createTime\":1610609953000,\"phone\":\"15888888888\",\"updateBy\":\"admin\",\"ancestors\":\"0,100\",\"email\":\"ry@qq.com\",\"status\":\"0\"}', '{\"msg\":\"操作成功\",\"code\":200}', 0, NULL, '2021-01-16 00:07:48');
INSERT INTO `sys_oper_log` VALUES (131, '部门管理', 2, 'com.joolun.web.controller.system.SysDeptController.edit()', 'PUT', 1, 'admin', NULL, '/system/dept', '220.202.217.37', 'XX XX', '{\"deptName\":\"市场部门\",\"leader\":\"JooLun\",\"deptId\":108,\"orderNum\":\"1\",\"delFlag\":\"0\",\"params\":{},\"parentId\":102,\"createBy\":\"admin\",\"children\":[],\"createTime\":1610609953000,\"phone\":\"15888888888\",\"updateBy\":\"admin\",\"ancestors\":\"0,100,102\",\"email\":\"ry@qq.com\",\"status\":\"0\"}', '{\"msg\":\"操作成功\",\"code\":200}', 0, NULL, '2021-01-16 00:07:52');
INSERT INTO `sys_oper_log` VALUES (132, '部门管理', 2, 'com.joolun.web.controller.system.SysDeptController.edit()', 'PUT', 1, 'admin', NULL, '/system/dept', '220.202.217.37', 'XX XX', '{\"deptName\":\"财务部门\",\"leader\":\"JooLun\",\"deptId\":109,\"orderNum\":\"2\",\"delFlag\":\"0\",\"params\":{},\"parentId\":102,\"createBy\":\"admin\",\"children\":[],\"createTime\":1610609953000,\"phone\":\"15888888888\",\"updateBy\":\"admin\",\"ancestors\":\"0,100,102\",\"email\":\"ry@qq.com\",\"status\":\"0\"}', '{\"msg\":\"操作成功\",\"code\":200}', 0, NULL, '2021-01-16 00:07:55');
INSERT INTO `sys_oper_log` VALUES (133, '代码生成', 8, 'com.joolun.generator.controller.GenController.batchGenCode()', 'GET', 1, 'test', NULL, '/tool/gen/batchGenCode', '175.153.195.94', 'XX XX', '{}', 'null', 0, NULL, '2021-01-18 16:22:18');
INSERT INTO `sys_oper_log` VALUES (134, '代码生成', 8, 'com.joolun.generator.controller.GenController.batchGenCode()', 'GET', 1, 'test', NULL, '/tool/gen/batchGenCode', '120.230.139.76', 'XX XX', '{}', 'null', 0, NULL, '2021-01-18 17:38:43');
INSERT INTO `sys_oper_log` VALUES (135, '代码生成', 8, 'com.joolun.generator.controller.GenController.batchGenCode()', 'GET', 1, 'test', NULL, '/tool/gen/batchGenCode', '60.208.209.207', 'XX XX', '{}', 'null', 0, NULL, '2021-01-19 11:45:50');
INSERT INTO `sys_oper_log` VALUES (136, '菜单管理', 2, 'com.joolun.web.controller.system.SysMenuController.edit()', 'PUT', 1, 'admin', NULL, '/system/menu', '127.0.0.1', '内网IP', '{\"visible\":\"0\",\"icon\":\"system\",\"orderNum\":\"10\",\"menuName\":\"系统管理\",\"params\":{},\"parentId\":0,\"isCache\":\"0\",\"path\":\"system\",\"children\":[],\"createTime\":1610609953000,\"updateBy\":\"admin\",\"isFrame\":\"1\",\"menuId\":1,\"menuType\":\"M\",\"perms\":\"\",\"status\":\"0\"}', '{\"msg\":\"操作成功\",\"code\":200}', 0, NULL, '2021-01-21 17:43:31');
INSERT INTO `sys_oper_log` VALUES (137, '菜单管理', 2, 'com.joolun.web.controller.system.SysMenuController.edit()', 'PUT', 1, 'admin', NULL, '/system/menu', '127.0.0.1', '内网IP', '{\"visible\":\"0\",\"icon\":\"monitor\",\"orderNum\":\"20\",\"menuName\":\"系统监控\",\"params\":{},\"parentId\":0,\"isCache\":\"0\",\"path\":\"monitor\",\"children\":[],\"createTime\":1610609953000,\"updateBy\":\"admin\",\"isFrame\":\"1\",\"menuId\":2,\"menuType\":\"M\",\"perms\":\"\",\"status\":\"0\"}', '{\"msg\":\"操作成功\",\"code\":200}', 0, NULL, '2021-01-21 17:43:38');
INSERT INTO `sys_oper_log` VALUES (138, '菜单管理', 2, 'com.joolun.web.controller.system.SysMenuController.edit()', 'PUT', 1, 'admin', NULL, '/system/menu', '127.0.0.1', '内网IP', '{\"visible\":\"0\",\"icon\":\"tool\",\"orderNum\":\"30\",\"menuName\":\"系统工具\",\"params\":{},\"parentId\":0,\"isCache\":\"0\",\"path\":\"tool\",\"children\":[],\"createTime\":1610609953000,\"updateBy\":\"admin\",\"isFrame\":\"1\",\"menuId\":3,\"menuType\":\"M\",\"perms\":\"\",\"status\":\"0\"}', '{\"msg\":\"操作成功\",\"code\":200}', 0, NULL, '2021-01-21 17:43:43');
INSERT INTO `sys_oper_log` VALUES (139, '菜单管理', 1, 'com.joolun.web.controller.system.SysMenuController.add()', 'POST', 1, 'admin', NULL, '/system/menu', '127.0.0.1', '内网IP', '{\"visible\":\"0\",\"icon\":\"shopping\",\"orderNum\":\"5\",\"menuName\":\"商城管理\",\"params\":{},\"parentId\":0,\"isCache\":\"0\",\"path\":\"mall\",\"createBy\":\"admin\",\"children\":[],\"isFrame\":\"1\",\"menuType\":\"M\",\"status\":\"0\"}', '{\"msg\":\"操作成功\",\"code\":200}', 0, NULL, '2021-01-21 17:44:55');
INSERT INTO `sys_oper_log` VALUES (140, '菜单管理', 1, 'com.joolun.web.controller.system.SysMenuController.add()', 'POST', 1, 'admin', NULL, '/system/menu', '127.0.0.1', '内网IP', '{\"visible\":\"0\",\"icon\":\"build\",\"orderNum\":\"10\",\"menuName\":\"商城分类\",\"params\":{},\"parentId\":2033,\"isCache\":\"0\",\"path\":\"goodscategory\",\"component\":\"mall/goodscategory/index\",\"createBy\":\"admin\",\"children\":[],\"isFrame\":\"1\",\"menuType\":\"C\",\"perms\":\"mall:goodscategory:index\",\"status\":\"0\"}', '{\"msg\":\"操作成功\",\"code\":200}', 0, NULL, '2021-01-21 17:47:44');
INSERT INTO `sys_oper_log` VALUES (141, '菜单管理', 1, 'com.joolun.web.controller.system.SysMenuController.add()', 'POST', 1, 'admin', NULL, '/system/menu', '127.0.0.1', '内网IP', '{\"visible\":\"0\",\"orderNum\":\"0\",\"menuName\":\"商品类目查询\",\"params\":{},\"parentId\":2034,\"isCache\":\"0\",\"createBy\":\"admin\",\"children\":[],\"isFrame\":\"1\",\"menuType\":\"F\",\"perms\":\"mall:goodscategory:get\",\"status\":\"0\"}', '{\"msg\":\"操作成功\",\"code\":200}', 0, NULL, '2021-01-21 17:48:23');
INSERT INTO `sys_oper_log` VALUES (142, '菜单管理', 2, 'com.joolun.web.controller.system.SysMenuController.edit()', 'PUT', 1, 'admin', NULL, '/system/menu', '127.0.0.1', '内网IP', '{\"visible\":\"0\",\"icon\":\"build\",\"orderNum\":\"10\",\"menuName\":\"商品分类\",\"params\":{},\"parentId\":2033,\"isCache\":\"0\",\"path\":\"goodscategory\",\"component\":\"mall/goodscategory/index\",\"children\":[],\"createTime\":1611222463000,\"updateBy\":\"admin\",\"isFrame\":\"1\",\"menuId\":2034,\"menuType\":\"C\",\"perms\":\"mall:goodscategory:index\",\"status\":\"0\"}', '{\"msg\":\"操作成功\",\"code\":200}', 0, NULL, '2021-01-21 17:48:30');
INSERT INTO `sys_oper_log` VALUES (143, '菜单管理', 1, 'com.joolun.web.controller.system.SysMenuController.add()', 'POST', 1, 'admin', NULL, '/system/menu', '127.0.0.1', '内网IP', '{\"visible\":\"0\",\"orderNum\":\"0\",\"menuName\":\"新增商品类目\",\"params\":{},\"parentId\":2034,\"isCache\":\"0\",\"createBy\":\"admin\",\"children\":[],\"isFrame\":\"1\",\"menuType\":\"F\",\"perms\":\"mall:goodscategory:add\",\"status\":\"0\"}', '{\"msg\":\"操作成功\",\"code\":200}', 0, NULL, '2021-01-21 17:48:52');
INSERT INTO `sys_oper_log` VALUES (144, '菜单管理', 1, 'com.joolun.web.controller.system.SysMenuController.add()', 'POST', 1, 'admin', NULL, '/system/menu', '127.0.0.1', '内网IP', '{\"visible\":\"0\",\"orderNum\":\"0\",\"menuName\":\"修改商品类目\",\"params\":{},\"parentId\":2034,\"isCache\":\"0\",\"createBy\":\"admin\",\"children\":[],\"isFrame\":\"1\",\"menuType\":\"F\",\"perms\":\"mall:goodscategory:edit\",\"status\":\"0\"}', '{\"msg\":\"操作成功\",\"code\":200}', 0, NULL, '2021-01-21 17:49:11');
INSERT INTO `sys_oper_log` VALUES (145, '菜单管理', 1, 'com.joolun.web.controller.system.SysMenuController.add()', 'POST', 1, 'admin', NULL, '/system/menu', '127.0.0.1', '内网IP', '{\"visible\":\"0\",\"orderNum\":\"0\",\"menuName\":\"删除商品类目\",\"params\":{},\"parentId\":2034,\"isCache\":\"0\",\"createBy\":\"admin\",\"children\":[],\"isFrame\":\"1\",\"menuType\":\"F\",\"perms\":\"mall:goodscategory:del\",\"status\":\"0\"}', '{\"msg\":\"操作成功\",\"code\":200}', 0, NULL, '2021-01-21 17:49:32');
INSERT INTO `sys_oper_log` VALUES (146, '菜单管理', 1, 'com.joolun.web.controller.system.SysMenuController.add()', 'POST', 1, 'admin', NULL, '/system/menu', '127.0.0.1', '内网IP', '{\"visible\":\"0\",\"icon\":\"shopping\",\"orderNum\":\"2\",\"menuName\":\"商品管理\",\"params\":{},\"parentId\":2033,\"isCache\":\"0\",\"path\":\"goods:spuu\",\"createBy\":\"admin\",\"children\":[],\"isFrame\":\"1\",\"menuType\":\"C\",\"status\":\"0\"}', '{\"msg\":\"操作成功\",\"code\":200}', 0, NULL, '2021-01-25 22:10:44');
INSERT INTO `sys_oper_log` VALUES (147, '菜单管理', 2, 'com.joolun.web.controller.system.SysMenuController.edit()', 'PUT', 1, 'admin', NULL, '/system/menu', '127.0.0.1', '内网IP', '{\"visible\":\"0\",\"icon\":\"shopping\",\"orderNum\":\"2\",\"menuName\":\"商品管理\",\"params\":{},\"parentId\":2033,\"isCache\":\"0\",\"path\":\"mall\",\"component\":\"mall:goodsspu:index\",\"children\":[],\"createTime\":1611583844000,\"updateBy\":\"admin\",\"isFrame\":\"1\",\"menuId\":2039,\"menuType\":\"C\",\"perms\":\"mall:goodsspu:index\",\"status\":\"0\"}', '{\"msg\":\"操作成功\",\"code\":200}', 0, NULL, '2021-01-25 22:11:20');
INSERT INTO `sys_oper_log` VALUES (148, '菜单管理', 2, 'com.joolun.web.controller.system.SysMenuController.edit()', 'PUT', 1, 'admin', NULL, '/system/menu', '127.0.0.1', '内网IP', '{\"visible\":\"0\",\"icon\":\"shopping\",\"orderNum\":\"2\",\"menuName\":\"商品管理\",\"params\":{},\"parentId\":2033,\"isCache\":\"0\",\"path\":\"goodsspu\",\"component\":\"mall:goodsspu:index\",\"children\":[],\"createTime\":1611583844000,\"updateBy\":\"admin\",\"isFrame\":\"1\",\"menuId\":2039,\"menuType\":\"C\",\"perms\":\"mall:goodsspu:index\",\"status\":\"0\"}', '{\"msg\":\"操作成功\",\"code\":200}', 0, NULL, '2021-01-25 22:11:44');
INSERT INTO `sys_oper_log` VALUES (149, '菜单管理', 2, 'com.joolun.web.controller.system.SysMenuController.edit()', 'PUT', 1, 'admin', NULL, '/system/menu', '127.0.0.1', '内网IP', '{\"visible\":\"0\",\"icon\":\"shopping\",\"orderNum\":\"10\",\"menuName\":\"商品管理\",\"params\":{},\"parentId\":2033,\"isCache\":\"0\",\"path\":\"goodsspu\",\"component\":\"mall:goodsspu:index\",\"children\":[],\"createTime\":1611583844000,\"updateBy\":\"admin\",\"isFrame\":\"1\",\"menuId\":2039,\"menuType\":\"C\",\"perms\":\"mall:goodsspu:index\",\"status\":\"0\"}', '{\"msg\":\"操作成功\",\"code\":200}', 0, NULL, '2021-01-25 22:11:54');
INSERT INTO `sys_oper_log` VALUES (150, '菜单管理', 2, 'com.joolun.web.controller.system.SysMenuController.edit()', 'PUT', 1, 'admin', NULL, '/system/menu', '127.0.0.1', '内网IP', '{\"visible\":\"0\",\"icon\":\"shopping\",\"orderNum\":\"10\",\"menuName\":\"商品管理\",\"params\":{},\"parentId\":2033,\"isCache\":\"0\",\"path\":\"goodsspu\",\"component\":\"mall/goodsspu/index\",\"children\":[],\"createTime\":1611583844000,\"updateBy\":\"admin\",\"isFrame\":\"1\",\"menuId\":2039,\"menuType\":\"C\",\"perms\":\"mall:goodsspu:index\",\"status\":\"0\"}', '{\"msg\":\"操作成功\",\"code\":200}', 0, NULL, '2021-01-25 22:12:13');
INSERT INTO `sys_oper_log` VALUES (151, '菜单管理', 1, 'com.joolun.web.controller.system.SysMenuController.add()', 'POST', 1, 'admin', NULL, '/system/menu', '127.0.0.1', '内网IP', '{\"visible\":\"0\",\"orderNum\":\"0\",\"menuName\":\"商品查询\",\"params\":{},\"parentId\":2039,\"isCache\":\"0\",\"createBy\":\"admin\",\"children\":[],\"isFrame\":\"1\",\"menuType\":\"F\",\"perms\":\"mall:goodsspu:get\",\"status\":\"0\"}', '{\"msg\":\"操作成功\",\"code\":200}', 0, NULL, '2021-01-25 22:13:08');
INSERT INTO `sys_oper_log` VALUES (152, '菜单管理', 1, 'com.joolun.web.controller.system.SysMenuController.add()', 'POST', 1, 'admin', NULL, '/system/menu', '127.0.0.1', '内网IP', '{\"visible\":\"0\",\"orderNum\":\"0\",\"menuName\":\"新增商品\",\"params\":{},\"parentId\":2039,\"isCache\":\"0\",\"createBy\":\"admin\",\"children\":[],\"isFrame\":\"1\",\"menuType\":\"F\",\"perms\":\"mall:goodsspu:add\",\"status\":\"0\"}', '{\"msg\":\"操作成功\",\"code\":200}', 0, NULL, '2021-01-25 22:14:55');
INSERT INTO `sys_oper_log` VALUES (153, '菜单管理', 1, 'com.joolun.web.controller.system.SysMenuController.add()', 'POST', 1, 'admin', NULL, '/system/menu', '127.0.0.1', '内网IP', '{\"visible\":\"0\",\"orderNum\":\"0\",\"menuName\":\"修改商品\",\"params\":{},\"parentId\":2039,\"isCache\":\"0\",\"createBy\":\"admin\",\"children\":[],\"isFrame\":\"1\",\"menuType\":\"F\",\"perms\":\"mall:goodsspu:edit\",\"status\":\"0\"}', '{\"msg\":\"操作成功\",\"code\":200}', 0, NULL, '2021-01-25 22:15:14');
INSERT INTO `sys_oper_log` VALUES (154, '菜单管理', 1, 'com.joolun.web.controller.system.SysMenuController.add()', 'POST', 1, 'admin', NULL, '/system/menu', '127.0.0.1', '内网IP', '{\"visible\":\"0\",\"orderNum\":\"0\",\"menuName\":\"删除商品\",\"params\":{},\"parentId\":2039,\"isCache\":\"0\",\"createBy\":\"admin\",\"children\":[],\"isFrame\":\"1\",\"menuType\":\"F\",\"perms\":\"mall:goodsspu:del\",\"status\":\"0\"}', '{\"msg\":\"操作成功\",\"code\":200}', 0, NULL, '2021-01-25 22:15:35');
INSERT INTO `sys_oper_log` VALUES (155, '菜单管理', 1, 'com.joolun.web.controller.system.SysMenuController.add()', 'POST', 1, 'admin', NULL, '/system/menu', '127.0.0.1', '内网IP', '{\"visible\":\"0\",\"icon\":\"list\",\"orderNum\":\"10\",\"menuName\":\"订单管理\",\"params\":{},\"parentId\":2033,\"isCache\":\"0\",\"path\":\"orderinfo\",\"createBy\":\"admin\",\"children\":[],\"isFrame\":\"1\",\"menuType\":\"C\",\"status\":\"0\"}', '{\"msg\":\"操作成功\",\"code\":200}', 0, NULL, '2021-01-27 00:07:14');
INSERT INTO `sys_oper_log` VALUES (156, '菜单管理', 2, 'com.joolun.web.controller.system.SysMenuController.edit()', 'PUT', 1, 'admin', NULL, '/system/menu', '127.0.0.1', '内网IP', '{\"visible\":\"0\",\"icon\":\"list\",\"orderNum\":\"10\",\"menuName\":\"订单管理\",\"params\":{},\"parentId\":2033,\"isCache\":\"0\",\"path\":\"orderinfo\",\"component\":\"mall/orderinfo/index\",\"children\":[],\"createTime\":1611677234000,\"updateBy\":\"admin\",\"isFrame\":\"1\",\"menuId\":2044,\"menuType\":\"C\",\"perms\":\"mall:orderinfo:index\",\"status\":\"0\"}', '{\"msg\":\"操作成功\",\"code\":200}', 0, NULL, '2021-01-27 00:07:45');
INSERT INTO `sys_oper_log` VALUES (157, '菜单管理', 1, 'com.joolun.web.controller.system.SysMenuController.add()', 'POST', 1, 'admin', NULL, '/system/menu', '127.0.0.1', '内网IP', '{\"visible\":\"0\",\"orderNum\":\"0\",\"menuName\":\"订单查询\",\"params\":{},\"parentId\":2044,\"isCache\":\"0\",\"createBy\":\"admin\",\"children\":[],\"isFrame\":\"1\",\"menuType\":\"F\",\"perms\":\"mall:orderinfo:get\",\"status\":\"0\"}', '{\"msg\":\"操作成功\",\"code\":200}', 0, NULL, '2021-01-27 00:08:28');
INSERT INTO `sys_oper_log` VALUES (158, '菜单管理', 1, 'com.joolun.web.controller.system.SysMenuController.add()', 'POST', 1, 'admin', NULL, '/system/menu', '127.0.0.1', '内网IP', '{\"visible\":\"0\",\"orderNum\":\"0\",\"menuName\":\"商城订单修改\",\"params\":{},\"parentId\":2044,\"isCache\":\"0\",\"createBy\":\"admin\",\"children\":[],\"isFrame\":\"1\",\"menuType\":\"F\",\"perms\":\"mall:orderinfo:edit\",\"status\":\"0\"}', '{\"msg\":\"操作成功\",\"code\":200}', 0, NULL, '2021-01-28 22:38:59');
INSERT INTO `sys_oper_log` VALUES (159, '菜单管理', 1, 'com.joolun.web.controller.system.SysMenuController.add()', 'POST', 1, 'admin', NULL, '/system/menu', '127.0.0.1', '内网IP', '{\"visible\":\"0\",\"orderNum\":\"0\",\"menuName\":\"商城订单新增\",\"params\":{},\"parentId\":2044,\"isCache\":\"0\",\"createBy\":\"admin\",\"children\":[],\"isFrame\":\"1\",\"menuType\":\"F\",\"perms\":\"mall:orderinfo:add\",\"status\":\"0\"}', '{\"msg\":\"操作成功\",\"code\":200}', 0, NULL, '2021-01-28 22:39:21');
INSERT INTO `sys_oper_log` VALUES (160, '菜单管理', 1, 'com.joolun.web.controller.system.SysMenuController.add()', 'POST', 1, 'admin', NULL, '/system/menu', '127.0.0.1', '内网IP', '{\"visible\":\"0\",\"orderNum\":\"0\",\"menuName\":\"商城订单删除\",\"params\":{},\"parentId\":2044,\"isCache\":\"0\",\"createBy\":\"admin\",\"children\":[],\"isFrame\":\"1\",\"menuType\":\"F\",\"perms\":\"mall:orderinfo:del\",\"status\":\"0\"}', '{\"msg\":\"操作成功\",\"code\":200}', 0, NULL, '2021-01-28 22:39:41');
INSERT INTO `sys_oper_log` VALUES (161, '菜单管理', 1, 'com.joolun.web.controller.system.SysMenuController.add()', 'POST', 1, 'admin', NULL, '/system/menu', '127.0.0.1', '内网IP', '{\"visible\":\"0\",\"icon\":\"phone\",\"orderNum\":\"3\",\"menuName\":\"小程序管理\",\"params\":{},\"parentId\":0,\"isCache\":\"0\",\"path\":\"wxma\",\"createBy\":\"admin\",\"children\":[],\"isFrame\":\"1\",\"menuType\":\"M\",\"status\":\"0\"}', '{\"msg\":\"操作成功\",\"code\":200}', 0, NULL, '2021-01-28 23:45:04');
INSERT INTO `sys_oper_log` VALUES (162, '菜单管理', 1, 'com.joolun.web.controller.system.SysMenuController.add()', 'POST', 1, 'admin', NULL, '/system/menu', '127.0.0.1', '内网IP', '{\"visible\":\"0\",\"icon\":\"peoples\",\"orderNum\":\"10\",\"menuName\":\"小程序用户\",\"params\":{},\"parentId\":2049,\"isCache\":\"0\",\"path\":\"wxuser-ma\",\"component\":\"wxma/wxuser/index\",\"createBy\":\"admin\",\"children\":[],\"isFrame\":\"1\",\"menuType\":\"C\",\"perms\":\"wxmp:wxuser:index\",\"status\":\"0\"}', '{\"msg\":\"操作成功\",\"code\":200}', 0, NULL, '2021-01-28 23:54:34');
INSERT INTO `sys_oper_log` VALUES (163, '菜单管理', 1, 'com.joolun.web.controller.system.SysMenuController.add()', 'POST', 1, 'admin', NULL, '/system/menu', '127.0.0.1', '内网IP', '{\"visible\":\"0\",\"orderNum\":\"0\",\"menuName\":\"小程序用户查询\",\"params\":{},\"parentId\":2050,\"isCache\":\"0\",\"createBy\":\"admin\",\"children\":[],\"isFrame\":\"1\",\"menuType\":\"F\",\"perms\":\"wxmp:wxuser:get\",\"status\":\"0\"}', '{\"msg\":\"操作成功\",\"code\":200}', 0, NULL, '2021-01-28 23:57:07');
INSERT INTO `sys_oper_log` VALUES (164, '用户头像', 2, 'com.joolun.web.controller.system.SysProfileController.avatar()', 'POST', 1, 'admin', NULL, '/system/user/profile/avatar', '127.0.0.1', '内网IP', '', '{\"msg\":\"操作成功\",\"imgUrl\":\"/profile/avatar/2021/02/06/2899f110-5b01-4abb-b54c-61643f32bc86.jpeg\",\"code\":200}', 0, NULL, '2021-02-06 10:59:37');
INSERT INTO `sys_oper_log` VALUES (165, '角色管理', 2, 'com.joolun.web.controller.system.SysRoleController.edit()', 'PUT', 1, 'admin', NULL, '/system/role', '127.0.0.1', '内网IP', '{\"flag\":false,\"roleId\":2,\"admin\":false,\"remark\":\"普通角色\",\"dataScope\":\"2\",\"delFlag\":\"0\",\"params\":{},\"roleSort\":\"2\",\"deptCheckStrictly\":true,\"createTime\":1610609953000,\"updateBy\":\"admin\",\"menuCheckStrictly\":true,\"roleKey\":\"common\",\"roleName\":\"普通角色\",\"menuIds\":[4,2000,2008,2009,2001,2002,2010,2011,2012,2013,2014,2015,2016,2003,2017,2018,2019,2020,2004,2021,2022,2023,2024,2005,2025,2006,2026,2027,2028,2029,2007,2049,2050,2051,2033,2034,2035,2036,2037,2038,2039,2040,2041,2042,2043,2044,2045,2046,2047,2048,1,100,1001,1002,1003,1004,1005,1006,1007,101,1008,1009,1010,1011,1012,102,1013,1014,1015,1016,103,1017,1018,1019,1020,104,1021,1022,1023,1024,1025,105,1026,1027,1028,1029,1030,106,1031,1032,1033,1034,1035,107,1036,1037,1038,1039,108,500,1040,1041,1042,501,1043,1044,1045,2,109,1046,1047,1048,110,1049,1050,1051,1052,1053,1054,111,112,113,3,114,115,1055,1056,1058,1057,1059,1060,116],\"status\":\"0\"}', '{\"msg\":\"操作成功\",\"code\":200}', 0, NULL, '2021-02-21 09:34:29');
INSERT INTO `sys_oper_log` VALUES (166, '菜单管理', 1, 'com.joolun.web.controller.system.SysMenuController.add()', 'POST', 1, 'admin', NULL, '/system/menu', '127.0.0.1', '内网IP', '{\"visible\":\"0\",\"icon\":\"guide\",\"orderNum\":\"44\",\"menuName\":\"草稿箱\",\"params\":{},\"parentId\":4,\"isCache\":\"0\",\"path\":\"views/wxmp/wxdraft/index.vue\",\"createBy\":\"admin\",\"children\":[],\"isFrame\":\"1\",\"menuType\":\"C\",\"status\":\"0\"}', '{\"msg\":\"操作成功\",\"code\":200}', 0, NULL, '2022-03-29 14:48:47');
INSERT INTO `sys_oper_log` VALUES (167, '菜单管理', 2, 'com.joolun.web.controller.system.SysMenuController.edit()', 'PUT', 1, 'admin', NULL, '/system/menu', '127.0.0.1', '内网IP', '{\"visible\":\"0\",\"icon\":\"guide\",\"orderNum\":\"44\",\"menuName\":\"草稿箱\",\"params\":{},\"parentId\":4,\"isCache\":\"0\",\"path\":\"wxdraft\",\"component\":\"wxmp/wxdraft/index\",\"children\":[],\"createTime\":1648536527000,\"updateBy\":\"admin\",\"isFrame\":\"1\",\"menuId\":2052,\"menuType\":\"C\",\"perms\":\"\",\"status\":\"0\"}', '{\"msg\":\"操作成功\",\"code\":200}', 0, NULL, '2022-03-29 14:49:15');
INSERT INTO `sys_oper_log` VALUES (168, '菜单管理', 1, 'com.joolun.web.controller.system.SysMenuController.add()', 'POST', 1, 'admin', NULL, '/system/menu', '127.0.0.1', '内网IP', '{\"visible\":\"1\",\"orderNum\":\"0\",\"menuName\":\"新增草稿箱\",\"params\":{},\"parentId\":2052,\"isCache\":\"0\",\"createBy\":\"admin\",\"children\":[],\"isFrame\":\"1\",\"menuType\":\"F\",\"perms\":\"wxmp:wxdraft:add\",\"status\":\"0\"}', '{\"msg\":\"操作成功\",\"code\":200}', 0, NULL, '2022-03-29 14:50:13');
INSERT INTO `sys_oper_log` VALUES (169, '菜单管理', 1, 'com.joolun.web.controller.system.SysMenuController.add()', 'POST', 1, 'admin', NULL, '/system/menu', '127.0.0.1', '内网IP', '{\"visible\":\"0\",\"orderNum\":\"0\",\"menuName\":\"修改草稿箱\",\"params\":{},\"parentId\":2052,\"isCache\":\"0\",\"createBy\":\"admin\",\"children\":[],\"isFrame\":\"1\",\"menuType\":\"F\",\"perms\":\"wxmp:wxdraft:edit\",\"status\":\"0\"}', '{\"msg\":\"操作成功\",\"code\":200}', 0, NULL, '2022-03-29 14:50:28');
INSERT INTO `sys_oper_log` VALUES (170, '菜单管理', 1, 'com.joolun.web.controller.system.SysMenuController.add()', 'POST', 1, 'admin', NULL, '/system/menu', '127.0.0.1', '内网IP', '{\"visible\":\"0\",\"orderNum\":\"0\",\"menuName\":\"删除草稿箱\",\"params\":{},\"parentId\":2052,\"isCache\":\"0\",\"createBy\":\"admin\",\"children\":[],\"isFrame\":\"1\",\"menuType\":\"F\",\"perms\":\"wxmp:wxdraft:del\",\"status\":\"0\"}', '{\"msg\":\"操作成功\",\"code\":200}', 0, NULL, '2022-03-29 14:50:41');
INSERT INTO `sys_oper_log` VALUES (171, '菜单管理', 1, 'com.joolun.web.controller.system.SysMenuController.add()', 'POST', 1, 'admin', NULL, '/system/menu', '127.0.0.1', '内网IP', '{\"visible\":\"0\",\"orderNum\":\"0\",\"menuName\":\"草稿箱列表\",\"params\":{},\"parentId\":2052,\"isCache\":\"0\",\"createBy\":\"admin\",\"children\":[],\"isFrame\":\"1\",\"menuType\":\"F\",\"perms\":\"wxmp:wxdraft:index\",\"status\":\"0\"}', '{\"msg\":\"操作成功\",\"code\":200}', 0, NULL, '2022-03-29 14:50:57');
INSERT INTO `sys_oper_log` VALUES (172, '菜单管理', 1, 'com.joolun.web.controller.system.SysMenuController.add()', 'POST', 1, 'admin', NULL, '/system/menu', '127.0.0.1', '内网IP', '{\"visible\":\"0\",\"orderNum\":\"0\",\"menuName\":\"发布草稿\",\"params\":{},\"parentId\":2052,\"isCache\":\"0\",\"createBy\":\"admin\",\"children\":[],\"isFrame\":\"1\",\"menuType\":\"F\",\"perms\":\"wxmp:wxdraft:publish\",\"status\":\"0\"}', '{\"msg\":\"操作成功\",\"code\":200}', 0, NULL, '2022-03-29 14:51:14');
INSERT INTO `sys_oper_log` VALUES (173, '菜单管理', 3, 'com.joolun.web.controller.system.SysMenuController.remove()', 'DELETE', 1, 'admin', NULL, '/system/menu/2056', '127.0.0.1', '内网IP', '{menuId=2056}', '{\"msg\":\"操作成功\",\"code\":200}', 0, NULL, '2022-03-29 14:51:23');
INSERT INTO `sys_oper_log` VALUES (174, '菜单管理', 2, 'com.joolun.web.controller.system.SysMenuController.edit()', 'PUT', 1, 'admin', NULL, '/system/menu', '127.0.0.1', '内网IP', '{\"visible\":\"0\",\"icon\":\"guide\",\"orderNum\":\"44\",\"menuName\":\"草稿箱\",\"params\":{},\"parentId\":4,\"isCache\":\"0\",\"path\":\"wxdraft\",\"component\":\"wxmp/wxdraft/index\",\"children\":[],\"createTime\":1648536527000,\"updateBy\":\"admin\",\"isFrame\":\"1\",\"menuId\":2052,\"menuType\":\"C\",\"perms\":\"\\t wxmp:wxdraft:index\",\"status\":\"0\"}', '{\"msg\":\"操作成功\",\"code\":200}', 0, NULL, '2022-03-29 14:51:31');
INSERT INTO `sys_oper_log` VALUES (175, '菜单管理', 1, 'com.joolun.web.controller.system.SysMenuController.add()', 'POST', 1, 'admin', NULL, '/system/menu', '127.0.0.1', '内网IP', '{\"visible\":\"0\",\"icon\":\"clipboard\",\"orderNum\":\"46\",\"menuName\":\"已发布\",\"params\":{},\"parentId\":4,\"isCache\":\"0\",\"path\":\"wxfreepublish\",\"component\":\"wxmp/wxfreepublish/index\",\"createBy\":\"admin\",\"children\":[],\"isFrame\":\"1\",\"menuType\":\"C\",\"perms\":\"wxmp:wxfreepublish:index\",\"status\":\"0\"}', '{\"msg\":\"操作成功\",\"code\":200}', 0, NULL, '2022-03-29 14:52:44');
INSERT INTO `sys_oper_log` VALUES (176, '菜单管理', 1, 'com.joolun.web.controller.system.SysMenuController.add()', 'POST', 1, 'admin', NULL, '/system/menu', '127.0.0.1', '内网IP', '{\"visible\":\"0\",\"orderNum\":\"0\",\"menuName\":\"删除已发布\",\"params\":{},\"parentId\":2058,\"isCache\":\"0\",\"createBy\":\"admin\",\"children\":[],\"isFrame\":\"1\",\"menuType\":\"F\",\"perms\":\"wxmp:wxfreepublish:del\",\"status\":\"0\"}', '{\"msg\":\"操作成功\",\"code\":200}', 0, NULL, '2022-03-29 14:52:57');
INSERT INTO `sys_oper_log` VALUES (177, '角色管理', 2, 'com.joolun.web.controller.system.SysRoleController.edit()', 'PUT', 1, 'admin', NULL, '/system/role', '127.0.0.1', '内网IP', '{\"flag\":false,\"roleId\":2,\"admin\":false,\"remark\":\"普通角色\",\"dataScope\":\"2\",\"delFlag\":\"0\",\"params\":{},\"roleSort\":\"2\",\"deptCheckStrictly\":true,\"createTime\":1610609953000,\"updateBy\":\"admin\",\"menuCheckStrictly\":true,\"roleKey\":\"common\",\"roleName\":\"普通角色\",\"menuIds\":[4,2000,2008,2009,2001,2002,2010,2011,2012,2013,2014,2015,2016,2003,2017,2018,2019,2020,2004,2021,2022,2023,2024,2052,2053,2054,2055,2057,2058,2059,2005,2025,2006,2026,2027,2028,2029,2007,2049,2050,2051,2033,2034,2035,2036,2037,2038,2039,2040,2041,2042,2043,2044,2045,2046,2047,2048,1,100,1001,1002,1003,1004,1005,1006,1007,101,1008,1009,1010,1011,1012,102,1013,1014,1015,1016,103,1017,1018,1019,1020,104,1021,1022,1023,1024,1025,105,1026,1027,1028,1029,1030,106,1031,1032,1033,1034,1035,107,1036,1037,1038,1039,108,500,1040,1041,1042,501,1043,1044,1045,2,109,1046,1047,1048,110,1049,1050,1051,1052,1053,1054,111,112,113,3,114,115,1055,1056,1058,1057,1059,1060,116],\"status\":\"0\"}', '{\"msg\":\"操作成功\",\"code\":200}', 0, NULL, '2022-03-31 16:52:51');
INSERT INTO `sys_oper_log` VALUES (178, '定时任务', 3, 'com.joolun.quartz.controller.SysJobController.remove()', 'DELETE', 1, 'admin', NULL, '/monitor/job/1,2,3', '127.0.0.1', '内网IP', '{jobIds=1,2,3}', '{\"msg\":\"操作成功\",\"code\":200}', 0, NULL, '2023-03-22 10:10:44');
INSERT INTO `sys_oper_log` VALUES (179, '菜单管理', 3, 'com.joolun.web.controller.system.SysMenuController.remove()', 'DELETE', 1, 'admin', NULL, '/system/menu/4', '127.0.0.1', '内网IP', '{menuId=4}', '{\"msg\":\"存在子菜单,不允许删除\",\"code\":500}', 0, NULL, '2023-09-06 14:23:26');
INSERT INTO `sys_oper_log` VALUES (180, '菜单管理', 3, 'com.joolun.web.controller.system.SysMenuController.remove()', 'DELETE', 1, 'admin', NULL, '/system/menu/2000', '127.0.0.1', '内网IP', '{menuId=2000}', '{\"msg\":\"存在子菜单,不允许删除\",\"code\":500}', 0, NULL, '2023-09-06 14:23:32');
INSERT INTO `sys_oper_log` VALUES (181, '菜单管理', 3, 'com.joolun.web.controller.system.SysMenuController.remove()', 'DELETE', 1, 'admin', NULL, '/system/menu/2008', '127.0.0.1', '内网IP', '{menuId=2008}', '{\"msg\":\"菜单已分配,不允许删除\",\"code\":500}', 0, NULL, '2023-09-06 14:23:37');
INSERT INTO `sys_oper_log` VALUES (182, '用户管理', 3, 'com.joolun.web.controller.system.SysUserController.remove()', 'DELETE', 1, 'admin', NULL, '/system/user/100', '127.0.0.1', '内网IP', '{userIds=100}', '{\"msg\":\"操作成功\",\"code\":200}', 0, NULL, '2023-09-06 14:23:52');
INSERT INTO `sys_oper_log` VALUES (183, '用户管理', 2, 'com.joolun.web.controller.system.SysUserController.edit()', 'PUT', 1, 'admin', NULL, '/system/user', '127.0.0.1', '内网IP', '{\"roles\":[{\"flag\":false,\"roleId\":1,\"admin\":true,\"dataScope\":\"1\",\"params\":{},\"roleSort\":\"1\",\"deptCheckStrictly\":false,\"menuCheckStrictly\":false,\"roleKey\":\"admin\",\"roleName\":\"超级管理员\",\"status\":\"0\"}],\"phonenumber\":\"15888888888\",\"admin\":true,\"loginDate\":1610609953000,\"remark\":\"管理员\",\"delFlag\":\"0\",\"password\":\"\",\"postIds\":[1],\"loginIp\":\"127.0.0.1\",\"email\":\"\",\"nickName\":\"admin\",\"sex\":\"1\",\"deptId\":103,\"avatar\":\"/profile/avatar/2021/02/06/2899f110-5b01-4abb-b54c-61643f32bc86.jpeg\",\"dept\":{\"deptName\":\"研发部门\",\"leader\":\"JooLun\",\"deptId\":103,\"orderNum\":\"1\",\"params\":{},\"parentId\":101,\"children\":[],\"status\":\"0\"},\"params\":{},\"userName\":\"admin\",\"userId\":1,\"createBy\":\"admin\",\"roleIds\":[1],\"createTime\":1610609953000,\"status\":\"0\"}', 'null', 1, '不允许操作超级管理员用户', '2023-09-06 14:24:07');
INSERT INTO `sys_oper_log` VALUES (184, '部门管理', 3, 'com.joolun.web.controller.system.SysDeptController.remove()', 'DELETE', 1, 'admin', NULL, '/system/dept/102', '127.0.0.1', '内网IP', '{deptId=102}', '{\"msg\":\"存在下级部门,不允许删除\",\"code\":500}', 0, NULL, '2023-09-06 14:24:33');
INSERT INTO `sys_oper_log` VALUES (185, '部门管理', 3, 'com.joolun.web.controller.system.SysDeptController.remove()', 'DELETE', 1, 'admin', NULL, '/system/dept/108', '127.0.0.1', '内网IP', '{deptId=108}', '{\"msg\":\"操作成功\",\"code\":200}', 0, NULL, '2023-09-06 14:24:35');
INSERT INTO `sys_oper_log` VALUES (186, '部门管理', 3, 'com.joolun.web.controller.system.SysDeptController.remove()', 'DELETE', 1, 'admin', NULL, '/system/dept/109', '127.0.0.1', '内网IP', '{deptId=109}', '{\"msg\":\"操作成功\",\"code\":200}', 0, NULL, '2023-09-06 14:24:38');
INSERT INTO `sys_oper_log` VALUES (187, '部门管理', 3, 'com.joolun.web.controller.system.SysDeptController.remove()', 'DELETE', 1, 'admin', NULL, '/system/dept/102', '127.0.0.1', '内网IP', '{deptId=102}', '{\"msg\":\"操作成功\",\"code\":200}', 0, NULL, '2023-09-06 14:24:40');
INSERT INTO `sys_oper_log` VALUES (188, '部门管理', 3, 'com.joolun.web.controller.system.SysDeptController.remove()', 'DELETE', 1, 'admin', NULL, '/system/dept/106', '127.0.0.1', '内网IP', '{deptId=106}', '{\"msg\":\"操作成功\",\"code\":200}', 0, NULL, '2023-09-06 14:24:46');
INSERT INTO `sys_oper_log` VALUES (189, '部门管理', 3, 'com.joolun.web.controller.system.SysDeptController.remove()', 'DELETE', 1, 'admin', NULL, '/system/dept/107', '127.0.0.1', '内网IP', '{deptId=107}', '{\"msg\":\"操作成功\",\"code\":200}', 0, NULL, '2023-09-06 14:24:49');
INSERT INTO `sys_oper_log` VALUES (190, '部门管理', 3, 'com.joolun.web.controller.system.SysDeptController.remove()', 'DELETE', 1, 'admin', NULL, '/system/dept/105', '127.0.0.1', '内网IP', '{deptId=105}', '{\"msg\":\"操作成功\",\"code\":200}', 0, NULL, '2023-09-06 14:24:51');
INSERT INTO `sys_oper_log` VALUES (191, '部门管理', 2, 'com.joolun.web.controller.system.SysDeptController.edit()', 'PUT', 1, 'admin', NULL, '/system/dept', '127.0.0.1', '内网IP', '{\"deptName\":\"杭州总公司\",\"leader\":\"admin\",\"deptId\":101,\"orderNum\":\"1\",\"delFlag\":\"0\",\"params\":{},\"parentId\":100,\"createBy\":\"admin\",\"children\":[],\"createTime\":1610609953000,\"phone\":\"15888888888\",\"updateBy\":\"admin\",\"ancestors\":\"0,100\",\"email\":\"admin@qq.com\",\"status\":\"0\"}', '{\"msg\":\"操作成功\",\"code\":200}', 0, NULL, '2023-09-06 14:25:34');
INSERT INTO `sys_oper_log` VALUES (192, '部门管理', 2, 'com.joolun.web.controller.system.SysDeptController.edit()', 'PUT', 1, 'admin', NULL, '/system/dept', '127.0.0.1', '内网IP', '{\"deptName\":\"admin\",\"leader\":\"admin\",\"deptId\":100,\"orderNum\":\"0\",\"delFlag\":\"0\",\"params\":{},\"parentId\":0,\"createBy\":\"admin\",\"children\":[],\"createTime\":1610609953000,\"phone\":\"15888888888\",\"updateBy\":\"admin\",\"ancestors\":\"0\",\"email\":\"admin@qq.com\",\"status\":\"0\"}', '{\"msg\":\"操作成功\",\"code\":200}', 0, NULL, '2023-09-06 14:25:46');
INSERT INTO `sys_oper_log` VALUES (193, '部门管理', 2, 'com.joolun.web.controller.system.SysDeptController.edit()', 'PUT', 1, 'admin', NULL, '/system/dept', '127.0.0.1', '内网IP', '{\"deptName\":\"研发部门\",\"leader\":\"admin\",\"deptId\":103,\"orderNum\":\"1\",\"delFlag\":\"0\",\"params\":{},\"parentId\":101,\"createBy\":\"admin\",\"children\":[],\"createTime\":1610609953000,\"phone\":\"15888888888\",\"updateBy\":\"admin\",\"ancestors\":\"0,100,101\",\"email\":\"admin@qq.com\",\"status\":\"0\"}', '{\"msg\":\"操作成功\",\"code\":200}', 0, NULL, '2023-09-06 14:26:03');
INSERT INTO `sys_oper_log` VALUES (194, '部门管理', 2, 'com.joolun.web.controller.system.SysDeptController.edit()', 'PUT', 1, 'admin', NULL, '/system/dept', '127.0.0.1', '内网IP', '{\"deptName\":\"市场部门\",\"leader\":\"admin\",\"deptId\":104,\"orderNum\":\"2\",\"delFlag\":\"0\",\"params\":{},\"parentId\":101,\"createBy\":\"admin\",\"children\":[],\"createTime\":1610609953000,\"phone\":\"15888888888\",\"updateBy\":\"admin\",\"ancestors\":\"0,100,101\",\"email\":\"admin@qq.com\",\"status\":\"0\"}', '{\"msg\":\"操作成功\",\"code\":200}', 0, NULL, '2023-09-06 14:26:10');
INSERT INTO `sys_oper_log` VALUES (195, '角色管理', 2, 'com.joolun.web.controller.system.SysRoleController.edit()', 'PUT', 1, 'admin', NULL, '/system/role', '127.0.0.1', '内网IP', '{\"flag\":false,\"roleId\":2,\"admin\":false,\"remark\":\"普通角色\",\"dataScope\":\"2\",\"delFlag\":\"0\",\"params\":{},\"roleSort\":\"2\",\"deptCheckStrictly\":true,\"createTime\":1610609953000,\"updateBy\":\"admin\",\"menuCheckStrictly\":true,\"roleKey\":\"common\",\"roleName\":\"普通角色\",\"menuIds\":[2049,2050,2051,2033,2034,2035,2036,2037,2038,2039,2040,2041,2042,2043,2044,2045,2046,2047,2048,1,100,1001,1002,1003,1004,1005,1006,1007,101,1008,1009,1010,1011,1012,102,1013,1014,1015,1016,103,1017,1018,1019,1020,104,1021,1022,1023,1024,1025,105,1026,1027,1028,1029,1030,106,1031,1032,1033,1034,1035,107,1036,1037,1038,1039,108,500,1040,1041,1042,501,1043,1044,1045,2,109,1046,1047,1048,110,1049,1050,1051,1052,1053,1054,111,112,113,3,114,115,1055,1056,1058,1057,1059,1060,116],\"status\":\"0\"}', '{\"msg\":\"操作成功\",\"code\":200}', 0, NULL, '2023-09-06 14:27:09');
INSERT INTO `sys_oper_log` VALUES (196, '菜单管理', 3, 'com.joolun.web.controller.system.SysMenuController.remove()', 'DELETE', 1, 'admin', NULL, '/system/menu/2008', '127.0.0.1', '内网IP', '{menuId=2008}', '{\"msg\":\"操作成功\",\"code\":200}', 0, NULL, '2023-09-06 14:27:43');
INSERT INTO `sys_oper_log` VALUES (197, '菜单管理', 3, 'com.joolun.web.controller.system.SysMenuController.remove()', 'DELETE', 1, 'admin', NULL, '/system/menu/2009', '127.0.0.1', '内网IP', '{menuId=2009}', '{\"msg\":\"操作成功\",\"code\":200}', 0, NULL, '2023-09-06 14:27:47');
INSERT INTO `sys_oper_log` VALUES (198, '菜单管理', 3, 'com.joolun.web.controller.system.SysMenuController.remove()', 'DELETE', 1, 'admin', NULL, '/system/menu/2001', '127.0.0.1', '内网IP', '{menuId=2001}', '{\"msg\":\"操作成功\",\"code\":200}', 0, NULL, '2023-09-06 14:27:49');
INSERT INTO `sys_oper_log` VALUES (199, '菜单管理', 3, 'com.joolun.web.controller.system.SysMenuController.remove()', 'DELETE', 1, 'admin', NULL, '/system/menu/2000', '127.0.0.1', '内网IP', '{menuId=2000}', '{\"msg\":\"操作成功\",\"code\":200}', 0, NULL, '2023-09-06 14:27:51');
INSERT INTO `sys_oper_log` VALUES (200, '菜单管理', 3, 'com.joolun.web.controller.system.SysMenuController.remove()', 'DELETE', 1, 'admin', NULL, '/system/menu/2002', '127.0.0.1', '内网IP', '{menuId=2002}', '{\"msg\":\"存在子菜单,不允许删除\",\"code\":500}', 0, NULL, '2023-09-06 14:27:54');
INSERT INTO `sys_oper_log` VALUES (201, '菜单管理', 3, 'com.joolun.web.controller.system.SysMenuController.remove()', 'DELETE', 1, 'admin', NULL, '/system/menu/2010', '127.0.0.1', '内网IP', '{menuId=2010}', '{\"msg\":\"操作成功\",\"code\":200}', 0, NULL, '2023-09-06 14:27:59');
INSERT INTO `sys_oper_log` VALUES (202, '菜单管理', 3, 'com.joolun.web.controller.system.SysMenuController.remove()', 'DELETE', 1, 'admin', NULL, '/system/menu/2011', '127.0.0.1', '内网IP', '{menuId=2011}', '{\"msg\":\"操作成功\",\"code\":200}', 0, NULL, '2023-09-06 14:28:02');
INSERT INTO `sys_oper_log` VALUES (203, '菜单管理', 3, 'com.joolun.web.controller.system.SysMenuController.remove()', 'DELETE', 1, 'admin', NULL, '/system/menu/2012', '127.0.0.1', '内网IP', '{menuId=2012}', '{\"msg\":\"操作成功\",\"code\":200}', 0, NULL, '2023-09-06 14:28:04');
INSERT INTO `sys_oper_log` VALUES (204, '菜单管理', 3, 'com.joolun.web.controller.system.SysMenuController.remove()', 'DELETE', 1, 'admin', NULL, '/system/menu/2013', '127.0.0.1', '内网IP', '{menuId=2013}', '{\"msg\":\"操作成功\",\"code\":200}', 0, NULL, '2023-09-06 14:28:12');
INSERT INTO `sys_oper_log` VALUES (205, '菜单管理', 3, 'com.joolun.web.controller.system.SysMenuController.remove()', 'DELETE', 1, 'admin', NULL, '/system/menu/2014', '127.0.0.1', '内网IP', '{menuId=2014}', '{\"msg\":\"操作成功\",\"code\":200}', 0, NULL, '2023-09-06 14:28:15');
INSERT INTO `sys_oper_log` VALUES (206, '菜单管理', 3, 'com.joolun.web.controller.system.SysMenuController.remove()', 'DELETE', 1, 'admin', NULL, '/system/menu/2015', '127.0.0.1', '内网IP', '{menuId=2015}', '{\"msg\":\"操作成功\",\"code\":200}', 0, NULL, '2023-09-06 14:28:18');
INSERT INTO `sys_oper_log` VALUES (207, '菜单管理', 3, 'com.joolun.web.controller.system.SysMenuController.remove()', 'DELETE', 1, 'admin', NULL, '/system/menu/2016', '127.0.0.1', '内网IP', '{menuId=2016}', '{\"msg\":\"操作成功\",\"code\":200}', 0, NULL, '2023-09-06 14:28:22');
INSERT INTO `sys_oper_log` VALUES (208, '菜单管理', 3, 'com.joolun.web.controller.system.SysMenuController.remove()', 'DELETE', 1, 'admin', NULL, '/system/menu/2002', '127.0.0.1', '内网IP', '{menuId=2002}', '{\"msg\":\"操作成功\",\"code\":200}', 0, NULL, '2023-09-06 14:28:25');
INSERT INTO `sys_oper_log` VALUES (209, '菜单管理', 3, 'com.joolun.web.controller.system.SysMenuController.remove()', 'DELETE', 1, 'admin', NULL, '/system/menu/2017', '127.0.0.1', '内网IP', '{menuId=2017}', '{\"msg\":\"操作成功\",\"code\":200}', 0, NULL, '2023-09-06 14:28:30');
INSERT INTO `sys_oper_log` VALUES (210, '菜单管理', 3, 'com.joolun.web.controller.system.SysMenuController.remove()', 'DELETE', 1, 'admin', NULL, '/system/menu/2018', '127.0.0.1', '内网IP', '{menuId=2018}', '{\"msg\":\"操作成功\",\"code\":200}', 0, NULL, '2023-09-06 14:28:32');
INSERT INTO `sys_oper_log` VALUES (211, '菜单管理', 3, 'com.joolun.web.controller.system.SysMenuController.remove()', 'DELETE', 1, 'admin', NULL, '/system/menu/2019', '127.0.0.1', '内网IP', '{menuId=2019}', '{\"msg\":\"操作成功\",\"code\":200}', 0, NULL, '2023-09-06 14:28:35');
INSERT INTO `sys_oper_log` VALUES (212, '菜单管理', 3, 'com.joolun.web.controller.system.SysMenuController.remove()', 'DELETE', 1, 'admin', NULL, '/system/menu/2020', '127.0.0.1', '内网IP', '{menuId=2020}', '{\"msg\":\"操作成功\",\"code\":200}', 0, NULL, '2023-09-06 14:28:37');
INSERT INTO `sys_oper_log` VALUES (213, '菜单管理', 3, 'com.joolun.web.controller.system.SysMenuController.remove()', 'DELETE', 1, 'admin', NULL, '/system/menu/2003', '127.0.0.1', '内网IP', '{menuId=2003}', '{\"msg\":\"操作成功\",\"code\":200}', 0, NULL, '2023-09-06 14:28:40');
INSERT INTO `sys_oper_log` VALUES (214, '菜单管理', 3, 'com.joolun.web.controller.system.SysMenuController.remove()', 'DELETE', 1, 'admin', NULL, '/system/menu/2021', '127.0.0.1', '内网IP', '{menuId=2021}', '{\"msg\":\"操作成功\",\"code\":200}', 0, NULL, '2023-09-06 14:28:45');
INSERT INTO `sys_oper_log` VALUES (215, '菜单管理', 3, 'com.joolun.web.controller.system.SysMenuController.remove()', 'DELETE', 1, 'admin', NULL, '/system/menu/2022', '127.0.0.1', '内网IP', '{menuId=2022}', '{\"msg\":\"操作成功\",\"code\":200}', 0, NULL, '2023-09-06 14:28:47');
INSERT INTO `sys_oper_log` VALUES (216, '菜单管理', 3, 'com.joolun.web.controller.system.SysMenuController.remove()', 'DELETE', 1, 'admin', NULL, '/system/menu/2023', '127.0.0.1', '内网IP', '{menuId=2023}', '{\"msg\":\"操作成功\",\"code\":200}', 0, NULL, '2023-09-06 14:28:49');
INSERT INTO `sys_oper_log` VALUES (217, '菜单管理', 3, 'com.joolun.web.controller.system.SysMenuController.remove()', 'DELETE', 1, 'admin', NULL, '/system/menu/2024', '127.0.0.1', '内网IP', '{menuId=2024}', '{\"msg\":\"操作成功\",\"code\":200}', 0, NULL, '2023-09-06 14:28:51');
INSERT INTO `sys_oper_log` VALUES (218, '菜单管理', 3, 'com.joolun.web.controller.system.SysMenuController.remove()', 'DELETE', 1, 'admin', NULL, '/system/menu/2004', '127.0.0.1', '内网IP', '{menuId=2004}', '{\"msg\":\"操作成功\",\"code\":200}', 0, NULL, '2023-09-06 14:29:01');
INSERT INTO `sys_oper_log` VALUES (219, '菜单管理', 3, 'com.joolun.web.controller.system.SysMenuController.remove()', 'DELETE', 1, 'admin', NULL, '/system/menu/2053', '127.0.0.1', '内网IP', '{menuId=2053}', '{\"msg\":\"操作成功\",\"code\":200}', 0, NULL, '2023-09-06 14:29:06');
INSERT INTO `sys_oper_log` VALUES (220, '菜单管理', 3, 'com.joolun.web.controller.system.SysMenuController.remove()', 'DELETE', 1, 'admin', NULL, '/system/menu/2054', '127.0.0.1', '内网IP', '{menuId=2054}', '{\"msg\":\"操作成功\",\"code\":200}', 0, NULL, '2023-09-06 14:29:08');
INSERT INTO `sys_oper_log` VALUES (221, '菜单管理', 3, 'com.joolun.web.controller.system.SysMenuController.remove()', 'DELETE', 1, 'admin', NULL, '/system/menu/2055', '127.0.0.1', '内网IP', '{menuId=2055}', '{\"msg\":\"操作成功\",\"code\":200}', 0, NULL, '2023-09-06 14:29:09');
INSERT INTO `sys_oper_log` VALUES (222, '菜单管理', 3, 'com.joolun.web.controller.system.SysMenuController.remove()', 'DELETE', 1, 'admin', NULL, '/system/menu/2057', '127.0.0.1', '内网IP', '{menuId=2057}', '{\"msg\":\"操作成功\",\"code\":200}', 0, NULL, '2023-09-06 14:29:11');
INSERT INTO `sys_oper_log` VALUES (223, '菜单管理', 3, 'com.joolun.web.controller.system.SysMenuController.remove()', 'DELETE', 1, 'admin', NULL, '/system/menu/2052', '127.0.0.1', '内网IP', '{menuId=2052}', '{\"msg\":\"操作成功\",\"code\":200}', 0, NULL, '2023-09-06 14:29:12');
INSERT INTO `sys_oper_log` VALUES (224, '菜单管理', 3, 'com.joolun.web.controller.system.SysMenuController.remove()', 'DELETE', 1, 'admin', NULL, '/system/menu/2059', '127.0.0.1', '内网IP', '{menuId=2059}', '{\"msg\":\"操作成功\",\"code\":200}', 0, NULL, '2023-09-06 14:29:16');
INSERT INTO `sys_oper_log` VALUES (225, '菜单管理', 3, 'com.joolun.web.controller.system.SysMenuController.remove()', 'DELETE', 1, 'admin', NULL, '/system/menu/2058', '127.0.0.1', '内网IP', '{menuId=2058}', '{\"msg\":\"操作成功\",\"code\":200}', 0, NULL, '2023-09-06 14:29:17');
INSERT INTO `sys_oper_log` VALUES (226, '菜单管理', 3, 'com.joolun.web.controller.system.SysMenuController.remove()', 'DELETE', 1, 'admin', NULL, '/system/menu/2025', '127.0.0.1', '内网IP', '{menuId=2025}', '{\"msg\":\"操作成功\",\"code\":200}', 0, NULL, '2023-09-06 14:29:22');
INSERT INTO `sys_oper_log` VALUES (227, '菜单管理', 3, 'com.joolun.web.controller.system.SysMenuController.remove()', 'DELETE', 1, 'admin', NULL, '/system/menu/2005', '127.0.0.1', '内网IP', '{menuId=2005}', '{\"msg\":\"操作成功\",\"code\":200}', 0, NULL, '2023-09-06 14:29:23');
INSERT INTO `sys_oper_log` VALUES (228, '菜单管理', 3, 'com.joolun.web.controller.system.SysMenuController.remove()', 'DELETE', 1, 'admin', NULL, '/system/menu/2026', '127.0.0.1', '内网IP', '{menuId=2026}', '{\"msg\":\"操作成功\",\"code\":200}', 0, NULL, '2023-09-06 14:29:27');
INSERT INTO `sys_oper_log` VALUES (229, '菜单管理', 3, 'com.joolun.web.controller.system.SysMenuController.remove()', 'DELETE', 1, 'admin', NULL, '/system/menu/2027', '127.0.0.1', '内网IP', '{menuId=2027}', '{\"msg\":\"操作成功\",\"code\":200}', 0, NULL, '2023-09-06 14:29:29');
INSERT INTO `sys_oper_log` VALUES (230, '菜单管理', 3, 'com.joolun.web.controller.system.SysMenuController.remove()', 'DELETE', 1, 'admin', NULL, '/system/menu/2028', '127.0.0.1', '内网IP', '{menuId=2028}', '{\"msg\":\"操作成功\",\"code\":200}', 0, NULL, '2023-09-06 14:29:30');
INSERT INTO `sys_oper_log` VALUES (231, '菜单管理', 3, 'com.joolun.web.controller.system.SysMenuController.remove()', 'DELETE', 1, 'admin', NULL, '/system/menu/2029', '127.0.0.1', '内网IP', '{menuId=2029}', '{\"msg\":\"操作成功\",\"code\":200}', 0, NULL, '2023-09-06 14:29:31');
INSERT INTO `sys_oper_log` VALUES (232, '菜单管理', 3, 'com.joolun.web.controller.system.SysMenuController.remove()', 'DELETE', 1, 'admin', NULL, '/system/menu/2006', '127.0.0.1', '内网IP', '{menuId=2006}', '{\"msg\":\"操作成功\",\"code\":200}', 0, NULL, '2023-09-06 14:29:33');
INSERT INTO `sys_oper_log` VALUES (233, '菜单管理', 3, 'com.joolun.web.controller.system.SysMenuController.remove()', 'DELETE', 1, 'admin', NULL, '/system/menu/2007', '127.0.0.1', '内网IP', '{menuId=2007}', '{\"msg\":\"操作成功\",\"code\":200}', 0, NULL, '2023-09-06 14:29:34');
INSERT INTO `sys_oper_log` VALUES (234, '菜单管理', 3, 'com.joolun.web.controller.system.SysMenuController.remove()', 'DELETE', 1, 'admin', NULL, '/system/menu/4', '127.0.0.1', '内网IP', '{menuId=4}', '{\"msg\":\"操作成功\",\"code\":200}', 0, NULL, '2023-09-06 14:29:36');
INSERT INTO `sys_oper_log` VALUES (235, '菜单管理', 1, 'com.joolun.web.controller.system.SysMenuController.add()', 'POST', 1, 'admin', NULL, '/system/menu', '127.0.0.1', '内网IP', '{\"visible\":\"0\",\"icon\":\"tree\",\"orderNum\":\"6\",\"menuName\":\"权限管理\",\"params\":{},\"parentId\":0,\"isCache\":\"0\",\"path\":\"system\",\"createBy\":\"admin\",\"children\":[],\"isFrame\":\"1\",\"menuType\":\"M\",\"status\":\"0\"}', '{\"msg\":\"操作成功\",\"code\":200}', 0, NULL, '2023-09-06 17:23:33');
INSERT INTO `sys_oper_log` VALUES (236, '菜单管理', 2, 'com.joolun.web.controller.system.SysMenuController.edit()', 'PUT', 1, 'admin', NULL, '/system/menu', '127.0.0.1', '内网IP', '{\"visible\":\"0\",\"icon\":\"user\",\"orderNum\":\"1\",\"menuName\":\"用户管理\",\"params\":{},\"parentId\":2060,\"isCache\":\"0\",\"path\":\"user\",\"component\":\"system/user/index\",\"children\":[],\"createTime\":1610609953000,\"updateBy\":\"admin\",\"isFrame\":\"1\",\"menuId\":100,\"menuType\":\"C\",\"perms\":\"system:user:list\",\"status\":\"0\"}', '{\"msg\":\"操作成功\",\"code\":200}', 0, NULL, '2023-09-06 17:23:57');
INSERT INTO `sys_oper_log` VALUES (237, '菜单管理', 2, 'com.joolun.web.controller.system.SysMenuController.edit()', 'PUT', 1, 'admin', NULL, '/system/menu', '127.0.0.1', '内网IP', '{\"visible\":\"0\",\"icon\":\"nested\",\"orderNum\":\"6\",\"menuName\":\"权限管理\",\"params\":{},\"parentId\":0,\"isCache\":\"0\",\"path\":\"system\",\"children\":[],\"createTime\":1693992213000,\"updateBy\":\"admin\",\"isFrame\":\"1\",\"menuId\":2060,\"menuType\":\"M\",\"perms\":\"\",\"status\":\"0\"}', '{\"msg\":\"操作成功\",\"code\":200}', 0, NULL, '2023-09-06 17:25:02');
INSERT INTO `sys_oper_log` VALUES (238, '菜单管理', 2, 'com.joolun.web.controller.system.SysMenuController.edit()', 'PUT', 1, 'admin', NULL, '/system/menu', '127.0.0.1', '内网IP', '{\"visible\":\"0\",\"icon\":\"peoples\",\"orderNum\":\"2\",\"menuName\":\"角色管理\",\"params\":{},\"parentId\":2060,\"isCache\":\"0\",\"path\":\"role\",\"component\":\"system/role/index\",\"children\":[],\"createTime\":1610609953000,\"updateBy\":\"admin\",\"isFrame\":\"1\",\"menuId\":101,\"menuType\":\"C\",\"perms\":\"system:role:list\",\"status\":\"0\"}', '{\"msg\":\"操作成功\",\"code\":200}', 0, NULL, '2023-09-06 17:25:14');
INSERT INTO `sys_oper_log` VALUES (239, '菜单管理', 2, 'com.joolun.web.controller.system.SysMenuController.edit()', 'PUT', 1, 'admin', NULL, '/system/menu', '127.0.0.1', '内网IP', '{\"visible\":\"0\",\"icon\":\"tree-table\",\"orderNum\":\"3\",\"menuName\":\"菜单管理\",\"params\":{},\"parentId\":2060,\"isCache\":\"0\",\"path\":\"menu\",\"component\":\"system/menu/index\",\"children\":[],\"createTime\":1610609953000,\"updateBy\":\"admin\",\"isFrame\":\"1\",\"menuId\":102,\"menuType\":\"C\",\"perms\":\"system:menu:list\",\"status\":\"0\"}', '{\"msg\":\"操作成功\",\"code\":200}', 0, NULL, '2023-09-06 17:25:23');
INSERT INTO `sys_oper_log` VALUES (240, '菜单管理', 2, 'com.joolun.web.controller.system.SysMenuController.edit()', 'PUT', 1, 'admin', NULL, '/system/menu', '127.0.0.1', '内网IP', '{\"visible\":\"0\",\"icon\":\"tree\",\"orderNum\":\"4\",\"menuName\":\"部门管理\",\"params\":{},\"parentId\":2060,\"isCache\":\"0\",\"path\":\"dept\",\"component\":\"system/dept/index\",\"children\":[],\"createTime\":1610609953000,\"updateBy\":\"admin\",\"isFrame\":\"1\",\"menuId\":103,\"menuType\":\"C\",\"perms\":\"system:dept:list\",\"status\":\"0\"}', '{\"msg\":\"操作成功\",\"code\":200}', 0, NULL, '2023-09-06 17:25:38');
INSERT INTO `sys_oper_log` VALUES (241, '菜单管理', 2, 'com.joolun.web.controller.system.SysMenuController.edit()', 'PUT', 1, 'admin', NULL, '/system/menu', '127.0.0.1', '内网IP', '{\"visible\":\"0\",\"icon\":\"post\",\"orderNum\":\"5\",\"menuName\":\"岗位管理\",\"params\":{},\"parentId\":2060,\"isCache\":\"0\",\"path\":\"post\",\"component\":\"system/post/index\",\"children\":[],\"createTime\":1610609953000,\"updateBy\":\"admin\",\"isFrame\":\"1\",\"menuId\":104,\"menuType\":\"C\",\"perms\":\"system:post:list\",\"status\":\"0\"}', '{\"msg\":\"操作成功\",\"code\":200}', 0, NULL, '2023-09-06 17:25:46');
INSERT INTO `sys_oper_log` VALUES (242, '菜单管理', 2, 'com.joolun.web.controller.system.SysMenuController.edit()', 'PUT', 1, 'admin', NULL, '/system/menu', '127.0.0.1', '内网IP', '{\"visible\":\"0\",\"icon\":\"nested\",\"orderNum\":\"6\",\"menuName\":\"权限管理\",\"params\":{},\"parentId\":0,\"isCache\":\"0\",\"path\":\"purview\",\"children\":[],\"createTime\":1693992213000,\"updateBy\":\"admin\",\"isFrame\":\"1\",\"menuId\":2060,\"menuType\":\"M\",\"perms\":\"\",\"status\":\"0\"}', '{\"msg\":\"操作成功\",\"code\":200}', 0, NULL, '2023-09-06 17:34:15');
INSERT INTO `sys_oper_log` VALUES (243, '菜单管理', 2, 'com.joolun.web.controller.system.SysMenuController.edit()', 'PUT', 1, 'admin', NULL, '/system/menu', '127.0.0.1', '内网IP', '{\"visible\":\"0\",\"icon\":\"shopping\",\"orderNum\":\"5\",\"menuName\":\"仓储管理\",\"params\":{},\"parentId\":0,\"isCache\":\"0\",\"path\":\"mall\",\"children\":[],\"createTime\":1611222295000,\"updateBy\":\"admin\",\"isFrame\":\"1\",\"menuId\":2033,\"menuType\":\"M\",\"perms\":\"\",\"status\":\"0\"}', '{\"msg\":\"操作成功\",\"code\":200}', 0, NULL, '2023-09-06 17:35:56');
INSERT INTO `sys_oper_log` VALUES (244, '菜单管理', 2, 'com.joolun.web.controller.system.SysMenuController.edit()', 'PUT', 1, 'admin', NULL, '/system/menu', '127.0.0.1', '内网IP', '{\"visible\":\"0\",\"icon\":\"build\",\"orderNum\":\"10\",\"menuName\":\"货物分类\",\"params\":{},\"parentId\":2033,\"isCache\":\"0\",\"path\":\"goodscategory\",\"component\":\"mall/goodscategory/index\",\"children\":[],\"createTime\":1611222463000,\"updateBy\":\"admin\",\"isFrame\":\"1\",\"menuId\":2034,\"menuType\":\"C\",\"perms\":\"mall:goodscategory:index\",\"status\":\"0\"}', '{\"msg\":\"操作成功\",\"code\":200}', 0, NULL, '2023-09-06 17:36:48');
INSERT INTO `sys_oper_log` VALUES (245, '字典类型', 1, 'com.joolun.web.controller.system.SysDictTypeController.add()', 'POST', 1, 'admin', NULL, '/system/dict/type', '127.0.0.1', '内网IP', '{\"createBy\":\"admin\",\"dictName\":\"设备软件版本\",\"remark\":\"设备软件版本列表\",\"params\":{},\"dictType\":\"equipment_info_software_version\",\"status\":\"0\"}', '{\"msg\":\"操作成功\",\"code\":200}', 0, NULL, '2023-09-11 10:12:50');
INSERT INTO `sys_oper_log` VALUES (246, '字典类型', 1, 'com.joolun.web.controller.system.SysDictTypeController.add()', 'POST', 1, 'admin', NULL, '/system/dict/type', '127.0.0.1', '内网IP', '{\"createBy\":\"admin\",\"dictName\":\"设备硬件版本\",\"remark\":\"设备硬件版本列表\",\"params\":{},\"dictType\":\"equipment_info_hardware_version\",\"status\":\"0\"}', '{\"msg\":\"操作成功\",\"code\":200}', 0, NULL, '2023-09-11 10:13:41');
INSERT INTO `sys_oper_log` VALUES (247, '字典数据', 1, 'com.joolun.web.controller.system.SysDictDataController.add()', 'POST', 1, 'admin', NULL, '/system/dict/data', '127.0.0.1', '内网IP', '{\"dictValue\":\"1\",\"dictSort\":0,\"remark\":\"1.0.0 Alpha内测版\",\"params\":{},\"dictType\":\"equipment_info_software_version\",\"dictLabel\":\"1.0.0 Alpha\",\"createBy\":\"admin\",\"default\":false,\"status\":\"0\"}', '{\"msg\":\"操作成功\",\"code\":200}', 0, NULL, '2023-09-11 10:15:31');
INSERT INTO `sys_oper_log` VALUES (248, '字典数据', 1, 'com.joolun.web.controller.system.SysDictDataController.add()', 'POST', 1, 'admin', NULL, '/system/dict/data', '127.0.0.1', '内网IP', '{\"dictValue\":\"2\",\"dictSort\":0,\"remark\":\"1.0.0 Beta 公测版\",\"params\":{},\"dictType\":\"equipment_info_software_version\",\"dictLabel\":\"1.0.0 Beta\",\"createBy\":\"admin\",\"default\":false,\"status\":\"0\"}', '{\"msg\":\"操作成功\",\"code\":200}', 0, NULL, '2023-09-11 10:16:11');
INSERT INTO `sys_oper_log` VALUES (249, '字典数据', 1, 'com.joolun.web.controller.system.SysDictDataController.add()', 'POST', 1, 'admin', NULL, '/system/dict/data', '127.0.0.1', '内网IP', '{\"dictValue\":\"3\",\"dictSort\":0,\"remark\":\"1.0.0 发行版\",\"params\":{},\"dictType\":\"equipment_info_software_version\",\"dictLabel\":\"1.0.0 General Availability\",\"createBy\":\"admin\",\"default\":false,\"status\":\"0\"}', '{\"msg\":\"操作成功\",\"code\":200}', 0, NULL, '2023-09-11 10:17:02');
INSERT INTO `sys_oper_log` VALUES (250, '字典数据', 1, 'com.joolun.web.controller.system.SysDictDataController.add()', 'POST', 1, 'admin', NULL, '/system/dict/data', '127.0.0.1', '内网IP', '{\"dictValue\":\"1\",\"dictSort\":0,\"remark\":\"1.0.0 Beta公测版\",\"params\":{},\"dictType\":\"equipment_info_hardware_version\",\"dictLabel\":\"1.0.0 Beta\",\"createBy\":\"admin\",\"default\":false,\"status\":\"0\"}', '{\"msg\":\"操作成功\",\"code\":200}', 0, NULL, '2023-09-11 10:18:43');
INSERT INTO `sys_oper_log` VALUES (251, '字典数据', 1, 'com.joolun.web.controller.system.SysDictDataController.add()', 'POST', 1, 'admin', NULL, '/system/dict/data', '127.0.0.1', '内网IP', '{\"dictValue\":\"2\",\"dictSort\":0,\"remark\":\"1.0.0 发行版\",\"params\":{},\"dictType\":\"equipment_info_hardware_version\",\"dictLabel\":\"1.0.0 General Availability\",\"createBy\":\"admin\",\"default\":false,\"status\":\"0\"}', '{\"msg\":\"操作成功\",\"code\":200}', 0, NULL, '2023-09-11 10:19:17');
INSERT INTO `sys_oper_log` VALUES (252, '代码生成', 6, 'com.joolun.generator.controller.GenController.importTableSave()', 'POST', 1, 'admin', NULL, '/tool/gen/importTable', '127.0.0.1', '内网IP', 'equipment_info', '{\"msg\":\"操作成功\",\"code\":200}', 0, NULL, '2023-09-11 10:31:43');
INSERT INTO `sys_oper_log` VALUES (253, '代码生成', 8, 'com.joolun.generator.controller.GenController.batchGenCode()', 'GET', 1, 'admin', NULL, '/tool/gen/batchGenCode', '127.0.0.1', '内网IP', '{}', 'null', 0, NULL, '2023-09-11 10:31:52');
INSERT INTO `sys_oper_log` VALUES (254, '代码生成', 8, 'com.joolun.generator.controller.GenController.batchGenCode()', 'GET', 1, 'admin', NULL, '/tool/gen/batchGenCode', '127.0.0.1', '内网IP', '{}', 'null', 0, NULL, '2023-09-11 10:37:17');
INSERT INTO `sys_oper_log` VALUES (255, '代码生成', 8, 'com.joolun.generator.controller.GenController.batchGenCode()', 'GET', 1, 'admin', NULL, '/tool/gen/batchGenCode', '127.0.0.1', '内网IP', '{}', 'null', 0, NULL, '2023-09-11 10:38:33');
INSERT INTO `sys_oper_log` VALUES (256, '代码生成', 2, 'com.joolun.generator.controller.GenController.editSave()', 'PUT', 1, 'admin', NULL, '/tool/gen', '127.0.0.1', '内网IP', '{\"sub\":false,\"functionAuthor\":\"lx\",\"columns\":[{\"capJavaField\":\"Id\",\"usableColumn\":false,\"columnId\":122,\"isIncrement\":\"1\",\"increment\":true,\"insert\":true,\"dictType\":\"\",\"required\":false,\"superColumn\":false,\"updateBy\":\"\",\"isInsert\":\"1\",\"javaField\":\"id\",\"htmlType\":\"input\",\"edit\":false,\"query\":false,\"sort\":1,\"list\":false,\"params\":{},\"javaType\":\"Long\",\"queryType\":\"EQ\",\"columnType\":\"int\",\"createBy\":\"admin\",\"isPk\":\"1\",\"createTime\":1694399503000,\"tableId\":11,\"pk\":true,\"columnName\":\"id\"},{\"capJavaField\":\"EquipmentNumber\",\"usableColumn\":false,\"columnId\":123,\"isIncrement\":\"0\",\"increment\":false,\"insert\":true,\"isList\":\"1\",\"dictType\":\"\",\"required\":true,\"superColumn\":false,\"updateBy\":\"\",\"isInsert\":\"1\",\"isRequired\":\"1\",\"javaField\":\"equipmentNumber\",\"htmlType\":\"input\",\"edit\":true,\"query\":true,\"columnComment\":\"设备编码\",\"isQuery\":\"1\",\"sort\":2,\"list\":true,\"params\":{},\"javaType\":\"String\",\"queryType\":\"EQ\",\"columnType\":\"varchar(255)\",\"createBy\":\"admin\",\"isPk\":\"0\",\"createTime\":1694399503000,\"isEdit\":\"1\",\"tableId\":11,\"pk\":false,\"columnName\":\"equipment_number\"},{\"capJavaField\":\"Iccid\",\"usableColumn\":false,\"columnId\":124,\"isIncrement\":\"0\",\"increment\":false,\"insert\":true,\"isList\":\"1\",\"dictType\":\"\",\"required\":true,\"superColumn\":false,\"updateBy\":\"\",\"isInsert\":\"1\",\"isRequired\":\"1\",\"javaField\":\"iccid\",\"htmlType\":\"input\",\"edit\":true,\"query\":true,\"columnComment\":\"SIM卡卡号\",\"isQuery\":\"1\",\"sort\":3,\"list\":true,\"params\":{},\"javaType\":\"String\",\"queryType\":\"EQ\",\"columnType\":\"varchar(255)\",\"createBy\":\"admin\",\"isPk\":\"0\",\"createTime\":1694399503000,\"isEdit\":\"1\",\"tableId\":11,\"pk\":false,\"columnName\":\"iccId\"},{\"capJavaField\":\"HardwareVersion\",\"usableColumn\":false,\"columnId\":125,\"isIncrement\":\"0\",\"increment\":false,\"insert\":true,\"isList\":\"1\",\"dictType\":\"\",\"required\":true,\"superColumn\":false,\"updateBy\":\"\",\"isInsert\":\"1\",\"isRequired\":\"1\",\"javaField\":\"hardwareVersion\",\"htmlType\":\"input\",\"edit\":true,\"query\":true,\"columnComment\":\"硬件版本\",\"isQuery\":\"1\",\"sort\":4,\"list\":true,\"params\":{},\"javaType\":\"Long\",\"queryType\":\"EQ\",\"columnTy', '{\"msg\":\"操作成功\",\"code\":200}', 0, NULL, '2023-09-11 10:39:19');
INSERT INTO `sys_oper_log` VALUES (257, '代码生成', 8, 'com.joolun.generator.controller.GenController.batchGenCode()', 'GET', 1, 'admin', NULL, '/tool/gen/batchGenCode', '127.0.0.1', '内网IP', '{}', 'null', 0, NULL, '2023-09-11 10:39:26');
INSERT INTO `sys_oper_log` VALUES (258, '代码生成', 2, 'com.joolun.generator.controller.GenController.editSave()', 'PUT', 1, 'admin', NULL, '/tool/gen', '127.0.0.1', '内网IP', '{\"sub\":false,\"functionAuthor\":\"lx\",\"columns\":[{\"capJavaField\":\"Id\",\"usableColumn\":false,\"columnId\":122,\"isIncrement\":\"1\",\"increment\":true,\"insert\":true,\"dictType\":\"\",\"required\":false,\"superColumn\":false,\"updateBy\":\"\",\"isInsert\":\"1\",\"javaField\":\"id\",\"htmlType\":\"input\",\"edit\":false,\"query\":false,\"updateTime\":1694399959000,\"sort\":1,\"list\":false,\"params\":{},\"javaType\":\"Long\",\"queryType\":\"EQ\",\"columnType\":\"int\",\"createBy\":\"admin\",\"isPk\":\"1\",\"createTime\":1694399503000,\"tableId\":11,\"pk\":true,\"columnName\":\"id\"},{\"capJavaField\":\"EquipmentNumber\",\"usableColumn\":false,\"columnId\":123,\"isIncrement\":\"0\",\"increment\":false,\"insert\":true,\"isList\":\"1\",\"dictType\":\"\",\"required\":true,\"superColumn\":false,\"updateBy\":\"\",\"isInsert\":\"1\",\"isRequired\":\"1\",\"javaField\":\"equipmentNumber\",\"htmlType\":\"input\",\"edit\":true,\"query\":true,\"columnComment\":\"设备编码\",\"isQuery\":\"1\",\"updateTime\":1694399959000,\"sort\":2,\"list\":true,\"params\":{},\"javaType\":\"String\",\"queryType\":\"EQ\",\"columnType\":\"varchar(255)\",\"createBy\":\"admin\",\"isPk\":\"0\",\"createTime\":1694399503000,\"isEdit\":\"1\",\"tableId\":11,\"pk\":false,\"columnName\":\"equipment_number\"},{\"capJavaField\":\"Iccid\",\"usableColumn\":false,\"columnId\":124,\"isIncrement\":\"0\",\"increment\":false,\"insert\":true,\"isList\":\"1\",\"dictType\":\"\",\"required\":true,\"superColumn\":false,\"updateBy\":\"\",\"isInsert\":\"1\",\"isRequired\":\"1\",\"javaField\":\"iccid\",\"htmlType\":\"input\",\"edit\":true,\"query\":true,\"columnComment\":\"SIM卡卡号\",\"isQuery\":\"1\",\"updateTime\":1694399959000,\"sort\":3,\"list\":true,\"params\":{},\"javaType\":\"String\",\"queryType\":\"EQ\",\"columnType\":\"varchar(255)\",\"createBy\":\"admin\",\"isPk\":\"0\",\"createTime\":1694399503000,\"isEdit\":\"1\",\"tableId\":11,\"pk\":false,\"columnName\":\"iccId\"},{\"capJavaField\":\"HardwareVersion\",\"usableColumn\":false,\"columnId\":125,\"isIncrement\":\"0\",\"increment\":false,\"insert\":true,\"isList\":\"1\",\"dictType\":\"\",\"required\":true,\"superColumn\":false,\"updateBy\":\"\",\"isInsert\":\"1\",\"isRequired\":\"1\",\"javaField\":\"hardwareVersion\",\"htmlType\":\"input\",\"edit\":true,\"query\":true,\"columnComment\":\"硬件版本\",\"isQuery\":', '{\"msg\":\"操作成功\",\"code\":200}', 0, NULL, '2023-09-11 10:39:48');
INSERT INTO `sys_oper_log` VALUES (259, '代码生成', 8, 'com.joolun.generator.controller.GenController.batchGenCode()', 'GET', 1, 'admin', NULL, '/tool/gen/batchGenCode', '127.0.0.1', '内网IP', '{}', 'null', 0, NULL, '2023-09-11 10:41:13');
INSERT INTO `sys_oper_log` VALUES (260, '菜单管理', 2, 'com.joolun.web.controller.system.SysMenuController.edit()', 'PUT', 1, 'admin', NULL, '/system/menu', '127.0.0.1', '内网IP', '{\"visible\":\"0\",\"icon\":\"dict\",\"orderNum\":\"1\",\"menuName\":\"设备管理\",\"params\":{},\"parentId\":2033,\"isCache\":\"0\",\"path\":\"equipment\",\"component\":\"mall/equipment/index\",\"children\":[],\"createTime\":1694400153000,\"updateBy\":\"admin\",\"isFrame\":\"1\",\"menuId\":2061,\"menuType\":\"C\",\"perms\":\"equipment:info:list\",\"status\":\"0\"}', '{\"msg\":\"操作成功\",\"code\":200}', 0, NULL, '2023-09-11 11:16:02');
INSERT INTO `sys_oper_log` VALUES (261, '字典类型', 1, 'com.joolun.web.controller.system.SysDictTypeController.add()', 'POST', 1, 'admin', NULL, '/system/dict/type', '127.0.0.1', '内网IP', '{\"createBy\":\"admin\",\"dictName\":\"设备状态\",\"remark\":\"设备状态列表\",\"params\":{},\"dictType\":\"equipment_status\",\"status\":\"0\"}', '{\"msg\":\"操作成功\",\"code\":200}', 0, NULL, '2023-09-11 11:28:53');
INSERT INTO `sys_oper_log` VALUES (262, '字典类型', 1, 'com.joolun.web.controller.system.SysDictTypeController.add()', 'POST', 1, 'admin', NULL, '/system/dict/type', '127.0.0.1', '内网IP', '{\"createBy\":\"admin\",\"dictName\":\"存储状态\",\"remark\":\"是否售出\",\"params\":{},\"dictType\":\"warehouse_status\",\"status\":\"0\"}', '{\"msg\":\"操作成功\",\"code\":200}', 0, NULL, '2023-09-11 11:30:35');
INSERT INTO `sys_oper_log` VALUES (263, '字典数据', 1, 'com.joolun.web.controller.system.SysDictDataController.add()', 'POST', 1, 'admin', NULL, '/system/dict/data', '127.0.0.1', '内网IP', '{\"dictValue\":\"0\",\"dictSort\":0,\"params\":{},\"dictType\":\"equipment_status\",\"dictLabel\":\"离线\",\"createBy\":\"admin\",\"default\":false,\"status\":\"0\"}', '{\"msg\":\"操作成功\",\"code\":200}', 0, NULL, '2023-09-11 11:31:00');
INSERT INTO `sys_oper_log` VALUES (264, '字典数据', 1, 'com.joolun.web.controller.system.SysDictDataController.add()', 'POST', 1, 'admin', NULL, '/system/dict/data', '127.0.0.1', '内网IP', '{\"dictValue\":\"1\",\"dictSort\":0,\"params\":{},\"dictType\":\"equipment_status\",\"dictLabel\":\"在线\",\"createBy\":\"admin\",\"default\":false,\"status\":\"0\"}', '{\"msg\":\"操作成功\",\"code\":200}', 0, NULL, '2023-09-11 11:31:11');
INSERT INTO `sys_oper_log` VALUES (265, '字典数据', 1, 'com.joolun.web.controller.system.SysDictDataController.add()', 'POST', 1, 'admin', NULL, '/system/dict/data', '127.0.0.1', '内网IP', '{\"dictValue\":\"2\",\"dictSort\":0,\"params\":{},\"dictType\":\"equipment_status\",\"dictLabel\":\"使用中\",\"createBy\":\"admin\",\"default\":false,\"status\":\"0\"}', '{\"msg\":\"操作成功\",\"code\":200}', 0, NULL, '2023-09-11 11:31:20');
INSERT INTO `sys_oper_log` VALUES (266, '字典数据', 1, 'com.joolun.web.controller.system.SysDictDataController.add()', 'POST', 1, 'admin', NULL, '/system/dict/data', '127.0.0.1', '内网IP', '{\"dictValue\":\"0\",\"dictSort\":0,\"params\":{},\"dictType\":\"warehouse_status\",\"dictLabel\":\"未售出\",\"createBy\":\"admin\",\"default\":false,\"status\":\"0\"}', '{\"msg\":\"操作成功\",\"code\":200}', 0, NULL, '2023-09-11 11:31:45');
INSERT INTO `sys_oper_log` VALUES (267, '字典数据', 1, 'com.joolun.web.controller.system.SysDictDataController.add()', 'POST', 1, 'admin', NULL, '/system/dict/data', '127.0.0.1', '内网IP', '{\"dictValue\":\"1\",\"dictSort\":0,\"params\":{},\"dictType\":\"warehouse_status\",\"dictLabel\":\"已售出\",\"createBy\":\"admin\",\"default\":false,\"status\":\"0\"}', '{\"msg\":\"操作成功\",\"code\":200}', 0, NULL, '2023-09-11 11:31:52');
INSERT INTO `sys_oper_log` VALUES (276, '代码生成', 6, 'com.joolun.generator.controller.GenController.importTableSave()', 'POST', 1, 'admin', NULL, '/tool/gen/importTable', '127.0.0.1', '内网IP', 'drug_info', '{\"msg\":\"操作成功\",\"code\":200}', 0, NULL, '2023-09-12 15:59:01');
INSERT INTO `sys_oper_log` VALUES (277, '代码生成', 2, 'com.joolun.generator.controller.GenController.editSave()', 'PUT', 1, 'admin', NULL, '/tool/gen', '127.0.0.1', '内网IP', '{\"sub\":false,\"functionAuthor\":\"lx\",\"columns\":[{\"capJavaField\":\"Id\",\"usableColumn\":false,\"columnId\":132,\"isIncrement\":\"1\",\"increment\":true,\"insert\":false,\"dictType\":\"\",\"required\":false,\"superColumn\":false,\"updateBy\":\"\",\"javaField\":\"id\",\"htmlType\":\"input\",\"edit\":false,\"query\":false,\"sort\":1,\"list\":false,\"params\":{},\"javaType\":\"Long\",\"queryType\":\"EQ\",\"columnType\":\"int\",\"createBy\":\"admin\",\"isPk\":\"1\",\"createTime\":1694505541000,\"tableId\":12,\"pk\":true,\"columnName\":\"id\"},{\"capJavaField\":\"DrugNumber\",\"usableColumn\":false,\"columnId\":133,\"isIncrement\":\"0\",\"increment\":false,\"insert\":true,\"isList\":\"1\",\"dictType\":\"\",\"required\":true,\"superColumn\":false,\"updateBy\":\"\",\"isInsert\":\"1\",\"isRequired\":\"1\",\"javaField\":\"drugNumber\",\"htmlType\":\"input\",\"edit\":true,\"query\":true,\"columnComment\":\"药包编号\",\"isQuery\":\"1\",\"sort\":2,\"list\":true,\"params\":{},\"javaType\":\"String\",\"queryType\":\"EQ\",\"columnType\":\"varchar(255)\",\"createBy\":\"admin\",\"isPk\":\"0\",\"createTime\":1694505541000,\"isEdit\":\"1\",\"tableId\":12,\"pk\":false,\"columnName\":\"drug_number\"},{\"capJavaField\":\"TimeRemaining\",\"usableColumn\":false,\"columnId\":134,\"isIncrement\":\"0\",\"increment\":false,\"insert\":true,\"isList\":\"1\",\"dictType\":\"\",\"required\":true,\"superColumn\":false,\"updateBy\":\"\",\"isInsert\":\"1\",\"isRequired\":\"1\",\"javaField\":\"timeRemaining\",\"htmlType\":\"input\",\"edit\":true,\"query\":true,\"columnComment\":\"药包剩余时间\",\"isQuery\":\"1\",\"sort\":3,\"list\":true,\"params\":{},\"javaType\":\"Long\",\"queryType\":\"EQ\",\"columnType\":\"tinyint\",\"createBy\":\"admin\",\"isPk\":\"0\",\"createTime\":1694505541000,\"isEdit\":\"1\",\"tableId\":12,\"pk\":false,\"columnName\":\"time_remaining\"},{\"capJavaField\":\"EquipmentId\",\"usableColumn\":false,\"columnId\":135,\"isIncrement\":\"0\",\"increment\":false,\"insert\":true,\"isList\":\"1\",\"dictType\":\"\",\"required\":false,\"superColumn\":false,\"updateBy\":\"\",\"isInsert\":\"1\",\"javaField\":\"equipmentId\",\"htmlType\":\"input\",\"edit\":true,\"query\":true,\"columnComment\":\"设备id\",\"isQuery\":\"1\",\"sort\":4,\"list\":true,\"params\":{},\"javaType\":\"Long\",\"queryType\":\"EQ\",\"columnType\":\"int\",\"createBy\":\"admin\",\"isPk\"', '{\"msg\":\"操作成功\",\"code\":200}', 0, NULL, '2023-09-12 16:01:23');
INSERT INTO `sys_oper_log` VALUES (278, '代码生成', 8, 'com.joolun.generator.controller.GenController.batchGenCode()', 'GET', 1, 'admin', NULL, '/tool/gen/batchGenCode', '127.0.0.1', '内网IP', '{}', 'null', 0, NULL, '2023-09-12 16:01:38');
INSERT INTO `sys_oper_log` VALUES (279, '菜单管理', 2, 'com.joolun.web.controller.system.SysMenuController.edit()', 'PUT', 1, 'admin', NULL, '/system/menu', '127.0.0.1', '内网IP', '{\"visible\":\"0\",\"icon\":\"drug\",\"orderNum\":\"1\",\"menuName\":\"药包管理\",\"params\":{},\"parentId\":2033,\"isCache\":\"0\",\"path\":\"drug\",\"component\":\"mall/drug/index\",\"children\":[],\"createTime\":1694505773000,\"updateBy\":\"admin\",\"isFrame\":\"1\",\"menuId\":2067,\"menuType\":\"C\",\"perms\":\"mall:drug:list\",\"status\":\"0\"}', '{\"msg\":\"操作成功\",\"code\":200}', 0, NULL, '2023-09-12 16:26:24');
INSERT INTO `sys_oper_log` VALUES (280, '代码生成', 2, 'com.joolun.generator.controller.GenController.editSave()', 'PUT', 1, 'admin', NULL, '/tool/gen', '127.0.0.1', '内网IP', '{\"sub\":false,\"functionAuthor\":\"lx\",\"columns\":[{\"capJavaField\":\"Id\",\"usableColumn\":false,\"columnId\":132,\"isIncrement\":\"1\",\"increment\":true,\"insert\":false,\"dictType\":\"\",\"required\":false,\"superColumn\":false,\"updateBy\":\"\",\"javaField\":\"id\",\"htmlType\":\"input\",\"edit\":false,\"query\":false,\"updateTime\":1694505683000,\"sort\":1,\"list\":false,\"params\":{},\"javaType\":\"Long\",\"queryType\":\"EQ\",\"columnType\":\"int\",\"createBy\":\"admin\",\"isPk\":\"1\",\"createTime\":1694505541000,\"tableId\":12,\"pk\":true,\"columnName\":\"id\"},{\"capJavaField\":\"DrugNumber\",\"usableColumn\":false,\"columnId\":133,\"isIncrement\":\"0\",\"increment\":false,\"insert\":true,\"isList\":\"1\",\"dictType\":\"\",\"required\":true,\"superColumn\":false,\"updateBy\":\"\",\"isInsert\":\"1\",\"isRequired\":\"1\",\"javaField\":\"drugNumber\",\"htmlType\":\"input\",\"edit\":true,\"query\":true,\"columnComment\":\"药包编号\",\"isQuery\":\"1\",\"updateTime\":1694505683000,\"sort\":2,\"list\":true,\"params\":{},\"javaType\":\"String\",\"queryType\":\"EQ\",\"columnType\":\"varchar(255)\",\"createBy\":\"admin\",\"isPk\":\"0\",\"createTime\":1694505541000,\"isEdit\":\"1\",\"tableId\":12,\"pk\":false,\"columnName\":\"drug_number\"},{\"capJavaField\":\"TimeRemaining\",\"usableColumn\":false,\"columnId\":134,\"isIncrement\":\"0\",\"increment\":false,\"insert\":true,\"isList\":\"1\",\"dictType\":\"\",\"required\":true,\"superColumn\":false,\"updateBy\":\"\",\"isInsert\":\"1\",\"isRequired\":\"1\",\"javaField\":\"timeRemaining\",\"htmlType\":\"input\",\"edit\":true,\"query\":true,\"columnComment\":\"药包剩余时间\",\"isQuery\":\"1\",\"updateTime\":1694505683000,\"sort\":3,\"list\":true,\"params\":{},\"javaType\":\"Long\",\"queryType\":\"EQ\",\"columnType\":\"tinyint\",\"createBy\":\"admin\",\"isPk\":\"0\",\"createTime\":1694505541000,\"isEdit\":\"1\",\"tableId\":12,\"pk\":false,\"columnName\":\"time_remaining\"},{\"capJavaField\":\"EquipmentId\",\"usableColumn\":false,\"columnId\":135,\"isIncrement\":\"0\",\"increment\":false,\"insert\":true,\"isList\":\"1\",\"dictType\":\"\",\"required\":false,\"superColumn\":false,\"updateBy\":\"\",\"isInsert\":\"1\",\"javaField\":\"equipmentId\",\"htmlType\":\"input\",\"edit\":true,\"query\":true,\"columnComment\":\"设备id\",\"isQuery\":\"1\",\"updateTime\":1694505683000,\"sor', '{\"msg\":\"操作成功\",\"code\":200}', 0, NULL, '2023-09-12 16:30:52');
INSERT INTO `sys_oper_log` VALUES (281, '代码生成', 8, 'com.joolun.generator.controller.GenController.batchGenCode()', 'GET', 1, 'admin', NULL, '/tool/gen/batchGenCode', '127.0.0.1', '内网IP', '{}', 'null', 0, NULL, '2023-09-12 16:31:57');
INSERT INTO `sys_oper_log` VALUES (282, '代码生成', 2, 'com.joolun.generator.controller.GenController.synchDb()', 'GET', 1, 'admin', NULL, '/tool/gen/synchDb/drug_info', '127.0.0.1', '内网IP', '{tableName=drug_info}', '{\"msg\":\"操作成功\",\"code\":200}', 0, NULL, '2023-09-12 16:32:35');
INSERT INTO `sys_oper_log` VALUES (283, '菜单管理', 2, 'com.joolun.web.controller.system.SysMenuController.edit()', 'PUT', 1, 'admin', NULL, '/system/menu', '127.0.0.1', '内网IP', '{\"visible\":\"0\",\"icon\":\"people\",\"orderNum\":\"3\",\"menuName\":\"用户管理\",\"params\":{},\"parentId\":0,\"isCache\":\"0\",\"path\":\"wxma\",\"children\":[],\"createTime\":1611848703000,\"updateBy\":\"admin\",\"isFrame\":\"1\",\"menuId\":2049,\"menuType\":\"M\",\"perms\":\"\",\"status\":\"0\"}', '{\"msg\":\"操作成功\",\"code\":200}', 0, NULL, '2023-09-12 16:36:39');
INSERT INTO `sys_oper_log` VALUES (284, '菜单管理', 2, 'com.joolun.web.controller.system.SysMenuController.edit()', 'PUT', 1, 'admin', NULL, '/system/menu', '127.0.0.1', '内网IP', '{\"visible\":\"0\",\"icon\":\"list\",\"orderNum\":\"10\",\"menuName\":\"订单管理\",\"params\":{},\"parentId\":2049,\"isCache\":\"0\",\"path\":\"orderinfo\",\"component\":\"mall/orderinfo/index\",\"children\":[],\"createTime\":1611677234000,\"updateBy\":\"admin\",\"isFrame\":\"1\",\"menuId\":2044,\"menuType\":\"C\",\"perms\":\"mall:orderinfo:index\",\"status\":\"0\"}', '{\"msg\":\"操作成功\",\"code\":200}', 0, NULL, '2023-09-12 16:37:12');
INSERT INTO `sys_oper_log` VALUES (285, '菜单管理', 2, 'com.joolun.web.controller.system.SysMenuController.edit()', 'PUT', 1, 'admin', NULL, '/system/menu', '127.0.0.1', '内网IP', '{\"visible\":\"0\",\"icon\":\"form\",\"orderNum\":\"10\",\"menuName\":\"订单管理\",\"params\":{},\"parentId\":2049,\"isCache\":\"0\",\"path\":\"orderinfo\",\"component\":\"mall/orderinfo/index\",\"children\":[],\"createTime\":1611677234000,\"updateBy\":\"admin\",\"isFrame\":\"1\",\"menuId\":2044,\"menuType\":\"C\",\"perms\":\"mall:orderinfo:index\",\"status\":\"0\"}', '{\"msg\":\"操作成功\",\"code\":200}', 0, NULL, '2023-09-12 16:37:49');
INSERT INTO `sys_oper_log` VALUES (286, '菜单管理', 2, 'com.joolun.web.controller.system.SysMenuController.edit()', 'PUT', 1, 'admin', NULL, '/system/menu', '127.0.0.1', '内网IP', '{\"visible\":\"0\",\"icon\":\"wechat\",\"orderNum\":\"10\",\"menuName\":\"小程序用户\",\"params\":{},\"parentId\":2049,\"isCache\":\"0\",\"path\":\"wxuser-ma\",\"component\":\"wxma/wxuser/index\",\"children\":[],\"createTime\":1611849274000,\"updateBy\":\"admin\",\"isFrame\":\"1\",\"menuId\":2050,\"menuType\":\"C\",\"perms\":\"wxmp:wxuser:index\",\"status\":\"0\"}', '{\"msg\":\"操作成功\",\"code\":200}', 0, NULL, '2023-09-12 16:39:50');
INSERT INTO `sys_oper_log` VALUES (287, '用户头像', 2, 'com.joolun.web.controller.system.SysProfileController.avatar()', 'POST', 1, 'admin', NULL, '/system/user/profile/avatar', '127.0.0.1', '内网IP', '', '{\"msg\":\"操作成功\",\"imgUrl\":\"/profile/avatar/2023/09/12/74491253-1ff9-42ed-9987-d282adf18914.jpeg\",\"code\":200}', 0, NULL, '2023-09-12 17:31:37');
INSERT INTO `sys_oper_log` VALUES (288, '个人信息', 2, 'com.joolun.web.controller.system.SysProfileController.updateProfile()', 'PUT', 1, 'admin', NULL, '/system/user/profile', '127.0.0.1', '内网IP', '{\"roles\":[{\"flag\":false,\"roleId\":1,\"admin\":true,\"dataScope\":\"1\",\"params\":{},\"roleSort\":\"1\",\"deptCheckStrictly\":false,\"menuCheckStrictly\":false,\"roleKey\":\"admin\",\"roleName\":\"超级管理员\",\"status\":\"0\"}],\"phonenumber\":\"15888888888\",\"admin\":true,\"loginDate\":1610609953000,\"remark\":\"管理员\",\"delFlag\":\"0\",\"loginIp\":\"127.0.0.1\",\"email\":\"admin@163.com\",\"nickName\":\"admin\",\"sex\":\"0\",\"deptId\":103,\"avatar\":\"\",\"dept\":{\"deptName\":\"研发部门\",\"leader\":\"admin\",\"deptId\":103,\"orderNum\":\"1\",\"params\":{},\"parentId\":101,\"children\":[],\"status\":\"0\"},\"params\":{},\"userName\":\"admin\",\"userId\":1,\"createBy\":\"admin\",\"createTime\":1610609953000,\"status\":\"0\"}', '{\"msg\":\"操作成功\",\"code\":200}', 0, NULL, '2023-09-12 17:31:47');
INSERT INTO `sys_oper_log` VALUES (289, '菜单管理', 3, 'com.joolun.web.controller.system.SysMenuController.remove()', 'DELETE', 1, 'admin', NULL, '/system/menu/2039', '127.0.0.1', '内网IP', '{menuId=2039}', '{\"msg\":\"存在子菜单,不允许删除\",\"code\":500}', 0, NULL, '2023-09-13 10:25:45');
INSERT INTO `sys_oper_log` VALUES (290, '菜单管理', 3, 'com.joolun.web.controller.system.SysMenuController.remove()', 'DELETE', 1, 'admin', NULL, '/system/menu/2040', '127.0.0.1', '内网IP', '{menuId=2040}', '{\"msg\":\"菜单已分配,不允许删除\",\"code\":500}', 0, NULL, '2023-09-13 10:25:51');
INSERT INTO `sys_oper_log` VALUES (291, '菜单管理', 2, 'com.joolun.web.controller.system.SysMenuController.edit()', 'PUT', 1, 'admin', NULL, '/system/menu', '127.0.0.1', '内网IP', '{\"visible\":\"1\",\"icon\":\"nested\",\"orderNum\":\"6\",\"menuName\":\"权限管理\",\"params\":{},\"parentId\":0,\"isCache\":\"0\",\"path\":\"purview\",\"children\":[],\"createTime\":1693992213000,\"updateBy\":\"admin\",\"isFrame\":\"1\",\"menuId\":2060,\"menuType\":\"M\",\"perms\":\"\",\"status\":\"1\"}', '{\"msg\":\"操作成功\",\"code\":200}', 0, NULL, '2023-09-13 10:26:14');
INSERT INTO `sys_oper_log` VALUES (292, '菜单管理', 2, 'com.joolun.web.controller.system.SysMenuController.edit()', 'PUT', 1, 'admin', NULL, '/system/menu', '127.0.0.1', '内网IP', '{\"visible\":\"1\",\"icon\":\"shopping\",\"orderNum\":\"10\",\"menuName\":\"商品管理\",\"params\":{},\"parentId\":2033,\"isCache\":\"0\",\"path\":\"goodsspu\",\"component\":\"mall/goodsspu/index\",\"children\":[],\"createTime\":1611583844000,\"updateBy\":\"admin\",\"isFrame\":\"1\",\"menuId\":2039,\"menuType\":\"C\",\"perms\":\"mall:goodsspu:index\",\"status\":\"1\"}', '{\"msg\":\"操作成功\",\"code\":200}', 0, NULL, '2023-09-13 10:42:36');
INSERT INTO `sys_oper_log` VALUES (304, '字典类型', 1, 'com.joolun.web.controller.system.SysDictTypeController.add()', 'POST', 1, 'admin', NULL, '/system/dict/type', '127.0.0.1', '内网IP', '{\"createBy\":\"admin\",\"dictName\":\"药包状态\",\"params\":{},\"dictType\":\"drug_status\",\"status\":\"0\"}', '{\"msg\":\"操作成功\",\"code\":200}', 0, NULL, '2023-09-15 16:17:42');
INSERT INTO `sys_oper_log` VALUES (305, '字典数据', 1, 'com.joolun.web.controller.system.SysDictDataController.add()', 'POST', 1, 'admin', NULL, '/system/dict/data', '127.0.0.1', '内网IP', '{\"dictValue\":\"0\",\"dictSort\":0,\"params\":{},\"dictType\":\"drug_status\",\"dictLabel\":\"未使用\",\"createBy\":\"admin\",\"default\":false,\"status\":\"0\"}', '{\"msg\":\"操作成功\",\"code\":200}', 0, NULL, '2023-09-15 16:18:07');
INSERT INTO `sys_oper_log` VALUES (306, '字典数据', 1, 'com.joolun.web.controller.system.SysDictDataController.add()', 'POST', 1, 'admin', NULL, '/system/dict/data', '127.0.0.1', '内网IP', '{\"dictValue\":\"1\",\"dictSort\":0,\"params\":{},\"dictType\":\"drug_status\",\"dictLabel\":\"使用中\",\"createBy\":\"admin\",\"default\":false,\"status\":\"0\"}', '{\"msg\":\"操作成功\",\"code\":200}', 0, NULL, '2023-09-15 16:18:23');
INSERT INTO `sys_oper_log` VALUES (307, '字典数据', 1, 'com.joolun.web.controller.system.SysDictDataController.add()', 'POST', 1, 'admin', NULL, '/system/dict/data', '127.0.0.1', '内网IP', '{\"dictValue\":\"2\",\"dictSort\":0,\"params\":{},\"dictType\":\"drug_status\",\"dictLabel\":\"已用完\",\"createBy\":\"admin\",\"default\":false,\"status\":\"0\"}', '{\"msg\":\"操作成功\",\"code\":200}', 0, NULL, '2023-09-15 16:19:42');
INSERT INTO `sys_oper_log` VALUES (315, '通知公告', 2, 'com.joolun.web.controller.system.SysNoticeController.edit()', 'PUT', 1, 'admin', NULL, '/system/notice', '127.0.0.1', '内网IP', '{\"noticeContent\":\"<p>本次为初次版本</p>\",\"createBy\":\"admin\",\"createTime\":1610609954000,\"updateBy\":\"admin\",\"noticeType\":\"2\",\"remark\":\"管理员\",\"params\":{},\"noticeId\":1,\"noticeTitle\":\"本次为初次版本\",\"status\":\"0\"}', '{\"msg\":\"操作成功\",\"code\":200}', 0, NULL, '2023-09-18 10:00:51');
INSERT INTO `sys_oper_log` VALUES (316, '通知公告', 2, 'com.joolun.web.controller.system.SysNoticeController.edit()', 'PUT', 1, 'admin', NULL, '/system/notice', '127.0.0.1', '内网IP', '{\"noticeContent\":\"<p>2024年11月15号9：00至15：00更新</p>\",\"createBy\":\"admin\",\"createTime\":1610617506000,\"updateBy\":\"admin\",\"noticeType\":\"1\",\"params\":{},\"noticeId\":11,\"noticeTitle\":\"2024年11月15号9：00至15：00更新\",\"status\":\"0\"}', '{\"msg\":\"操作成功\",\"code\":200}', 0, NULL, '2023-09-18 10:01:15');
INSERT INTO `sys_oper_log` VALUES (317, '菜单管理', 3, 'com.joolun.web.controller.system.SysMenuController.remove()', 'DELETE', 1, 'admin', NULL, '/system/menu/2039', '127.0.0.1', '内网IP', '{menuId=2039}', '{\"msg\":\"存在子菜单,不允许删除\",\"code\":500}', 0, NULL, '2023-09-22 09:46:42');
INSERT INTO `sys_oper_log` VALUES (318, '菜单管理', 3, 'com.joolun.web.controller.system.SysMenuController.remove()', 'DELETE', 1, 'admin', NULL, '/system/menu/2040', '127.0.0.1', '内网IP', '{menuId=2040}', '{\"msg\":\"菜单已分配,不允许删除\",\"code\":500}', 0, NULL, '2023-09-22 09:46:46');
INSERT INTO `sys_oper_log` VALUES (319, '菜单管理', 3, 'com.joolun.web.controller.system.SysMenuController.remove()', 'DELETE', 1, 'admin', NULL, '/system/menu/2040', '127.0.0.1', '内网IP', '{menuId=2040}', '{\"msg\":\"菜单已分配,不允许删除\",\"code\":500}', 0, NULL, '2023-09-22 09:46:49');
INSERT INTO `sys_oper_log` VALUES (320, '菜单管理', 3, 'com.joolun.web.controller.system.SysMenuController.remove()', 'DELETE', 1, 'admin', NULL, '/system/menu/2060', '127.0.0.1', '内网IP', '{menuId=2060}', '{\"msg\":\"存在子菜单,不允许删除\",\"code\":500}', 0, NULL, '2023-09-22 09:47:48');
INSERT INTO `sys_oper_log` VALUES (321, '菜单管理', 3, 'com.joolun.web.controller.system.SysMenuController.remove()', 'DELETE', 1, 'admin', NULL, '/system/menu/2043', '127.0.0.1', '内网IP', '{menuId=2043}', '{\"msg\":\"菜单已分配,不允许删除\",\"code\":500}', 0, NULL, '2023-09-22 09:47:54');
INSERT INTO `sys_oper_log` VALUES (322, '角色管理', 2, 'com.joolun.web.controller.system.SysRoleController.edit()', 'PUT', 1, 'admin', NULL, '/system/role', '127.0.0.1', '内网IP', '{\"flag\":false,\"roleId\":2,\"admin\":false,\"remark\":\"普通角色\",\"dataScope\":\"2\",\"delFlag\":\"0\",\"params\":{},\"roleSort\":\"2\",\"deptCheckStrictly\":true,\"createTime\":1610609953000,\"updateBy\":\"admin\",\"menuCheckStrictly\":true,\"roleKey\":\"common\",\"roleName\":\"普通角色\",\"menuIds\":[2033,2049,2044,2045,2046,2047,2048,2050,2051,2061,2062,2063,2064,2065,2066,2067,2068,2069,2070,2071,2072,2034,2035,2036,2037,2038,2060,100,1001,1002,1003,1004,1005,1006,1007,101,1008,1009,1010,1011,1012,102,1013,1014,1015,1016,103,1017,1018,1019,1020,104,1021,1022,1023,1024,1025,1,105,1026,1027,1028,1029,1030,106,1031,1032,1033,1034,1035,107,1036,1037,1038,1039,108,500,1040,1041,1042,501,1043,1044,1045,2,109,1046,1047,1048,110,1049,1050,1051,1052,1053,1054,111,112,113],\"status\":\"0\"}', '{\"msg\":\"操作成功\",\"code\":200}', 0, NULL, '2023-09-22 09:48:26');
INSERT INTO `sys_oper_log` VALUES (323, '角色管理', 2, 'com.joolun.web.controller.system.SysRoleController.edit()', 'PUT', 1, 'admin', NULL, '/system/role', '127.0.0.1', '内网IP', '{\"flag\":false,\"roleId\":1,\"admin\":true,\"remark\":\"超级管理员\",\"dataScope\":\"1\",\"delFlag\":\"0\",\"params\":{},\"roleSort\":\"1\",\"deptCheckStrictly\":true,\"createTime\":1610609953000,\"menuCheckStrictly\":true,\"roleKey\":\"admin\",\"roleName\":\"超级管理员\",\"menuIds\":[2049,2044,2045,2046,2047,2048,2050,2051,2033,2061,2062,2063,2064,2065,2066,2067,2068,2069,2070,2071,2072,2034,2035,2036,2037,2038,2039,2040,2041,2042,2043,2060,100,1001,1002,1003,1004,1005,1006,1007,101,1008,1009,1010,1011,1012,102,1013,1014,1015,1016,103,1017,1018,1019,1020,104,1021,1022,1023,1024,1025,1,105,1026,1027,1028,1029,1030,106,1031,1032,1033,1034,1035,107,1036,1037,1038,1039,108,500,1040,1041,1042,501,1043,1044,1045,2,109,1046,1047,1048,110,1049,1050,1051,1052,1053,1054,111,112,113],\"status\":\"0\"}', 'null', 1, '不允许操作超级管理员角色', '2023-09-22 09:48:39');
INSERT INTO `sys_oper_log` VALUES (324, '菜单管理', 3, 'com.joolun.web.controller.system.SysMenuController.remove()', 'DELETE', 1, 'admin', NULL, '/system/menu/2042', '127.0.0.1', '内网IP', '{menuId=2042}', '{\"msg\":\"操作成功\",\"code\":200}', 0, NULL, '2023-09-22 09:49:01');
INSERT INTO `sys_oper_log` VALUES (325, '菜单管理', 3, 'com.joolun.web.controller.system.SysMenuController.remove()', 'DELETE', 1, 'admin', NULL, '/system/menu/2041', '127.0.0.1', '内网IP', '{menuId=2041}', '{\"msg\":\"操作成功\",\"code\":200}', 0, NULL, '2023-09-22 09:49:04');
INSERT INTO `sys_oper_log` VALUES (326, '菜单管理', 3, 'com.joolun.web.controller.system.SysMenuController.remove()', 'DELETE', 1, 'admin', NULL, '/system/menu/2040', '127.0.0.1', '内网IP', '{menuId=2040}', '{\"msg\":\"操作成功\",\"code\":200}', 0, NULL, '2023-09-22 09:49:06');
INSERT INTO `sys_oper_log` VALUES (327, '菜单管理', 3, 'com.joolun.web.controller.system.SysMenuController.remove()', 'DELETE', 1, 'admin', NULL, '/system/menu/2039', '127.0.0.1', '内网IP', '{menuId=2039}', '{\"msg\":\"存在子菜单,不允许删除\",\"code\":500}', 0, NULL, '2023-09-22 09:49:08');
INSERT INTO `sys_oper_log` VALUES (328, '菜单管理', 3, 'com.joolun.web.controller.system.SysMenuController.remove()', 'DELETE', 1, 'admin', NULL, '/system/menu/2043', '127.0.0.1', '内网IP', '{menuId=2043}', '{\"msg\":\"操作成功\",\"code\":200}', 0, NULL, '2023-09-22 09:49:13');
INSERT INTO `sys_oper_log` VALUES (329, '菜单管理', 3, 'com.joolun.web.controller.system.SysMenuController.remove()', 'DELETE', 1, 'admin', NULL, '/system/menu/2039', '127.0.0.1', '内网IP', '{menuId=2039}', '{\"msg\":\"操作成功\",\"code\":200}', 0, NULL, '2023-09-22 09:49:15');
INSERT INTO `sys_oper_log` VALUES (330, '菜单管理', 2, 'com.joolun.web.controller.system.SysMenuController.edit()', 'PUT', 1, 'admin', NULL, '/system/menu', '127.0.0.1', '内网IP', '{\"visible\":\"1\",\"icon\":\"tool\",\"orderNum\":\"30\",\"menuName\":\"系统工具\",\"params\":{},\"parentId\":0,\"isCache\":\"0\",\"path\":\"tool\",\"children\":[],\"createTime\":1610609953000,\"updateBy\":\"admin\",\"isFrame\":\"1\",\"menuId\":3,\"menuType\":\"M\",\"perms\":\"\",\"status\":\"1\"}', '{\"msg\":\"操作成功\",\"code\":200}', 0, NULL, '2023-09-22 09:49:25');
INSERT INTO `sys_oper_log` VALUES (331, '用户头像', 2, 'com.joolun.web.controller.system.SysProfileController.avatar()', 'POST', 1, 'admin', NULL, '/system/user/profile/avatar', '115.220.218.113', 'XX XX', '', '{\"msg\":\"操作成功\",\"imgUrl\":\"/profile/avatar/2023/09/25/71bf921a-0951-4c4c-a883-6bb2203e83c8.jpeg\",\"code\":200}', 0, NULL, '2023-09-25 10:38:04');
INSERT INTO `sys_oper_log` VALUES (332, '个人信息', 2, 'com.joolun.web.controller.system.SysProfileController.updateProfile()', 'PUT', 1, 'admin', NULL, '/system/user/profile', '115.220.218.113', 'XX XX', '{\"roles\":[{\"flag\":false,\"roleId\":1,\"admin\":true,\"dataScope\":\"1\",\"params\":{},\"roleSort\":\"1\",\"deptCheckStrictly\":false,\"menuCheckStrictly\":false,\"roleKey\":\"admin\",\"roleName\":\"超级管理员\",\"status\":\"0\"}],\"phonenumber\":\"15888888888\",\"admin\":true,\"loginDate\":1610609953000,\"remark\":\"管理员\",\"delFlag\":\"0\",\"loginIp\":\"127.0.0.1\",\"email\":\"admin@163.com\",\"nickName\":\"admin\",\"sex\":\"0\",\"deptId\":103,\"avatar\":\"/profile/avatar/2023/09/12/74491253-1ff9-42ed-9987-d282adf18914.jpeg\",\"dept\":{\"deptName\":\"研发部门\",\"leader\":\"admin\",\"deptId\":103,\"orderNum\":\"1\",\"params\":{},\"parentId\":101,\"children\":[],\"status\":\"0\"},\"params\":{},\"userName\":\"admin\",\"userId\":1,\"createBy\":\"admin\",\"createTime\":1610609953000,\"status\":\"0\"}', '{\"msg\":\"操作成功\",\"code\":200}', 0, NULL, '2023-09-25 10:38:08');
INSERT INTO `sys_oper_log` VALUES (333, '用户头像', 2, 'com.joolun.web.controller.system.SysProfileController.avatar()', 'POST', 1, 'admin', NULL, '/system/user/profile/avatar', '115.220.218.113', 'XX XX', '', '{\"msg\":\"操作成功\",\"imgUrl\":\"/profile/avatar/2023/09/25/79d584d5-c228-4576-b8a4-832150268f9f.jpeg\",\"code\":200}', 0, NULL, '2023-09-25 10:39:53');
INSERT INTO `sys_oper_log` VALUES (334, '个人信息', 2, 'com.joolun.web.controller.system.SysProfileController.updateProfile()', 'PUT', 1, 'admin', NULL, '/system/user/profile', '115.220.218.113', 'XX XX', '{\"roles\":[{\"flag\":false,\"roleId\":1,\"admin\":true,\"dataScope\":\"1\",\"params\":{},\"roleSort\":\"1\",\"deptCheckStrictly\":false,\"menuCheckStrictly\":false,\"roleKey\":\"admin\",\"roleName\":\"超级管理员\",\"status\":\"0\"}],\"phonenumber\":\"15888888888\",\"admin\":true,\"loginDate\":1610609953000,\"remark\":\"管理员\",\"delFlag\":\"0\",\"loginIp\":\"127.0.0.1\",\"email\":\"admin@163.com\",\"nickName\":\"admin\",\"sex\":\"0\",\"deptId\":103,\"avatar\":\"/profile/avatar/2023/09/12/74491253-1ff9-42ed-9987-d282adf18914.jpeg\",\"dept\":{\"deptName\":\"研发部门\",\"leader\":\"admin\",\"deptId\":103,\"orderNum\":\"1\",\"params\":{},\"parentId\":101,\"children\":[],\"status\":\"0\"},\"params\":{},\"userName\":\"admin\",\"userId\":1,\"createBy\":\"admin\",\"createTime\":1610609953000,\"status\":\"0\"}', '{\"msg\":\"操作成功\",\"code\":200}', 0, NULL, '2023-09-25 10:39:56');
INSERT INTO `sys_oper_log` VALUES (335, '菜单管理', 1, 'com.joolun.web.controller.system.SysMenuController.add()', 'POST', 1, 'admin', NULL, '/system/menu', '127.0.0.1', '内网IP', '{\"visible\":\"0\",\"orderNum\":\"1\",\"menuName\":\"wxmp:wxuser:edit\",\"params\":{},\"parentId\":2050,\"isCache\":\"0\",\"createBy\":\"admin\",\"children\":[],\"isFrame\":\"1\",\"menuType\":\"F\",\"perms\":\"小程序用户修改\",\"status\":\"0\"}', '{\"msg\":\"操作成功\",\"code\":200}', 0, NULL, '2023-10-07 11:36:57');
INSERT INTO `sys_oper_log` VALUES (336, '菜单管理', 2, 'com.joolun.web.controller.system.SysMenuController.edit()', 'PUT', 1, 'admin', NULL, '/system/menu', '127.0.0.1', '内网IP', '{\"visible\":\"0\",\"icon\":\"#\",\"orderNum\":\"1\",\"menuName\":\"小程序用户修改\",\"params\":{},\"parentId\":2050,\"isCache\":\"0\",\"path\":\"\",\"children\":[],\"createTime\":1696649817000,\"updateBy\":\"admin\",\"isFrame\":\"1\",\"menuId\":2073,\"menuType\":\"F\",\"perms\":\"wxmp:wxuser:edit\",\"status\":\"0\"}', '{\"msg\":\"操作成功\",\"code\":200}', 0, NULL, '2023-10-07 11:37:20');
INSERT INTO `sys_oper_log` VALUES (337, '用户头像', 2, 'com.joolun.web.controller.system.SysProfileController.avatar()', 'POST', 1, 'admin', NULL, '/system/user/profile/avatar', '122.233.155.249', 'XX XX', '', '{\"msg\":\"操作成功\",\"imgUrl\":\"/profile/avatar/2023/10/24/4e5f45bb-a299-4cc9-a8e4-d8c4af127b22.jpeg\",\"code\":200}', 0, NULL, '2023-10-24 10:39:10');
INSERT INTO `sys_oper_log` VALUES (338, '个人信息', 2, 'com.joolun.web.controller.system.SysProfileController.updateProfile()', 'PUT', 1, 'admin', NULL, '/system/user/profile', '122.233.155.249', 'XX XX', '{\"roles\":[{\"flag\":false,\"roleId\":1,\"admin\":true,\"dataScope\":\"1\",\"params\":{},\"roleSort\":\"1\",\"deptCheckStrictly\":false,\"menuCheckStrictly\":false,\"roleKey\":\"admin\",\"roleName\":\"超级管理员\",\"status\":\"0\"}],\"phonenumber\":\"15888888888\",\"admin\":true,\"loginDate\":1610609953000,\"remark\":\"管理员\",\"delFlag\":\"0\",\"loginIp\":\"127.0.0.1\",\"email\":\"admin@163.com\",\"nickName\":\"admin\",\"sex\":\"0\",\"deptId\":103,\"avatar\":\"/profile/avatar/2023/09/12/74491253-1ff9-42ed-9987-d282adf18914.jpeg\",\"dept\":{\"deptName\":\"研发部门\",\"leader\":\"admin\",\"deptId\":103,\"orderNum\":\"1\",\"params\":{},\"parentId\":101,\"children\":[],\"status\":\"0\"},\"params\":{},\"userName\":\"admin\",\"userId\":1,\"createBy\":\"admin\",\"createTime\":1610609953000,\"status\":\"0\"}', '{\"msg\":\"操作成功\",\"code\":200}', 0, NULL, '2023-10-24 10:39:12');
INSERT INTO `sys_oper_log` VALUES (339, '角色管理', 1, 'com.joolun.web.controller.system.SysRoleController.add()', 'POST', 1, 'admin', NULL, '/system/role', '122.233.155.249', 'XX XX', '{\"flag\":false,\"roleId\":100,\"admin\":false,\"params\":{},\"roleSort\":\"0\",\"deptCheckStrictly\":true,\"createBy\":\"admin\",\"menuCheckStrictly\":true,\"roleKey\":\"agency\",\"roleName\":\"代理商\",\"deptIds\":[],\"menuIds\":[2049,2050,2051,2073,2044,2048,2045,2046,2047,2033,2061,2062,2063,2064,2065,2066,2067,2068,2069,2070,2071,2072,2034,2035,2036,2037,2038],\"status\":\"0\"}', '{\"msg\":\"操作成功\",\"code\":200}', 0, NULL, '2023-10-24 10:52:51');
INSERT INTO `sys_oper_log` VALUES (340, '用户管理', 1, 'com.joolun.web.controller.system.SysUserController.add()', 'POST', 1, 'admin', NULL, '/system/user', '122.233.155.249', 'XX XX', '{\"phonenumber\":\"18066758645\",\"admin\":false,\"password\":\"$2a$10$T0wr1qtA/3NVWGzt5sJtM.PRRCVzTmmq5OHHJPKT2Hp017jq.Jhsm\",\"postIds\":[4],\"email\":\"shadow@163.com\",\"nickName\":\"agency\",\"sex\":\"0\",\"deptId\":104,\"params\":{},\"userName\":\"agency\",\"userId\":103,\"createBy\":\"admin\",\"roleIds\":[100],\"status\":\"0\"}', '{\"msg\":\"操作成功\",\"code\":200}', 0, NULL, '2023-10-24 10:54:19');
INSERT INTO `sys_oper_log` VALUES (341, '用户管理', 1, 'com.joolun.web.controller.system.SysUserController.add()', 'POST', 1, 'admin', NULL, '/system/user', '122.233.155.249', 'XX XX', '{\"phonenumber\":\"17857403578\",\"admin\":false,\"password\":\"$2a$10$S4FEpXMYOwxIGpns8L9ffO59oNvymuyXUujVxK.teTb.ugemQcr3W\",\"postIds\":[],\"email\":\"yelele1227@163.com\",\"nickName\":\"叶乐乐\",\"sex\":\"0\",\"deptId\":100,\"params\":{},\"userName\":\"叶乐乐007\",\"userId\":104,\"createBy\":\"admin\",\"roleIds\":[2],\"status\":\"0\"}', '{\"msg\":\"操作成功\",\"code\":200}', 0, NULL, '2023-10-24 10:55:50');
INSERT INTO `sys_oper_log` VALUES (342, '角色管理', 2, 'com.joolun.web.controller.system.SysRoleController.edit()', 'PUT', 1, 'admin', NULL, '/system/role', '122.233.155.249', 'XX XX', '{\"flag\":false,\"roleId\":100,\"admin\":false,\"dataScope\":\"1\",\"delFlag\":\"0\",\"params\":{},\"roleSort\":\"0\",\"deptCheckStrictly\":true,\"createTime\":1698115971000,\"updateBy\":\"admin\",\"menuCheckStrictly\":true,\"roleKey\":\"agency\",\"roleName\":\"代理商\",\"menuIds\":[2049,2050,2051,2073,2044,2048,2045,2046,2047,2033,2061,2062,2063,2064,2065,2066,2067,2068,2069,2070,2071,2072,2034,2035,2036,2037,2038],\"status\":\"0\"}', '{\"msg\":\"操作成功\",\"code\":200}', 0, NULL, '2023-10-24 10:57:17');
INSERT INTO `sys_oper_log` VALUES (343, '角色管理', 1, 'com.joolun.web.controller.system.SysRoleController.add()', 'POST', 1, 'admin', NULL, '/system/role', '125.118.58.234', 'XX XX', '{\"flag\":false,\"admin\":false,\"params\":{},\"roleSort\":\"1\",\"deptCheckStrictly\":true,\"menuCheckStrictly\":true,\"roleKey\":\"admin\",\"roleName\":\"管理\",\"deptIds\":[],\"menuIds\":[2049,2050,2051,2073,2044,2048,2045,2046,2047,2033,2061,2062,2063,2064,2065,2066,2067,2068,2069,2070,2071,2072,2034,2035,2036,2037,2038,2060,100,1001,1002,1003,1004,1005,1006,1007,101,1008,1009,1010,1011,1012,102,1013,1014,1015,1016,103,1017,1018,1019,1020,104,1021,1022,1023,1024,1025,1,105,1026,1027,1028,1029,1030,106,1031,1032,1033,1034,1035,107,1036,1037,1038,1039,108,500,1040,1041,1042,501,1043,1044,1045,2,109,1046,1047,1048,110,1049,1050,1051,1052,1053,1054,111,112,113,3,114,115,1055,1056,1058,1057,1059,1060,116],\"status\":\"0\"}', '{\"msg\":\"新增角色\'管理\'失败，角色权限已存在\",\"code\":500}', 0, NULL, '2023-11-21 10:42:33');
INSERT INTO `sys_oper_log` VALUES (344, '角色管理', 2, 'com.joolun.web.controller.system.SysRoleController.dataScope()', 'PUT', 1, 'admin', NULL, '/system/role/dataScope', '125.118.58.234', 'XX XX', '{\"flag\":false,\"roleId\":1,\"admin\":true,\"remark\":\"超级管理员\",\"dataScope\":\"3\",\"delFlag\":\"0\",\"params\":{},\"roleSort\":\"1\",\"deptCheckStrictly\":true,\"createTime\":1610609953000,\"menuCheckStrictly\":true,\"roleKey\":\"admin\",\"roleName\":\"超级管理员\",\"deptIds\":[],\"status\":\"0\"}', 'null', 1, '不允许操作超级管理员角色', '2023-11-21 10:56:37');
INSERT INTO `sys_oper_log` VALUES (345, '角色管理', 2, 'com.joolun.web.controller.system.SysRoleController.dataScope()', 'PUT', 1, 'admin', NULL, '/system/role/dataScope', '125.118.58.234', 'XX XX', '{\"flag\":false,\"roleId\":100,\"admin\":false,\"dataScope\":\"3\",\"delFlag\":\"0\",\"params\":{},\"roleSort\":\"0\",\"deptCheckStrictly\":true,\"createTime\":1698115971000,\"menuCheckStrictly\":true,\"roleKey\":\"agency\",\"roleName\":\"代理商\",\"deptIds\":[],\"status\":\"0\"}', '{\"msg\":\"操作成功\",\"code\":200}', 0, NULL, '2023-11-21 10:56:44');
INSERT INTO `sys_oper_log` VALUES (346, '角色管理', 2, 'com.joolun.web.controller.system.SysRoleController.dataScope()', 'PUT', 1, 'admin', NULL, '/system/role/dataScope', '125.118.58.234', 'XX XX', '{\"flag\":false,\"roleId\":100,\"admin\":false,\"dataScope\":\"5\",\"delFlag\":\"0\",\"params\":{},\"roleSort\":\"0\",\"deptCheckStrictly\":true,\"createTime\":1698115971000,\"menuCheckStrictly\":true,\"roleKey\":\"agency\",\"roleName\":\"代理商\",\"deptIds\":[],\"status\":\"0\"}', '{\"msg\":\"操作成功\",\"code\":200}', 0, NULL, '2023-11-21 10:57:10');
INSERT INTO `sys_oper_log` VALUES (347, '角色管理', 2, 'com.joolun.web.controller.system.SysRoleController.dataScope()', 'PUT', 1, 'admin', NULL, '/system/role/dataScope', '125.118.58.234', 'XX XX', '{\"flag\":false,\"roleId\":100,\"admin\":false,\"dataScope\":\"3\",\"delFlag\":\"0\",\"params\":{},\"roleSort\":\"0\",\"deptCheckStrictly\":true,\"createTime\":1698115971000,\"menuCheckStrictly\":true,\"roleKey\":\"agency\",\"roleName\":\"代理商\",\"deptIds\":[],\"status\":\"0\"}', '{\"msg\":\"操作成功\",\"code\":200}', 0, NULL, '2023-11-21 10:58:32');
INSERT INTO `sys_oper_log` VALUES (348, '角色管理', 2, 'com.joolun.web.controller.system.SysRoleController.edit()', 'PUT', 1, 'admin', NULL, '/system/role', '125.118.58.234', 'XX XX', '{\"flag\":false,\"roleId\":100,\"admin\":false,\"dataScope\":\"3\",\"delFlag\":\"0\",\"params\":{},\"roleSort\":\"0\",\"deptCheckStrictly\":true,\"createTime\":1698115971000,\"updateBy\":\"admin\",\"menuCheckStrictly\":true,\"roleKey\":\"agency\",\"roleName\":\"代理商\",\"menuIds\":[2049,2050,2051,2073,2044,2048,2045,2046,2047,2033,2061,2062,2063,2064,2065,2066,2067,2068,2069,2070,2071,2072,2034,2035,2036,2037,2038,2060,100,1001,1002,1003,1004,1005,1006,1007,101,1008,1009,1010,1011,1012,102,1013,1014,1015,1016,103,1017,1018,1019,1020,104,1021,1022,1023,1024,1025,1,105,1026,1027,1028,1029,1030,106,1031,1032,1033,1034,1035,107,1036,1037,1038,1039,108,500,1040,1041,1042,501,1043,1044,1045],\"status\":\"0\"}', '{\"msg\":\"操作成功\",\"code\":200}', 0, NULL, '2023-11-21 11:10:43');
INSERT INTO `sys_oper_log` VALUES (349, '菜单管理', 2, 'com.joolun.web.controller.system.SysMenuController.edit()', 'PUT', 1, 'admin', NULL, '/system/menu', '115.196.223.109', 'XX XX', '{\"visible\":\"0\",\"icon\":\"upload\",\"orderNum\":\"1\",\"menuName\":\"OTA管理\",\"params\":{},\"parentId\":1,\"isCache\":\"0\",\"path\":\"ota\",\"component\":\"system/ota/index\",\"children\":[],\"createTime\":1711618526000,\"updateBy\":\"admin\",\"isFrame\":\"1\",\"menuId\":2074,\"menuType\":\"C\",\"perms\":\"system:ota:list\",\"status\":\"0\"}', '{\"msg\":\"操作成功\",\"code\":200}', 0, NULL, '2024-03-29 10:21:50');
-- ----------------------------
-- Table structure for sys_post
-- ----------------------------
DROP TABLE IF EXISTS `sys_post`;
CREATE TABLE `sys_post`  (
  `post_id` bigint(20) NOT NULL AUTO_INCREMENT COMMENT '岗位ID',
  `post_code` varchar(64) CHARACTER SET utf8mb4 COLLATE utf8mb4_general_ci NOT NULL COMMENT '岗位编码',
  `post_name` varchar(50) CHARACTER SET utf8mb4 COLLATE utf8mb4_general_ci NOT NULL COMMENT '岗位名称',
  `post_sort` int(11) NOT NULL COMMENT '显示顺序',
  `status` char(1) CHARACTER SET utf8mb4 COLLATE utf8mb4_general_ci NOT NULL COMMENT '状态（0正常 1停用）',
  `create_by` varchar(64) CHARACTER SET utf8mb4 COLLATE utf8mb4_general_ci NULL DEFAULT '' COMMENT '创建者',
  `create_time` datetime NULL DEFAULT NULL COMMENT '创建时间',
  `update_by` varchar(64) CHARACTER SET utf8mb4 COLLATE utf8mb4_general_ci NULL DEFAULT '' COMMENT '更新者',
  `update_time` datetime NULL DEFAULT NULL COMMENT '更新时间',
  `remark` varchar(500) CHARACTER SET utf8mb4 COLLATE utf8mb4_general_ci NULL DEFAULT NULL COMMENT '备注',
  PRIMARY KEY (`post_id`) USING BTREE
) ENGINE = InnoDB AUTO_INCREMENT = 5 CHARACTER SET = utf8mb4 COLLATE = utf8mb4_general_ci COMMENT = '岗位信息表' ROW_FORMAT = DYNAMIC;

-- ----------------------------
-- Records of sys_post
-- ----------------------------
INSERT INTO `sys_post` VALUES (1, 'ceo', '董事长', 1, '0', 'admin', '2021-01-14 15:39:13', '', NULL, '');
INSERT INTO `sys_post` VALUES (2, 'se', '项目经理', 2, '0', 'admin', '2021-01-14 15:39:13', '', NULL, '');
INSERT INTO `sys_post` VALUES (3, 'hr', '人力资源', 3, '0', 'admin', '2021-01-14 15:39:13', '', NULL, '');
INSERT INTO `sys_post` VALUES (4, 'user', '普通员工', 4, '0', 'admin', '2021-01-14 15:39:13', '', NULL, '');

-- ----------------------------
-- Table structure for sys_role
-- ----------------------------
DROP TABLE IF EXISTS `sys_role`;
CREATE TABLE `sys_role`  (
  `role_id` bigint(20) NOT NULL AUTO_INCREMENT COMMENT '角色ID',
  `role_name` varchar(30) CHARACTER SET utf8mb4 COLLATE utf8mb4_general_ci NOT NULL COMMENT '角色名称',
  `role_key` varchar(100) CHARACTER SET utf8mb4 COLLATE utf8mb4_general_ci NOT NULL COMMENT '角色权限字符串',
  `role_sort` int(11) NOT NULL COMMENT '显示顺序',
  `data_scope` char(1) CHARACTER SET utf8mb4 COLLATE utf8mb4_general_ci NULL DEFAULT '1' COMMENT '数据范围（1：全部数据权限 2：自定数据权限 3：本部门数据权限 4：本部门及以下数据权限）',
  `menu_check_strictly` tinyint(1) NULL DEFAULT 1 COMMENT '菜单树选择项是否关联显示',
  `dept_check_strictly` tinyint(1) NULL DEFAULT 1 COMMENT '部门树选择项是否关联显示',
  `status` char(1) CHARACTER SET utf8mb4 COLLATE utf8mb4_general_ci NOT NULL COMMENT '角色状态（0正常 1停用）',
  `del_flag` char(1) CHARACTER SET utf8mb4 COLLATE utf8mb4_general_ci NULL DEFAULT '0' COMMENT '删除标志（0代表存在 2代表删除）',
  `create_by` varchar(64) CHARACTER SET utf8mb4 COLLATE utf8mb4_general_ci NULL DEFAULT '' COMMENT '创建者',
  `create_time` datetime NULL DEFAULT NULL COMMENT '创建时间',
  `update_by` varchar(64) CHARACTER SET utf8mb4 COLLATE utf8mb4_general_ci NULL DEFAULT '' COMMENT '更新者',
  `update_time` datetime NULL DEFAULT NULL COMMENT '更新时间',
  `remark` varchar(500) CHARACTER SET utf8mb4 COLLATE utf8mb4_general_ci NULL DEFAULT NULL COMMENT '备注',
  PRIMARY KEY (`role_id`) USING BTREE
) ENGINE = InnoDB AUTO_INCREMENT = 101 CHARACTER SET = utf8mb4 COLLATE = utf8mb4_general_ci COMMENT = '角色信息表' ROW_FORMAT = DYNAMIC;

-- ----------------------------
-- Records of sys_role
-- ----------------------------
INSERT INTO `sys_role` VALUES (1, '超级管理员', 'admin', 1, '1', 1, 1, '0', '0', 'admin', '2021-01-14 15:39:13', '', NULL, '超级管理员');
INSERT INTO `sys_role` VALUES (2, '普通角色', 'common', 2, '2', 1, 1, '0', '0', 'admin', '2021-01-14 15:39:13', 'admin', '2023-09-22 09:48:26', '普通角色');
INSERT INTO `sys_role` VALUES (100, '代理商', 'agency', 0, '3', 1, 1, '0', '0', 'admin', '2023-10-24 10:52:51', 'admin', '2023-11-21 11:10:43', NULL);

-- ----------------------------
-- Table structure for sys_role_dept
-- ----------------------------
DROP TABLE IF EXISTS `sys_role_dept`;
CREATE TABLE `sys_role_dept`  (
  `role_id` bigint(20) NOT NULL COMMENT '角色ID',
  `dept_id` bigint(20) NOT NULL COMMENT '部门ID',
  PRIMARY KEY (`role_id`, `dept_id`) USING BTREE
) ENGINE = InnoDB CHARACTER SET = utf8mb4 COLLATE = utf8mb4_general_ci COMMENT = '角色和部门关联表' ROW_FORMAT = DYNAMIC;

-- ----------------------------
-- Records of sys_role_dept
-- ----------------------------
INSERT INTO `sys_role_dept` VALUES (2, 100);
INSERT INTO `sys_role_dept` VALUES (2, 101);
INSERT INTO `sys_role_dept` VALUES (2, 105);

-- ----------------------------
-- Table structure for sys_role_menu
-- ----------------------------
DROP TABLE IF EXISTS `sys_role_menu`;
CREATE TABLE `sys_role_menu`  (
  `role_id` bigint(20) NOT NULL COMMENT '角色ID',
  `menu_id` bigint(20) NOT NULL COMMENT '菜单ID',
  PRIMARY KEY (`role_id`, `menu_id`) USING BTREE
) ENGINE = InnoDB CHARACTER SET = utf8mb4 COLLATE = utf8mb4_general_ci COMMENT = '角色和菜单关联表' ROW_FORMAT = DYNAMIC;

-- ----------------------------
-- Records of sys_role_menu
-- ----------------------------
INSERT INTO `sys_role_menu` VALUES (2, 1);
INSERT INTO `sys_role_menu` VALUES (2, 2);
INSERT INTO `sys_role_menu` VALUES (2, 100);
INSERT INTO `sys_role_menu` VALUES (2, 101);
INSERT INTO `sys_role_menu` VALUES (2, 102);
INSERT INTO `sys_role_menu` VALUES (2, 103);
INSERT INTO `sys_role_menu` VALUES (2, 104);
INSERT INTO `sys_role_menu` VALUES (2, 105);
INSERT INTO `sys_role_menu` VALUES (2, 106);
INSERT INTO `sys_role_menu` VALUES (2, 107);
INSERT INTO `sys_role_menu` VALUES (2, 108);
INSERT INTO `sys_role_menu` VALUES (2, 109);
INSERT INTO `sys_role_menu` VALUES (2, 110);
INSERT INTO `sys_role_menu` VALUES (2, 111);
INSERT INTO `sys_role_menu` VALUES (2, 112);
INSERT INTO `sys_role_menu` VALUES (2, 113);
INSERT INTO `sys_role_menu` VALUES (2, 500);
INSERT INTO `sys_role_menu` VALUES (2, 501);
INSERT INTO `sys_role_menu` VALUES (2, 1001);
INSERT INTO `sys_role_menu` VALUES (2, 1002);
INSERT INTO `sys_role_menu` VALUES (2, 1003);
INSERT INTO `sys_role_menu` VALUES (2, 1004);
INSERT INTO `sys_role_menu` VALUES (2, 1005);
INSERT INTO `sys_role_menu` VALUES (2, 1006);
INSERT INTO `sys_role_menu` VALUES (2, 1007);
INSERT INTO `sys_role_menu` VALUES (2, 1008);
INSERT INTO `sys_role_menu` VALUES (2, 1009);
INSERT INTO `sys_role_menu` VALUES (2, 1010);
INSERT INTO `sys_role_menu` VALUES (2, 1011);
INSERT INTO `sys_role_menu` VALUES (2, 1012);
INSERT INTO `sys_role_menu` VALUES (2, 1013);
INSERT INTO `sys_role_menu` VALUES (2, 1014);
INSERT INTO `sys_role_menu` VALUES (2, 1015);
INSERT INTO `sys_role_menu` VALUES (2, 1016);
INSERT INTO `sys_role_menu` VALUES (2, 1017);
INSERT INTO `sys_role_menu` VALUES (2, 1018);
INSERT INTO `sys_role_menu` VALUES (2, 1019);
INSERT INTO `sys_role_menu` VALUES (2, 1020);
INSERT INTO `sys_role_menu` VALUES (2, 1021);
INSERT INTO `sys_role_menu` VALUES (2, 1022);
INSERT INTO `sys_role_menu` VALUES (2, 1023);
INSERT INTO `sys_role_menu` VALUES (2, 1024);
INSERT INTO `sys_role_menu` VALUES (2, 1025);
INSERT INTO `sys_role_menu` VALUES (2, 1026);
INSERT INTO `sys_role_menu` VALUES (2, 1027);
INSERT INTO `sys_role_menu` VALUES (2, 1028);
INSERT INTO `sys_role_menu` VALUES (2, 1029);
INSERT INTO `sys_role_menu` VALUES (2, 1030);
INSERT INTO `sys_role_menu` VALUES (2, 1031);
INSERT INTO `sys_role_menu` VALUES (2, 1032);
INSERT INTO `sys_role_menu` VALUES (2, 1033);
INSERT INTO `sys_role_menu` VALUES (2, 1034);
INSERT INTO `sys_role_menu` VALUES (2, 1035);
INSERT INTO `sys_role_menu` VALUES (2, 1036);
INSERT INTO `sys_role_menu` VALUES (2, 1037);
INSERT INTO `sys_role_menu` VALUES (2, 1038);
INSERT INTO `sys_role_menu` VALUES (2, 1039);
INSERT INTO `sys_role_menu` VALUES (2, 1040);
INSERT INTO `sys_role_menu` VALUES (2, 1041);
INSERT INTO `sys_role_menu` VALUES (2, 1042);
INSERT INTO `sys_role_menu` VALUES (2, 1043);
INSERT INTO `sys_role_menu` VALUES (2, 1044);
INSERT INTO `sys_role_menu` VALUES (2, 1045);
INSERT INTO `sys_role_menu` VALUES (2, 1046);
INSERT INTO `sys_role_menu` VALUES (2, 1047);
INSERT INTO `sys_role_menu` VALUES (2, 1048);
INSERT INTO `sys_role_menu` VALUES (2, 1049);
INSERT INTO `sys_role_menu` VALUES (2, 1050);
INSERT INTO `sys_role_menu` VALUES (2, 1051);
INSERT INTO `sys_role_menu` VALUES (2, 1052);
INSERT INTO `sys_role_menu` VALUES (2, 1053);
INSERT INTO `sys_role_menu` VALUES (2, 1054);
INSERT INTO `sys_role_menu` VALUES (2, 2033);
INSERT INTO `sys_role_menu` VALUES (2, 2034);
INSERT INTO `sys_role_menu` VALUES (2, 2035);
INSERT INTO `sys_role_menu` VALUES (2, 2036);
INSERT INTO `sys_role_menu` VALUES (2, 2037);
INSERT INTO `sys_role_menu` VALUES (2, 2038);
INSERT INTO `sys_role_menu` VALUES (2, 2044);
INSERT INTO `sys_role_menu` VALUES (2, 2045);
INSERT INTO `sys_role_menu` VALUES (2, 2046);
INSERT INTO `sys_role_menu` VALUES (2, 2047);
INSERT INTO `sys_role_menu` VALUES (2, 2048);
INSERT INTO `sys_role_menu` VALUES (2, 2049);
INSERT INTO `sys_role_menu` VALUES (2, 2050);
INSERT INTO `sys_role_menu` VALUES (2, 2051);
INSERT INTO `sys_role_menu` VALUES (2, 2060);
INSERT INTO `sys_role_menu` VALUES (2, 2061);
INSERT INTO `sys_role_menu` VALUES (2, 2062);
INSERT INTO `sys_role_menu` VALUES (2, 2063);
INSERT INTO `sys_role_menu` VALUES (2, 2064);
INSERT INTO `sys_role_menu` VALUES (2, 2065);
INSERT INTO `sys_role_menu` VALUES (2, 2066);
INSERT INTO `sys_role_menu` VALUES (2, 2067);
INSERT INTO `sys_role_menu` VALUES (2, 2068);
INSERT INTO `sys_role_menu` VALUES (2, 2069);
INSERT INTO `sys_role_menu` VALUES (2, 2070);
INSERT INTO `sys_role_menu` VALUES (2, 2071);
INSERT INTO `sys_role_menu` VALUES (2, 2072);
INSERT INTO `sys_role_menu` VALUES (100, 1);
INSERT INTO `sys_role_menu` VALUES (100, 100);
INSERT INTO `sys_role_menu` VALUES (100, 101);
INSERT INTO `sys_role_menu` VALUES (100, 102);
INSERT INTO `sys_role_menu` VALUES (100, 103);
INSERT INTO `sys_role_menu` VALUES (100, 104);
INSERT INTO `sys_role_menu` VALUES (100, 105);
INSERT INTO `sys_role_menu` VALUES (100, 106);
INSERT INTO `sys_role_menu` VALUES (100, 107);
INSERT INTO `sys_role_menu` VALUES (100, 108);
INSERT INTO `sys_role_menu` VALUES (100, 500);
INSERT INTO `sys_role_menu` VALUES (100, 501);
INSERT INTO `sys_role_menu` VALUES (100, 1001);
INSERT INTO `sys_role_menu` VALUES (100, 1002);
INSERT INTO `sys_role_menu` VALUES (100, 1003);
INSERT INTO `sys_role_menu` VALUES (100, 1004);
INSERT INTO `sys_role_menu` VALUES (100, 1005);
INSERT INTO `sys_role_menu` VALUES (100, 1006);
INSERT INTO `sys_role_menu` VALUES (100, 1007);
INSERT INTO `sys_role_menu` VALUES (100, 1008);
INSERT INTO `sys_role_menu` VALUES (100, 1009);
INSERT INTO `sys_role_menu` VALUES (100, 1010);
INSERT INTO `sys_role_menu` VALUES (100, 1011);
INSERT INTO `sys_role_menu` VALUES (100, 1012);
INSERT INTO `sys_role_menu` VALUES (100, 1013);
INSERT INTO `sys_role_menu` VALUES (100, 1014);
INSERT INTO `sys_role_menu` VALUES (100, 1015);
INSERT INTO `sys_role_menu` VALUES (100, 1016);
INSERT INTO `sys_role_menu` VALUES (100, 1017);
INSERT INTO `sys_role_menu` VALUES (100, 1018);
INSERT INTO `sys_role_menu` VALUES (100, 1019);
INSERT INTO `sys_role_menu` VALUES (100, 1020);
INSERT INTO `sys_role_menu` VALUES (100, 1021);
INSERT INTO `sys_role_menu` VALUES (100, 1022);
INSERT INTO `sys_role_menu` VALUES (100, 1023);
INSERT INTO `sys_role_menu` VALUES (100, 1024);
INSERT INTO `sys_role_menu` VALUES (100, 1025);
INSERT INTO `sys_role_menu` VALUES (100, 1026);
INSERT INTO `sys_role_menu` VALUES (100, 1027);
INSERT INTO `sys_role_menu` VALUES (100, 1028);
INSERT INTO `sys_role_menu` VALUES (100, 1029);
INSERT INTO `sys_role_menu` VALUES (100, 1030);
INSERT INTO `sys_role_menu` VALUES (100, 1031);
INSERT INTO `sys_role_menu` VALUES (100, 1032);
INSERT INTO `sys_role_menu` VALUES (100, 1033);
INSERT INTO `sys_role_menu` VALUES (100, 1034);
INSERT INTO `sys_role_menu` VALUES (100, 1035);
INSERT INTO `sys_role_menu` VALUES (100, 1036);
INSERT INTO `sys_role_menu` VALUES (100, 1037);
INSERT INTO `sys_role_menu` VALUES (100, 1038);
INSERT INTO `sys_role_menu` VALUES (100, 1039);
INSERT INTO `sys_role_menu` VALUES (100, 1040);
INSERT INTO `sys_role_menu` VALUES (100, 1041);
INSERT INTO `sys_role_menu` VALUES (100, 1042);
INSERT INTO `sys_role_menu` VALUES (100, 1043);
INSERT INTO `sys_role_menu` VALUES (100, 1044);
INSERT INTO `sys_role_menu` VALUES (100, 1045);
INSERT INTO `sys_role_menu` VALUES (100, 2033);
INSERT INTO `sys_role_menu` VALUES (100, 2034);
INSERT INTO `sys_role_menu` VALUES (100, 2035);
INSERT INTO `sys_role_menu` VALUES (100, 2036);
INSERT INTO `sys_role_menu` VALUES (100, 2037);
INSERT INTO `sys_role_menu` VALUES (100, 2038);
INSERT INTO `sys_role_menu` VALUES (100, 2044);
INSERT INTO `sys_role_menu` VALUES (100, 2045);
INSERT INTO `sys_role_menu` VALUES (100, 2046);
INSERT INTO `sys_role_menu` VALUES (100, 2047);
INSERT INTO `sys_role_menu` VALUES (100, 2048);
INSERT INTO `sys_role_menu` VALUES (100, 2049);
INSERT INTO `sys_role_menu` VALUES (100, 2050);
INSERT INTO `sys_role_menu` VALUES (100, 2051);
INSERT INTO `sys_role_menu` VALUES (100, 2060);
INSERT INTO `sys_role_menu` VALUES (100, 2061);
INSERT INTO `sys_role_menu` VALUES (100, 2062);
INSERT INTO `sys_role_menu` VALUES (100, 2063);
INSERT INTO `sys_role_menu` VALUES (100, 2064);
INSERT INTO `sys_role_menu` VALUES (100, 2065);
INSERT INTO `sys_role_menu` VALUES (100, 2066);
INSERT INTO `sys_role_menu` VALUES (100, 2067);
INSERT INTO `sys_role_menu` VALUES (100, 2068);
INSERT INTO `sys_role_menu` VALUES (100, 2069);
INSERT INTO `sys_role_menu` VALUES (100, 2070);
INSERT INTO `sys_role_menu` VALUES (100, 2071);
INSERT INTO `sys_role_menu` VALUES (100, 2072);
INSERT INTO `sys_role_menu` VALUES (100, 2073);

-- ----------------------------
-- Table structure for sys_user
-- ----------------------------
DROP TABLE IF EXISTS `sys_user`;
CREATE TABLE `sys_user`  (
  `user_id` bigint(20) NOT NULL AUTO_INCREMENT COMMENT '用户ID',
  `dept_id` bigint(20) NULL DEFAULT NULL COMMENT '部门ID',
  `user_name` varchar(30) CHARACTER SET utf8mb4 COLLATE utf8mb4_general_ci NOT NULL COMMENT '用户账号',
  `nick_name` varchar(30) CHARACTER SET utf8mb4 COLLATE utf8mb4_general_ci NOT NULL COMMENT '用户昵称',
  `user_type` varchar(2) CHARACTER SET utf8mb4 COLLATE utf8mb4_general_ci NULL DEFAULT '00' COMMENT '用户类型（00系统用户）',
  `email` varchar(50) CHARACTER SET utf8mb4 COLLATE utf8mb4_general_ci NULL DEFAULT '' COMMENT '用户邮箱',
  `phonenumber` varchar(11) CHARACTER SET utf8mb4 COLLATE utf8mb4_general_ci NULL DEFAULT '' COMMENT '手机号码',
  `sex` char(1) CHARACTER SET utf8mb4 COLLATE utf8mb4_general_ci NULL DEFAULT '0' COMMENT '用户性别（0男 1女 2未知）',
  `avatar` varchar(100) CHARACTER SET utf8mb4 COLLATE utf8mb4_general_ci NULL DEFAULT '' COMMENT '头像地址',
  `password` varchar(100) CHARACTER SET utf8mb4 COLLATE utf8mb4_general_ci NULL DEFAULT '' COMMENT '密码',
  `status` char(1) CHARACTER SET utf8mb4 COLLATE utf8mb4_general_ci NULL DEFAULT '0' COMMENT '帐号状态（0正常 1停用）',
  `del_flag` char(1) CHARACTER SET utf8mb4 COLLATE utf8mb4_general_ci NULL DEFAULT '0' COMMENT '删除标志（0代表存在 2代表删除）',
  `login_ip` varchar(50) CHARACTER SET utf8mb4 COLLATE utf8mb4_general_ci NULL DEFAULT '' COMMENT '最后登录IP',
  `login_date` datetime NULL DEFAULT NULL COMMENT '最后登录时间',
  `create_by` varchar(64) CHARACTER SET utf8mb4 COLLATE utf8mb4_general_ci NULL DEFAULT '' COMMENT '创建者',
  `create_time` datetime NULL DEFAULT NULL COMMENT '创建时间',
  `update_by` varchar(64) CHARACTER SET utf8mb4 COLLATE utf8mb4_general_ci NULL DEFAULT '' COMMENT '更新者',
  `update_time` datetime NULL DEFAULT NULL COMMENT '更新时间',
  `remark` varchar(500) CHARACTER SET utf8mb4 COLLATE utf8mb4_general_ci NULL DEFAULT NULL COMMENT '备注',
  PRIMARY KEY (`user_id`) USING BTREE
) ENGINE = InnoDB AUTO_INCREMENT = 105 CHARACTER SET = utf8mb4 COLLATE = utf8mb4_general_ci COMMENT = '用户信息表' ROW_FORMAT = DYNAMIC;

-- ----------------------------
-- Records of sys_user
-- ----------------------------
INSERT INTO `sys_user` VALUES (1, 103, 'admin', 'admin', '00', 'admin@163.com', '15888888888', '0', 'http://43.139.174.204:8081/profile/avatar/2023/10/24/4e5f45bb-a299-4cc9-a8e4-d8c4af127b22.jpeg', '$2a$10$KTBu09ed743F.IS1Y5TCluX8Jg17xnef5VBwDHjoi.MsgpU.fsQQa', '0', '0', '127.0.0.1', '2021-01-14 15:39:13', 'admin', '2021-01-14 15:39:13', '', '2023-10-24 10:39:12', '管理员');
INSERT INTO `sys_user` VALUES (103, 104, 'agency', 'agency', '00', 'shadow@163.com', '18066758645', '0', '', '$2a$10$T0wr1qtA/3NVWGzt5sJtM.PRRCVzTmmq5OHHJPKT2Hp017jq.Jhsm', '0', '0', '', NULL, 'admin', '2023-10-24 10:54:19', '', NULL, NULL);
INSERT INTO `sys_user` VALUES (104, 100, '叶乐乐007', '叶乐乐', '00', 'yelele1227@163.com', '17857403578', '0', '', '$2a$10$S4FEpXMYOwxIGpns8L9ffO59oNvymuyXUujVxK.teTb.ugemQcr3W', '0', '0', '', NULL, 'admin', '2023-10-24 10:55:50', '', NULL, NULL);

-- ----------------------------
-- Table structure for sys_user_post
-- ----------------------------
DROP TABLE IF EXISTS `sys_user_post`;
CREATE TABLE `sys_user_post`  (
  `user_id` bigint(20) NOT NULL COMMENT '用户ID',
  `post_id` bigint(20) NOT NULL COMMENT '岗位ID',
  PRIMARY KEY (`user_id`, `post_id`) USING BTREE
) ENGINE = InnoDB CHARACTER SET = utf8mb4 COLLATE = utf8mb4_general_ci COMMENT = '用户与岗位关联表' ROW_FORMAT = DYNAMIC;

-- ----------------------------
-- Records of sys_user_post
-- ----------------------------
INSERT INTO `sys_user_post` VALUES (1, 1);
INSERT INTO `sys_user_post` VALUES (103, 4);

-- ----------------------------
-- Table structure for sys_user_role
-- ----------------------------
DROP TABLE IF EXISTS `sys_user_role`;
CREATE TABLE `sys_user_role`  (
  `user_id` bigint(20) NOT NULL COMMENT '用户ID',
  `role_id` bigint(20) NOT NULL COMMENT '角色ID',
  PRIMARY KEY (`user_id`, `role_id`) USING BTREE
) ENGINE = InnoDB CHARACTER SET = utf8mb4 COLLATE = utf8mb4_general_ci COMMENT = '用户和角色关联表' ROW_FORMAT = DYNAMIC;

-- ----------------------------
-- Records of sys_user_role
-- ----------------------------
INSERT INTO `sys_user_role` VALUES (1, 1);
INSERT INTO `sys_user_role` VALUES (103, 100);
INSERT INTO `sys_user_role` VALUES (104, 2);

-- ----------------------------
-- Table structure for user_address
-- ----------------------------
DROP TABLE IF EXISTS `user_address`;
CREATE TABLE `user_address`  (
  `id` varchar(32) CHARACTER SET utf8mb4 COLLATE utf8mb4_general_ci NOT NULL COMMENT 'PK',
  `del_flag` char(2) CHARACTER SET utf8mb4 COLLATE utf8mb4_general_ci NOT NULL DEFAULT '0' COMMENT '逻辑删除标记（0：显示；1：隐藏）',
  `create_time` datetime NOT NULL DEFAULT CURRENT_TIMESTAMP COMMENT '创建时间',
  `update_time` timestamp NOT NULL DEFAULT CURRENT_TIMESTAMP ON UPDATE CURRENT_TIMESTAMP COMMENT '最后更新时间',
  `user_id` varchar(32) CHARACTER SET utf8mb4 COLLATE utf8mb4_general_ci NOT NULL COMMENT '用户编号',
  `user_name` varchar(50) CHARACTER SET utf8mb4 COLLATE utf8mb4_general_ci NULL DEFAULT NULL COMMENT '收货人名字',
  `postal_code` varchar(50) CHARACTER SET utf8mb4 COLLATE utf8mb4_general_ci NULL DEFAULT NULL COMMENT '邮编',
  `province_name` varchar(50) CHARACTER SET utf8mb4 COLLATE utf8mb4_general_ci NULL DEFAULT NULL COMMENT '省名',
  `city_name` varchar(50) CHARACTER SET utf8mb4 COLLATE utf8mb4_general_ci NULL DEFAULT NULL COMMENT '市名',
  `county_name` varchar(50) CHARACTER SET utf8mb4 COLLATE utf8mb4_general_ci NULL DEFAULT NULL COMMENT '区名',
  `detail_info` varchar(50) CHARACTER SET utf8mb4 COLLATE utf8mb4_general_ci NULL DEFAULT NULL COMMENT '详情地址',
  `tel_num` varchar(50) CHARACTER SET utf8mb4 COLLATE utf8mb4_general_ci NULL DEFAULT NULL COMMENT '电话号码',
  `is_default` char(2) CHARACTER SET utf8mb4 COLLATE utf8mb4_general_ci NULL DEFAULT NULL COMMENT '是否默认 1是0否',
  PRIMARY KEY (`id`) USING BTREE
) ENGINE = InnoDB CHARACTER SET = utf8mb4 COLLATE = utf8mb4_general_ci COMMENT = '用户地址' ROW_FORMAT = DYNAMIC;

-- ----------------------------
-- Records of user_address
-- ----------------------------
INSERT INTO `user_address` VALUES ('1354441894547988481', '0', '2021-01-27 22:51:26', '2021-01-27 22:51:26', '1352168072700571649', '张三', NULL, '广东省', '广州市', '海珠区', '新港中路397号', '18602513214', '1');
INSERT INTO `user_address` VALUES ('1354474056307511297', '0', '2021-01-28 00:59:14', '2021-01-28 00:59:14', '1354473059078176770', '张三', NULL, '广东省', '广州市', '海珠区', '新港中路397号', '18563265321', '1');
INSERT INTO `user_address` VALUES ('1355417330850476033', '0', '2021-01-30 15:27:29', '2021-01-30 15:27:29', '1355406809988345857', '张三', NULL, '北京市', '北京市', '东城区', '大冲地铁口', '15580802543', '1');
INSERT INTO `user_address` VALUES ('1703977800445005826', '0', '2023-09-19 11:42:20', '2023-09-19 11:42:20', '1698588923672735746', '刘潇', NULL, '浙江省', '杭州市', '上城区', '909', '18066758645', '1');
INSERT INTO `user_address` VALUES ('1706282879484436481', '0', '2023-09-25 20:21:54', '2023-09-25 20:21:54', '1706250470386835458', '要', NULL, '浙江省', '杭州市', '上城区', '701', '18066758645', NULL);
INSERT INTO `user_address` VALUES ('1712762552561291266', '0', '2023-10-13 17:29:48', '2023-10-13 17:29:48', '1698588923672735746', '刘啸', NULL, '上海市', '上海市', '黄浦区', '测试地址', '18066758645', NULL);
INSERT INTO `user_address` VALUES ('1712763012265398273', '0', '2023-10-13 17:31:38', '2023-10-13 17:31:38', '1712762826017329154', '要', NULL, '北京市', '北京市', '东城区', '测试地址2', '18066758645', NULL);
INSERT INTO `user_address` VALUES ('1714459325281452033', '0', '2023-10-18 09:52:10', '2023-10-18 09:52:10', '1714459100944908289', '戴浩', NULL, '浙江省', '宁波市', '鄞州区', '鄞州大道新中宇维萨公馆3栋502', '17857025870', NULL);
INSERT INTO `user_address` VALUES ('1716646069707849730', '0', '2023-10-24 10:41:31', '2023-10-24 10:41:31', '1716645832104722434', '叶乐乐', NULL, '浙江省', '杭州市', '余杭区', '青枫墅园', '17857403578', NULL);
INSERT INTO `user_address` VALUES ('1726492949744828418', '0', '2023-11-20 14:49:30', '2023-11-20 14:49:30', '1717007070651334658', '张三', NULL, '广东省', '广州市', '海珠区', '新港中路397号', '18081167888', NULL);

-- ----------------------------
-- Table structure for warehouse
-- ----------------------------
DROP TABLE IF EXISTS `warehouse`;
CREATE TABLE `warehouse`  (
  `id` int(11) NOT NULL,
  `warehouse_warrant_number` varchar(50) CHARACTER SET utf8mb4 COLLATE utf8mb4_general_ci NOT NULL COMMENT '入库单号',
  `client_id` int(11) NOT NULL COMMENT '客户id',
  `tracking_number` varchar(50) CHARACTER SET utf8mb4 COLLATE utf8mb4_general_ci NOT NULL COMMENT '追踪号',
  `warehouse` varchar(255) CHARACTER SET utf8mb4 COLLATE utf8mb4_general_ci NOT NULL COMMENT '仓库名称',
  `warehouse
_id` int(11) NOT NULL COMMENT '仓库id',
  `shipping_type` int(1) NOT NULL COMMENT '运输方式',
  `sku_amount` int(11) NOT NULL COMMENT 'SKU数量',
  `reservation_warehouse_amount` int(11) NOT NULL COMMENT '预约到仓数量',
  `grounding_amount` int(11) NULL DEFAULT 0 COMMENT '已上架数量',
  `qualified_amount` int(11) NULL DEFAULT 0 COMMENT '合格的数量',
  `unqualified_amount` int(11) NULL DEFAULT NULL COMMENT '不合格的数量',
  `carton_amount` int(11) NOT NULL COMMENT '箱数',
  `state` int(1) NOT NULL COMMENT '状态',
  `create_time` datetime NOT NULL COMMENT '创建时间',
  `estimated_arrival_time` datetime NOT NULL COMMENT '预计到仓时间',
  `remark` varchar(255) CHARACTER SET utf8mb4 COLLATE utf8mb4_general_ci NULL DEFAULT NULL COMMENT '备注',
  PRIMARY KEY (`id`) USING BTREE
) ENGINE = InnoDB CHARACTER SET = utf8mb4 COLLATE = utf8mb4_general_ci ROW_FORMAT = Dynamic;

-- ----------------------------
-- Records of warehouse
-- ----------------------------

-- ----------------------------
-- Table structure for wx_user
-- ----------------------------
DROP TABLE IF EXISTS `wx_user`;
CREATE TABLE `wx_user`  (
  `id` varchar(32) CHARACTER SET utf8mb4 COLLATE utf8mb4_general_ci NOT NULL DEFAULT '' COMMENT '主键',
  `create_id` varchar(32) CHARACTER SET utf8mb4 COLLATE utf8mb4_general_ci NULL DEFAULT NULL COMMENT '创建者',
  `create_time` datetime NULL DEFAULT CURRENT_TIMESTAMP COMMENT '创建时间',
  `update_id` varchar(32) CHARACTER SET utf8mb4 COLLATE utf8mb4_general_ci NULL DEFAULT NULL COMMENT '更新者',
  `update_time` datetime NULL DEFAULT NULL ON UPDATE CURRENT_TIMESTAMP COMMENT '更新时间',
  `remark` varchar(100) CHARACTER SET utf8mb4 COLLATE utf8mb4_general_ci NULL DEFAULT NULL COMMENT '用户备注',
  `del_flag` char(2) CHARACTER SET utf8mb4 COLLATE utf8mb4_general_ci NULL DEFAULT '0' COMMENT '逻辑删除标记（0：显示；1：隐藏）',
  `app_type` char(2) CHARACTER SET utf8mb4 COLLATE utf8mb4_general_ci NULL DEFAULT NULL COMMENT '应用类型(1:小程序，2:公众号)',
  `subscribe` char(2) CHARACTER SET utf8mb4 COLLATE utf8mb4_general_ci NULL DEFAULT NULL COMMENT '是否订阅（1：是；0：否；2：网页授权用户）',
  `subscribe_scene` varchar(50) CHARACTER SET utf8mb4 COLLATE utf8mb4_general_ci NULL DEFAULT NULL COMMENT '返回用户关注的渠道来源，ADD_SCENE_SEARCH 公众号搜索，ADD_SCENE_ACCOUNT_MIGRATION 公众号迁移，ADD_SCENE_PROFILE_CARD 名片分享，ADD_SCENE_QR_CODE 扫描二维码，ADD_SCENEPROFILE LINK 图文页内名称点击，ADD_SCENE_PROFILE_ITEM 图文页右上角菜单，ADD_SCENE_PAID 支付后关注，ADD_SCENE_OTHERS 其他',
  `subscribe_time` datetime NULL DEFAULT NULL COMMENT '关注时间',
  `subscribe_num` int(11) NULL DEFAULT NULL COMMENT '关注次数',
  `cancel_subscribe_time` datetime NULL DEFAULT NULL COMMENT '取消关注时间',
  `open_id` varchar(64) CHARACTER SET utf8mb4 COLLATE utf8mb4_general_ci NOT NULL COMMENT '用户标识',
  `nick_name` varchar(200) CHARACTER SET utf8mb4 COLLATE utf8mb4_general_ci NULL DEFAULT NULL COMMENT '昵称',
  `sex` char(2) CHARACTER SET utf8mb4 COLLATE utf8mb4_general_ci NULL DEFAULT NULL COMMENT '性别（1：男，2：女，0：未知）',
  `city` varchar(64) CHARACTER SET utf8mb4 COLLATE utf8mb4_general_ci NULL DEFAULT NULL COMMENT '所在城市',
  `country` varchar(64) CHARACTER SET utf8mb4 COLLATE utf8mb4_general_ci NULL DEFAULT NULL COMMENT '所在国家',
  `province` varchar(64) CHARACTER SET utf8mb4 COLLATE utf8mb4_general_ci NULL DEFAULT NULL COMMENT '所在省份',
  `phone` varchar(15) CHARACTER SET utf8mb4 COLLATE utf8mb4_general_ci NULL DEFAULT NULL COMMENT '手机号码',
  `language` varchar(64) CHARACTER SET utf8mb4 COLLATE utf8mb4_general_ci NULL DEFAULT NULL COMMENT '用户语言',
  `headimg_url` varchar(1000) CHARACTER SET utf8mb4 COLLATE utf8mb4_general_ci NULL DEFAULT NULL COMMENT '头像',
  `union_id` varchar(64) CHARACTER SET utf8mb4 COLLATE utf8mb4_general_ci NULL DEFAULT NULL COMMENT 'union_id',
  `group_type` int(11) NULL DEFAULT 0 COMMENT '用户类型（0：商户组，1：运营组）',
  `tagid_list` varchar(64) CHARACTER SET utf8mb4 COLLATE utf8mb4_general_ci NULL DEFAULT NULL COMMENT '标签列表',
  `qr_scene_str` varchar(64) CHARACTER SET utf8mb4 COLLATE utf8mb4_general_ci NULL DEFAULT NULL COMMENT '二维码扫码场景',
  `latitude` double NULL DEFAULT NULL COMMENT '地理位置纬度',
  `longitude` double NULL DEFAULT NULL COMMENT '地理位置经度',
  `precision` double NULL DEFAULT NULL COMMENT '地理位置精度',
  `session_key` varchar(200) CHARACTER SET utf8mb4 COLLATE utf8mb4_general_ci NULL DEFAULT NULL COMMENT '会话密钥',
  PRIMARY KEY (`id`) USING BTREE,
  UNIQUE INDEX `uk_openid`(`open_id`) USING BTREE
) ENGINE = InnoDB CHARACTER SET = utf8mb4 COLLATE = utf8mb4_general_ci COMMENT = '微信用户' ROW_FORMAT = DYNAMIC;

-- ----------------------------
-- Records of wx_user
-- ----------------------------
INSERT INTO `wx_user` VALUES ('1714534003761070081', NULL, '2023-10-18 14:48:55', NULL, '2023-10-18 14:49:35', NULL, '0', '1', NULL, NULL, NULL, NULL, NULL, 'oNXCT66YCtXjH6v5bKU7NZzwFKYo', 'RY', NULL, NULL, NULL, NULL, NULL, NULL, 'wxfile://tmp_193781a6fbf6d8f2282a9403c0497dfe61b790a96026d95f.jpg', NULL, 0, NULL, NULL, NULL, NULL, NULL, 'JFm1+X5Mcuy/As67YG0fPg==');
INSERT INTO `wx_user` VALUES ('1715190026175889410', NULL, '2023-10-20 10:15:43', NULL, '2023-10-20 10:23:12', NULL, '0', '1', NULL, NULL, NULL, NULL, NULL, 'oNXCT639XthFzuYJeKVyvFM8unWo', '。。。', NULL, NULL, NULL, NULL, NULL, NULL, 'https://mmbiz.qpic.cn/mmbiz/icTdbqWNOwNRna42FI242Lcia07jQodd2FJGIYQfG0LAJGFxM4FbnQP6yfMxBgJ0F3YRqJCJ1aPAK2dQagdusBZg/0', NULL, 0, NULL, NULL, NULL, NULL, NULL, 'JuNcu5605IfO2ttf760agQ==');
INSERT INTO `wx_user` VALUES ('1715217032905080833', NULL, '2023-10-20 12:03:02', NULL, '2023-10-20 12:04:25', NULL, '0', '1', NULL, NULL, NULL, NULL, NULL, 'oNXCT63jwT7XmxZQai2TyyurZBwY', '周子', NULL, NULL, NULL, NULL, NULL, NULL, 'wxfile://tmp_ca8cec091017e670060e0b3558dc4ffc40f18639385ac3c5.jpg', NULL, 1, NULL, NULL, NULL, NULL, NULL, 'KWn8J9Vr77nptsPKZfdUhQ==');
INSERT INTO `wx_user` VALUES ('1715244484301799426', NULL, '2023-10-20 13:52:07', NULL, '2023-10-20 13:52:18', NULL, '0', '1', NULL, NULL, NULL, NULL, NULL, 'oNXCT6_djJ06L9uJOa7mq6OdLReA', '谢景超', NULL, NULL, NULL, NULL, NULL, NULL, 'wxfile://tmp_fe88ee3415bbebc1d58464d99948313e46831480583d8e47.jpg', NULL, 0, NULL, NULL, NULL, NULL, NULL, 'BNzBsZ6kXtiVO1MRGVrI4g==');
INSERT INTO `wx_user` VALUES ('1716645832104722434', NULL, '2023-10-24 10:40:34', NULL, '2023-10-24 10:40:44', NULL, '0', '1', NULL, NULL, NULL, NULL, NULL, 'oNXCT67boXtLPDMAeqqhm9lt3XN8', 'Jones', NULL, NULL, NULL, NULL, NULL, NULL, 'wxfile://tmp_b07c4e6bd156f8f5039a1b9efde8218ca43b321236cc4923.jpg', NULL, 0, NULL, NULL, NULL, NULL, NULL, '5tl6Px+EF+bNDdpfnJt5uw==');
INSERT INTO `wx_user` VALUES ('1717007070651334658', NULL, '2023-10-25 10:36:00', NULL, '2024-01-03 11:10:56', NULL, '0', '1', NULL, NULL, NULL, NULL, NULL, 'oNXCT6weD4gStQlvNyT21JVqA-74', 'shadowBug', NULL, NULL, NULL, NULL, NULL, NULL, 'wxfile://tmp_c8fb7cdbdb193569905f62838648c94cc6132d1f517dc2c2.jpg', NULL, 1, '[]', NULL, NULL, NULL, NULL, '2z3qm4nxaIRmonBzKoR87g==');
INSERT INTO `wx_user` VALUES ('1760226251773112321', NULL, '2024-02-21 16:53:36', NULL, NULL, NULL, '0', '1', NULL, NULL, NULL, NULL, NULL, 'oNXCT64EETUoMh8CJbNYLQl3Ma68', NULL, NULL, NULL, NULL, NULL, NULL, NULL, NULL, NULL, 0, NULL, NULL, NULL, NULL, NULL, 'vWOcibPCPE3/GzCH/nGZqQ==');
INSERT INTO `wx_user` VALUES ('1760226251877969922', NULL, '2024-02-21 16:53:36', NULL, NULL, NULL, '0', '1', NULL, NULL, NULL, NULL, NULL, 'oNXCT6yRsMpnLP0ruy3kKSXeWhB4', NULL, NULL, NULL, NULL, NULL, NULL, NULL, NULL, NULL, 0, NULL, NULL, NULL, NULL, NULL, 'KWyBWVvpqA+u8WHDlMy1tg==');
INSERT INTO `wx_user` VALUES ('1760226252058324993', NULL, '2024-02-21 16:53:36', NULL, NULL, NULL, '0', '1', NULL, NULL, NULL, NULL, NULL, 'oNXCT6_DOxJ9QcJ9vxKe2sPe2rpk', NULL, NULL, NULL, NULL, NULL, NULL, NULL, NULL, NULL, 0, NULL, NULL, NULL, NULL, NULL, 'NzEWYgEDiEALLM2N0D0MVQ==');
INSERT INTO `wx_user` VALUES ('1760233534364119042', NULL, '2024-02-21 17:22:32', NULL, NULL, NULL, '0', '1', NULL, NULL, NULL, NULL, NULL, 'oNXCT6_6n0TSq--q4kWIDcEhBvuM', NULL, NULL, NULL, NULL, NULL, NULL, NULL, NULL, NULL, 0, NULL, NULL, NULL, NULL, NULL, '6zdhkVEFc8j14lObZOhPAA==');
INSERT INTO `wx_user` VALUES ('1760233536759066626', NULL, '2024-02-21 17:22:33', NULL, NULL, NULL, '0', '1', NULL, NULL, NULL, NULL, NULL, 'oNXCT6yy8xSEb2eEO3ZFCbJYWQ4c', NULL, NULL, NULL, NULL, NULL, NULL, NULL, NULL, NULL, 0, NULL, NULL, NULL, NULL, NULL, 'DGcxjwmHoAhJOgWIxU9Rxg==');
INSERT INTO `wx_user` VALUES ('1815573554234716162', NULL, '2024-07-23 10:24:01', NULL, NULL, NULL, '0', '1', NULL, NULL, NULL, NULL, NULL, 'oNXCT66x_fS-1xDBu7nTxFdDcBzc', NULL, NULL, NULL, NULL, NULL, NULL, NULL, NULL, NULL, 0, NULL, NULL, NULL, NULL, NULL, 'LXfqK+qItZaI/aFgfLQP8g==');

SET FOREIGN_KEY_CHECKS = 1;
